ISO-10303-21;
HEADER;
FILE_DESCRIPTION(('ViewDefinition [CoordinationView_V2.0, QuantityTakeOffAddOnView]','RevitIdentifiers [ContentGUID: 5903924e-ef9c-49ed-a391-d6ae9e8ad0af, VersionGUID: 766ced62-e162-451b-acdf-3b64b87d8440, NumberOfSaves: 1]','CoordinateReference [CoordinateBase: Coordenadas compartidas, ProjectSite: Emplazamiento por defecto]'),'2;1');
FILE_NAME('Casa.ifc','2026-06-12T19:48:45-04:00',(''),(''),'ODA SDAI 24.12','Autodesk Revit 25.4.30.30 (ESP) - IFC 25.4.30.30','');
FILE_SCHEMA(('IFC2X3'));
ENDSEC;

DATA;
#1=IFCORGANIZATION($,'Autodesk Revit 2025 (ESP)',$,$,$);
#2=IFCAPPLICATION(#1,'2025','Autodesk Revit 2025 (ESP)','Revit');
#3=IFCCARTESIANPOINT((0.,0.,0.));
#4=IFCCARTESIANPOINT((0.,0.));
#5=IFCDIRECTION((1.,0.,0.));
#6=IFCDIRECTION((-1.,0.,0.));
#7=IFCDIRECTION((0.,1.,0.));
#8=IFCDIRECTION((0.,-1.,0.));
#9=IFCDIRECTION((0.,0.,1.));
#10=IFCDIRECTION((0.,0.,-1.));
#11=IFCDIRECTION((1.,0.));
#12=IFCDIRECTION((-1.,0.));
#13=IFCDIRECTION((0.,1.));
#14=IFCDIRECTION((0.,-1.));
#15=IFCPERSON($,'','safejrp1995',$,$,$,$,$);
#16=IFCORGANIZATION($,'','',$,$);
#17=IFCPERSONANDORGANIZATION(#15,#16,$);
#18=IFCOWNERHISTORY(#17,#2,$,.NOCHANGE.,$,$,$,1781306659);
#19=IFCSIUNIT(*,.LENGTHUNIT.,$,.METRE.);
#20=IFCSIUNIT(*,.AREAUNIT.,$,.SQUARE_METRE.);
#21=IFCSIUNIT(*,.VOLUMEUNIT.,$,.CUBIC_METRE.);
#22=IFCAXIS2PLACEMENT3D(#3,$,$);
#23=IFCDIRECTION((6.123233995736766E-017,1.));
#24=IFCGEOMETRICREPRESENTATIONCONTEXT($,'Model',3,1.0000000000000001E-005,#22,#23);
#25=IFCGEOMETRICREPRESENTATIONSUBCONTEXT('Axis','Model',*,*,*,*,#24,$,.GRAPH_VIEW.,$);
#26=IFCGEOMETRICREPRESENTATIONSUBCONTEXT('Body','Model',*,*,*,*,#24,$,.MODEL_VIEW.,$);
#27=IFCGEOMETRICREPRESENTATIONSUBCONTEXT('Box','Model',*,*,*,*,#24,$,.MODEL_VIEW.,$);
#28=IFCGEOMETRICREPRESENTATIONSUBCONTEXT('FootPrint','Model',*,*,*,*,#24,$,.MODEL_VIEW.,$);
#29=IFCPROJECT('1P0v9Exvn9xQEHrgvXTIzV',#18,'0001',$,$,'Nombre de proyecto','Estado de proyecto',(#24),#4855);
#30=IFCCLASSIFICATION('CSI (Construction Specifications Institute)','1998',$,'Uniformat');
#31=IFCAXIS2PLACEMENT3D(#3,$,$);
#32=IFCLOCALPLACEMENT(#43,#31);
#33=IFCPOSTALADDRESS($,$,$,$,('Introduzca direcci\X\F3n aqu\X\ED'),$,'','Madrid','','Espa\X\F1a');
#34=IFCBUILDING('1P0v9Exvn9xQEHrgvXTIzU',#18,'',$,$,#32,$,'',.ELEMENT.,$,$,#33);
#35=IFCAXIS2PLACEMENT3D(#3,$,$);
#36=IFCLOCALPLACEMENT(#32,#35);
#37=IFCBUILDINGSTOREY('3Aw$FV5MbAufEo59pkoNgA',#18,'Nivel 1',$,'Nivel:Extremo inicial 8 mm',#36,$,'Nivel 1',.ELEMENT.,0.);
#38=IFCCARTESIANPOINT((0.,0.,2.4419999999999877));
#39=IFCAXIS2PLACEMENT3D(#38,$,$);
#40=IFCLOCALPLACEMENT(#32,#39);
#41=IFCBUILDINGSTOREY('3kSL0VGKv3gxJCujeqtuJj',#18,'Nivel 2',$,'Nivel:Extremo inicial 8 mm',#40,$,'Nivel 2',.ELEMENT.,2.4419999999999877);
#42=IFCAXIS2PLACEMENT3D(#3,$,$);
#43=IFCLOCALPLACEMENT($,#42);
#44=IFCSITE('1P0v9Exvn9xQEHrgvXTIzT',#18,'Default',$,$,#43,$,$,.ELEMENT.,(40,24,0,5493),(-3,-40,-59,-880065),0.,$,$);
#45=IFCPROPERTYSINGLEVALUE('Categor\X\EDa',$,IFCLABEL('Informaci\X\F3n de proyecto'),$);
#46=IFCPROPERTYSINGLEVALUE('Direcci\X\F3n de proyecto',$,IFCTEXT('Introduzca direcci\X\F3n aqu\X\ED'),$);
#47=IFCPROPERTYSINGLEVALUE('Estado de proyecto',$,IFCTEXT('Estado de proyecto'),$);
#48=IFCPROPERTYSINGLEVALUE('Fecha de emisi\X\F3n de proyecto',$,IFCTEXT('Fecha de emisi\X\F3n'),$);
#49=IFCPROPERTYSINGLEVALUE('Nombre de cliente',$,IFCTEXT('Propietario'),$);
#50=IFCPROPERTYSINGLEVALUE('Nombre de proyecto',$,IFCTEXT('Nombre de proyecto'),$);
#51=IFCPROPERTYSINGLEVALUE('N\X\FAmero de proyecto',$,IFCTEXT('0001'),$);
#52=IFCPROPERTYSET('1aE0SNsJXXr$QUAf2W$OIv',#18,'Otros',$,(#45,#46,#47,#48,#49,#50,#51));
#53=IFCCARTESIANPOINT((-0.010000000007101335,-0.074999999999720901,0.));
#54=IFCAXIS2PLACEMENT3D(#53,#9,#7);
#55=IFCLOCALPLACEMENT(#36,#54);
#56=IFCCARTESIANPOINT((7.2083000000036499,0.));
#57=IFCPOLYLINE((#4,#56));
#58=IFCSHAPEREPRESENTATION(#25,'Axis','Curve2D',(#57));
#59=IFCPRODUCTDEFINITIONSHAPE($,$,(#58,#70));
#60=IFCCARTESIANPOINT((3.6041500000018249,0.));
#61=IFCAXIS2PLACEMENT2D(#60,#12);
#62=IFCRECTANGLEPROFILEDEF(.AREA.,$,#61,7.2083000000036499,0.13);
#63=IFCAXIS2PLACEMENT3D(#3,$,$);
#64=IFCEXTRUDEDAREASOLID(#62,#63,#9,2.4419999999999877);
#65=IFCCOLOURRGB($,0.50196078431372548,0.50196078431372548,0.50196078431372548);
#66=IFCSURFACESTYLERENDERING(#65,0.,$,$,$,$,IFCNORMALISEDRATIOMEASURE(0.5),IFCSPECULAREXPONENT(64.),.NOTDEFINED.);
#67=IFCSURFACESTYLE('Muro por defecto',.BOTH.,(#66));
#68=IFCPRESENTATIONSTYLEASSIGNMENT((#67));
#69=IFCSTYLEDITEM(#64,(#68),$);
#70=IFCSHAPEREPRESENTATION(#26,'Body','SweptSolid',(#64));
#71=IFCWALLSTANDARDCASE('0i4ixs_qz3rfJKp3nH4fGg',#18,'Muro b\X\E1sico:Gen\X\E9rico - 200 mm:152545',$,'Muro b\X\E1sico:Gen\X\E9rico - 200 mm',#55,#59,'152545');
#72=IFCQUANTITYLENGTH('Height',$,$,2.4419999999999877);
#73=IFCQUANTITYLENGTH('Length',$,$,7.2083000000036499);
#74=IFCQUANTITYLENGTH('Width',$,$,0.13);
#75=IFCQUANTITYAREA('GrossFootprintArea',$,$,0.9370790000004745);
#76=IFCQUANTITYVOLUME('GrossVolume',$,$,2.2883469180011473);
#77=IFCQUANTITYAREA('GrossSideArea',$,$,17.602668600008826);
#78=IFCQUANTITYAREA('NetSideArea',$,$,17.60266860000883);
#79=IFCQUANTITYVOLUME('NetVolume',$,$,2.2883469180011464);
#80=IFCELEMENTQUANTITY('2pYM_Tk5C8mBRx2iyHSreU',#18,'BaseQuantities',$,$,(#72,#73,#74,#75,#76,#77,#78,#79));
#81=IFCRELDEFINESBYPROPERTIES('36PJMMZ7J4fnZ5KToRfEX_',#18,$,$,(#71),#80);
#82=IFCMATERIAL('Muro por defecto');
#83=IFCPRESENTATIONSTYLEASSIGNMENT((#67));
#84=IFCSTYLEDITEM($,(#83),$);
#85=IFCSTYLEDREPRESENTATION(#24,'Style','Material',(#84));
#86=IFCMATERIALDEFINITIONREPRESENTATION($,$,(#85),#82);
#87=IFCMATERIALLAYER(#82,0.12999999999999998,$);
#88=IFCMATERIALLAYERSET((#87),'Muro b\X\E1sico:Gen\X\E9rico - 200 mm');
#89=IFCMATERIALLAYERSETUSAGE(#88,.AXIS2.,.NEGATIVE.,0.065000000000000002);
#90=IFCWALLTYPE('3kSL0VGKv3gxJCujeqtuWE',#18,'Muro b\X\E1sico:Gen\X\E9rico - 200 mm',$,$,(#148,#149,#150,#151,#152),$,'1740',$,.STANDARD.);
#91=IFCPROPERTYSINGLEVALUE('Reference',$,IFCIDENTIFIER('Gen\X\E9rico - 200 mm'),$);
#92=IFCPROPERTYSET('3K3$p43YIgPNxMZctgZTiS',#18,'Pset_QuantityTakeOff',$,(#91));
#93=IFCPROPERTYSINGLEVALUE('Reference',$,IFCLABEL('Gen\X\E9rico - 200 mm'),$);
#94=IFCPROPERTYSET('2tKXinOrE2_OqZoafYQE$6',#18,'Pset_ReinforcementBarPitchOfWall',$,(#93));
#95=IFCPROPERTYSINGLEVALUE('IsExternal',$,IFCBOOLEAN(.T.),$);
#96=IFCPROPERTYSINGLEVALUE('ExtendToStructure',$,IFCBOOLEAN(.F.),$);
#97=IFCPROPERTYSINGLEVALUE('LoadBearing',$,IFCBOOLEAN(.F.),$);
#98=IFCPROPERTYSET('3rwHTLM8UYkX8rlCSXeHpo',#18,'Pset_WallCommon',$,(#91,#95,#96,#97));
#99=IFCPROPERTYSINGLEVALUE('Montaje de muro',$,IFCLABEL('Gen\X\E9rico - 200 mm'),$);
#100=IFCPROPERTYSINGLEVALUE('Longitud - Centro a centro',$,IFCLENGTHMEASURE(7.0783000000036491),$);
#101=IFCPROPERTYSINGLEVALUE('Anchura',$,IFCLENGTHMEASURE(0.13),$);
#102=IFCPROPERTYSINGLEVALUE('\X\C1rea',$,IFCAREAMEASURE(17.60266860000883),$);
#103=IFCPROPERTYSINGLEVALUE('Volumen',$,IFCVOLUMEMEASURE(2.2883469180011464),$);
#104=IFCPROPERTYSET('1xGQ0M0CYkASjwBAN39dfJ',#18,'Cantidades de muro por montaje',$,(#99,#100,#101,#102,#103));
#105=IFCRELDEFINESBYPROPERTIES('2_4AnhhbfvxTYuS_SFYQSl',#18,$,$,(#71),#92);
#106=IFCRELDEFINESBYPROPERTIES('02$r7cqJwY_mRd3JMdS3B9',#18,$,$,(#71),#94);
#107=IFCRELDEFINESBYPROPERTIES('0knIdGGHi7gRMPkWvBnF7u',#18,$,$,(#71),#98);
#108=IFCRELDEFINESBYPROPERTIES('3xO0eSm2XoxlhcvdwnA5t_',#18,$,$,(#71),#104);
#109=IFCPROPERTYSINGLEVALUE('Categor\X\EDa',$,IFCLABEL('Muros'),$);
#110=IFCPROPERTYSINGLEVALUE('Familia',$,IFCLABEL('Muro b\X\E1sico'),$);
#111=IFCPROPERTYSINGLEVALUE('Familia y tipo',$,IFCLABEL('Muro b\X\E1sico: Gen\X\E9rico - 200 mm'),$);
#112=IFCPROPERTYSINGLEVALUE('ID de tipo',$,IFCLABEL('1740'),$);
#113=IFCPROPERTYSINGLEVALUE('Tipo',$,IFCLABEL('Gen\X\E9rico - 200 mm'),$);
#114=IFCPROPERTYSINGLEVALUE('Altura desconectada',$,IFCLENGTHMEASURE(2.4419999999999877),$);
#115=IFCPROPERTYSINGLEVALUE('Delimitaci\X\F3n de habitaci\X\F3n',$,IFCBOOLEAN(.T.),$);
#116=IFCPROPERTYSINGLEVALUE('Desfase de base',$,IFCLENGTHMEASURE(0.),$);
#117=IFCPROPERTYSINGLEVALUE('Desfase superior',$,IFCLENGTHMEASURE(0.),$);
#118=IFCPROPERTYSINGLEVALUE('Distancia de extensi\X\F3n de base',$,IFCLENGTHMEASURE(0.),$);
#119=IFCPROPERTYSINGLEVALUE('Distancia de extensi\X\F3n superior',$,IFCLENGTHMEASURE(0.),$);
#120=IFCPROPERTYSINGLEVALUE('La base est\X\E1 enlazada',$,IFCBOOLEAN(.F.),$);
#121=IFCPROPERTYSINGLEVALUE('La parte superior est\X\E1 enlazada',$,IFCBOOLEAN(.F.),$);
#122=IFCPROPERTYSINGLEVALUE('L\X\EDnea de ubicaci\X\F3n',$,IFCIDENTIFIER('Cara de acabado: Interior'),$);
#123=IFCPROPERTYSINGLEVALUE('Relacionado con masa',$,IFCBOOLEAN(.F.),$);
#124=IFCPROPERTYSINGLEVALUE('Restricci\X\F3n de base',$,IFCLABEL('Nivel 1'),$);
#125=IFCPROPERTYSINGLEVALUE('Restricci\X\F3n superior',$,IFCLABEL('Hasta nivel: Nivel 2'),$);
#126=IFCPROPERTYSINGLEVALUE('\X\C1rea',$,IFCAREAMEASURE(17.60266860000883),$);
#127=IFCPROPERTYSINGLEVALUE('Longitud',$,IFCLENGTHMEASURE(7.0783000000036491),$);
#128=IFCPROPERTYSINGLEVALUE('Volumen',$,IFCVOLUMEMEASURE(2.2883469180011464),$);
#129=IFCPROPERTYSINGLEVALUE('Fase de creaci\X\F3n',$,IFCLABEL('Fase 1'),$);
#130=IFCPROPERTYSINGLEVALUE('Estructura',$,IFCBOOLEAN(.F.),$);
#131=IFCPROPERTYSINGLEVALUE('Uso estructural',$,IFCIDENTIFIER('No portante'),$);
#132=IFCPROPERTYSINGLEVALUE('Secci\X\F3n transversal',$,IFCIDENTIFIER('Vertical'),$);
#133=IFCPROPERTYSINGLEVALUE('Nombre de familia',$,IFCTEXT('Muro b\X\E1sico'),$);
#134=IFCPROPERTYSINGLEVALUE('Anchura',$,IFCLENGTHMEASURE(0.13),$);
#135=IFCPROPERTYSINGLEVALUE('Envolvente en extremos',$,IFCIDENTIFIER('Ninguno'),$);
#136=IFCPROPERTYSINGLEVALUE('Envolvente en inserciones',$,IFCIDENTIFIER('Sin envolvente'),$);
#137=IFCPROPERTYSINGLEVALUE('Funci\X\F3n',$,IFCIDENTIFIER('Exterior'),$);
#138=IFCPROPERTYSINGLEVALUE('Color de relleno de detalle bajo',$,IFCINTEGER(0),$);
#139=IFCPROPERTYSINGLEVALUE('Nombre de tipo',$,IFCTEXT('Gen\X\E9rico - 200 mm'),$);
#140=IFCPROPERTYSINGLEVALUE('Absortancia',$,IFCREAL(0.70000000000000007),$);
#141=IFCPROPERTYSINGLEVALUE('Aspereza',$,IFCINTEGER(3),$);
#142=IFCPROPERTYSET('02$I$zkmnZauEZgKLIrRSs',#18,'Otros',$,(#109,#110,#111,#112,#113));
#143=IFCPROPERTYSET('0yd94j0w50kV_5DAHTlLku',#18,'Restricciones',$,(#114,#115,#116,#117,#118,#119,#120,#121,#122,#123,#124,#125));
#144=IFCPROPERTYSET('2HIsWFxFSfQEnwVjNe4UiB',#18,'Cotas',$,(#126,#127,#128));
#145=IFCPROPERTYSET('0aGETxXvqh93O0FKu91krP',#18,'Proceso por fases',$,(#129));
#146=IFCPROPERTYSET('1Ol88s0yhQqTdZMk1F93bO',#18,'Estructura',$,(#130,#131));
#147=IFCPROPERTYSET('2_ndpEdsITrP41zOaA$n1l',#18,'Definici\X\F3n de secci\X\F3n transversal',$,(#132));
#148=IFCPROPERTYSET('0BV2yH9XKRAE8WMf6Z0D3$',#18,'Otros',$,(#109,#133));
#149=IFCPROPERTYSET('34gQBTZ3D95RaWfnSLLgl3',#18,'Construcci\X\F3n',$,(#134,#135,#136,#137));
#150=IFCPROPERTYSET('0jyOjrEiXkqloDDM380Sz_',#18,'Gr\X\E1ficos',$,(#138));
#151=IFCPROPERTYSET('1mS1VsmHuYyq4LHseMyBSW',#18,'Datos de identidad',$,(#139));
#152=IFCPROPERTYSET('0cPfZ6VvvSpjZhBA9LhT7o',#18,'Propiedades anal\X\EDticas',$,(#140,#141));
#153=IFCCARTESIANPOINT((0.054999999992898507,7.0683000000039291,0.));
#154=IFCAXIS2PLACEMENT3D(#153,$,$);
#155=IFCLOCALPLACEMENT(#36,#154);
#156=IFCCARTESIANPOINT((4.1467997725661547,0.));
#157=IFCPOLYLINE((#4,#156));
#158=IFCSHAPEREPRESENTATION(#25,'Axis','Curve2D',(#157));
#159=IFCPRODUCTDEFINITIONSHAPE($,$,(#158,#166));
#160=IFCCARTESIANPOINT((2.0733998862830774,0.));
#161=IFCAXIS2PLACEMENT2D(#160,#12);
#162=IFCRECTANGLEPROFILEDEF(.AREA.,$,#161,4.1467997725661547,0.13000000000000078);
#163=IFCAXIS2PLACEMENT3D(#3,$,$);
#164=IFCEXTRUDEDAREASOLID(#162,#163,#9,2.4419999999999877);
#165=IFCSTYLEDITEM(#164,(#68),$);
#166=IFCSHAPEREPRESENTATION(#26,'Body','SweptSolid',(#164));
#167=IFCWALLSTANDARDCASE('0i4ixs_qz3rfJKp3nH4fBt',#18,'Muro b\X\E1sico:Gen\X\E9rico - 200 mm:152892',$,'Muro b\X\E1sico:Gen\X\E9rico - 200 mm',#155,#159,'152892');
#168=IFCQUANTITYLENGTH('Height',$,$,2.4419999999999877);
#169=IFCQUANTITYLENGTH('Length',$,$,4.1467997725661547);
#170=IFCQUANTITYLENGTH('Width',$,$,0.13);
#171=IFCQUANTITYAREA('GrossFootprintArea',$,$,0.53908397043360334);
#172=IFCQUANTITYVOLUME('GrossVolume',$,$,1.3164430557988449);
#173=IFCQUANTITYAREA('GrossSideArea',$,$,10.126485044606499);
#174=IFCQUANTITYAREA('NetSideArea',$,$,8.4814850446065133);
#175=IFCQUANTITYVOLUME('NetVolume',$,$,1.1025930557988435);
#176=IFCELEMENTQUANTITY('0mCh4hKLD95VGIZtoM6xfw',#18,'BaseQuantities',$,$,(#168,#169,#170,#171,#172,#173,#174,#175));
#177=IFCRELDEFINESBYPROPERTIES('3nlrN$tfZAQA3mQJa5TaMR',#18,$,$,(#167),#176);
#178=IFCMATERIALLAYERSETUSAGE(#88,.AXIS2.,.NEGATIVE.,0.065000000000000002);
#179=IFCPROPERTYSET('2$kOWrTuYDpRhWJ4tpDXKn',#18,'Pset_QuantityTakeOff',$,(#91));
#180=IFCPROPERTYSINGLEVALUE('Reference',$,IFCLABEL('Gen\X\E9rico - 200 mm'),$);
#181=IFCPROPERTYSET('1c2u$AvkI$VzxdF7GFEARU',#18,'Pset_ReinforcementBarPitchOfWall',$,(#180));
#182=IFCPROPERTYSET('3MbNJPhAML9_GxcXWDOx28',#18,'Pset_WallCommon',$,(#91,#95,#96,#97));
#183=IFCPROPERTYSINGLEVALUE('Montaje de muro',$,IFCLABEL('Gen\X\E9rico - 200 mm'),$);
#184=IFCPROPERTYSINGLEVALUE('Longitud - Centro a centro',$,IFCLENGTHMEASURE(4.1467997725661547),$);
#185=IFCPROPERTYSINGLEVALUE('Anchura',$,IFCLENGTHMEASURE(0.13),$);
#186=IFCPROPERTYSINGLEVALUE('\X\C1rea',$,IFCAREAMEASURE(8.4814850446065133),$);
#187=IFCPROPERTYSINGLEVALUE('Volumen',$,IFCVOLUMEMEASURE(1.1025930557988435),$);
#188=IFCPROPERTYSET('2VMKjZhxqDDAqlVgjuNqI6',#18,'Cantidades de muro por montaje',$,(#183,#184,#185,#186,#187));
#189=IFCRELDEFINESBYPROPERTIES('2BDe3vInVTk7IOL5yk6veB',#18,$,$,(#167),#179);
#190=IFCRELDEFINESBYPROPERTIES('1mbctFysKuFNNBiSqmUgvZ',#18,$,$,(#167),#181);
#191=IFCRELDEFINESBYPROPERTIES('3$mOpMFPWXRKU$Jx9NrnZX',#18,$,$,(#167),#182);
#192=IFCRELDEFINESBYPROPERTIES('0vBBELXxtk3WbYgdHEiDL1',#18,$,$,(#167),#188);
#193=IFCPROPERTYSINGLEVALUE('Altura desconectada',$,IFCLENGTHMEASURE(2.4419999999999877),$);
#194=IFCPROPERTYSINGLEVALUE('\X\C1rea',$,IFCAREAMEASURE(8.4814850446065133),$);
#195=IFCPROPERTYSINGLEVALUE('Longitud',$,IFCLENGTHMEASURE(4.1467997725661547),$);
#196=IFCPROPERTYSINGLEVALUE('Volumen',$,IFCVOLUMEMEASURE(1.1025930557988435),$);
#197=IFCPROPERTYSET('3YJ72h$_vKSOTQsNtwKjM7',#18,'Otros',$,(#109,#110,#111,#112,#113));
#198=IFCPROPERTYSET('1wN9FXw_Ju214NJLzWJQJs',#18,'Restricciones',$,(#115,#116,#117,#118,#119,#120,#121,#122,#123,#124,#125,#193));
#199=IFCPROPERTYSET('20n3nzZdBp3GqtCbxzMKzz',#18,'Cotas',$,(#194,#195,#196));
#200=IFCPROPERTYSET('2IYTH6o$QQRwM9h53PoUV8',#18,'Proceso por fases',$,(#129));
#201=IFCPROPERTYSET('1rI48KFX6t6CdQWtJF4dON',#18,'Estructura',$,(#130,#131));
#202=IFCPROPERTYSET('1NS0uzxaKSCrW_WIN_t_tW',#18,'Definici\X\F3n de secci\X\F3n transversal',$,(#132));
#203=IFCCARTESIANPOINT((4.1367997725590531,7.0033000000039296,0.));
#204=IFCAXIS2PLACEMENT3D(#203,#9,#8);
#205=IFCLOCALPLACEMENT(#36,#204);
#206=IFCCARTESIANPOINT((5.7833000000054176,0.));
#207=IFCPOLYLINE((#4,#206));
#208=IFCSHAPEREPRESENTATION(#25,'Axis','Curve2D',(#207));
#209=IFCPRODUCTDEFINITIONSHAPE($,$,(#208,#216));
#210=IFCCARTESIANPOINT((2.8916500000027088,0.));
#211=IFCAXIS2PLACEMENT2D(#210,#12);
#212=IFCRECTANGLEPROFILEDEF(.AREA.,$,#211,5.7833000000054176,0.1299999999999997);
#213=IFCAXIS2PLACEMENT3D(#3,$,$);
#214=IFCEXTRUDEDAREASOLID(#212,#213,#9,2.4419999999999877);
#215=IFCSTYLEDITEM(#214,(#68),$);
#216=IFCSHAPEREPRESENTATION(#26,'Body','SweptSolid',(#214));
#217=IFCWALLSTANDARDCASE('0i4ixs_qz3rfJKp3nH4f9s',#18,'Muro b\X\E1sico:Gen\X\E9rico - 200 mm:153021',$,'Muro b\X\E1sico:Gen\X\E9rico - 200 mm',#205,#209,'153021');
#218=IFCQUANTITYLENGTH('Height',$,$,2.4419999999999877);
#219=IFCQUANTITYLENGTH('Length',$,$,5.7833000000054176);
#220=IFCQUANTITYLENGTH('Width',$,$,0.13);
#221=IFCQUANTITYAREA('GrossFootprintArea',$,$,0.75182900000070241);
#222=IFCQUANTITYVOLUME('GrossVolume',$,$,1.8359664180017108);
#223=IFCQUANTITYAREA('GrossSideArea',$,$,14.12281860001316);
#224=IFCQUANTITYAREA('NetSideArea',$,$,14.12281860001316);
#225=IFCQUANTITYVOLUME('NetVolume',$,$,1.8359664180017139);
#226=IFCELEMENTQUANTITY('21N_98E6QAmrL6GaOpEIJv',#18,'BaseQuantities',$,$,(#218,#219,#220,#221,#222,#223,#224,#225));
#227=IFCRELDEFINESBYPROPERTIES('2gQ3uCk1chLSwAFytdjrT8',#18,$,$,(#217),#226);
#228=IFCMATERIALLAYERSETUSAGE(#88,.AXIS2.,.NEGATIVE.,0.065000000000000002);
#229=IFCPROPERTYSET('0pqK4Lk4OFHUcahAELttpN',#18,'Pset_QuantityTakeOff',$,(#91));
#230=IFCPROPERTYSINGLEVALUE('Reference',$,IFCLABEL('Gen\X\E9rico - 200 mm'),$);
#231=IFCPROPERTYSET('0gEmPfJC9Bo0NPPmBLXsP$',#18,'Pset_ReinforcementBarPitchOfWall',$,(#230));
#232=IFCPROPERTYSET('079kNyBeSeqYt4AtHNGFUp',#18,'Pset_WallCommon',$,(#91,#95,#96,#97));
#233=IFCPROPERTYSINGLEVALUE('Montaje de muro',$,IFCLABEL('Gen\X\E9rico - 200 mm'),$);
#234=IFCPROPERTYSINGLEVALUE('Longitud - Centro a centro',$,IFCLENGTHMEASURE(5.7833000000054167),$);
#235=IFCPROPERTYSINGLEVALUE('Anchura',$,IFCLENGTHMEASURE(0.13),$);
#236=IFCPROPERTYSINGLEVALUE('\X\C1rea',$,IFCAREAMEASURE(14.12281860001316),$);
#237=IFCPROPERTYSINGLEVALUE('Volumen',$,IFCVOLUMEMEASURE(1.8359664180017139),$);
#238=IFCPROPERTYSET('12FoWJtw_nisnMnppaYRfw',#18,'Cantidades de muro por montaje',$,(#233,#234,#235,#236,#237));
#239=IFCRELDEFINESBYPROPERTIES('2uO0c8JKlZ9k48d66BMC2f',#18,$,$,(#217),#229);
#240=IFCRELDEFINESBYPROPERTIES('0OPeDr715nectRhMJ8gqAq',#18,$,$,(#217),#231);
#241=IFCRELDEFINESBYPROPERTIES('1I4QBJrDe2CnGn_VVVuDUJ',#18,$,$,(#217),#232);
#242=IFCRELDEFINESBYPROPERTIES('0$jC4J1HHJVZxLJvonQKKP',#18,$,$,(#217),#238);
#243=IFCPROPERTYSINGLEVALUE('Altura desconectada',$,IFCLENGTHMEASURE(2.4419999999999877),$);
#244=IFCPROPERTYSINGLEVALUE('\X\C1rea',$,IFCAREAMEASURE(14.12281860001316),$);
#245=IFCPROPERTYSINGLEVALUE('Longitud',$,IFCLENGTHMEASURE(5.7833000000054167),$);
#246=IFCPROPERTYSINGLEVALUE('Volumen',$,IFCVOLUMEMEASURE(1.8359664180017139),$);
#247=IFCPROPERTYSET('3cCWERLH4BzkQhu_krfrSX',#18,'Otros',$,(#109,#110,#111,#112,#113));
#248=IFCPROPERTYSET('2iE6fFLhU3xdx_rsiWSWEv',#18,'Restricciones',$,(#115,#116,#117,#118,#119,#120,#121,#122,#123,#124,#125,#243));
#249=IFCPROPERTYSET('2bcIUf0vQqBLdHmPa8NT2t',#18,'Cotas',$,(#244,#245,#246));
#250=IFCPROPERTYSET('1tldD3QDimwMQiuzyu$WEp',#18,'Proceso por fases',$,(#129));
#251=IFCPROPERTYSET('25EXWvG$IWuqRKHDRk5EtO',#18,'Estructura',$,(#130,#131));
#252=IFCPROPERTYSET('0jtdBGhdeAn2uq7R0YJf0L',#18,'Definici\X\F3n de secci\X\F3n transversal',$,(#132));
#253=IFCCARTESIANPOINT((4.0717997725590527,1.2849999999985124,0.));
#254=IFCAXIS2PLACEMENT3D(#253,#9,#6);
#255=IFCLOCALPLACEMENT(#36,#254);
#256=IFCCARTESIANPOINT((0.94100000000624862,0.));
#257=IFCPOLYLINE((#4,#256));
#258=IFCSHAPEREPRESENTATION(#25,'Axis','Curve2D',(#257));
#259=IFCPRODUCTDEFINITIONSHAPE($,$,(#258,#266));
#260=IFCCARTESIANPOINT((0.47050000000312431,0.));
#261=IFCAXIS2PLACEMENT2D(#260,#12);
#262=IFCRECTANGLEPROFILEDEF(.AREA.,$,#261,0.94100000000624862,0.13000000000000023);
#263=IFCAXIS2PLACEMENT3D(#3,$,$);
#264=IFCEXTRUDEDAREASOLID(#262,#263,#9,2.4419999999999877);
#265=IFCSTYLEDITEM(#264,(#68),$);
#266=IFCSHAPEREPRESENTATION(#26,'Body','SweptSolid',(#264));
#267=IFCWALLSTANDARDCASE('0i4ixs_qz3rfJKp3nH4f7D',#18,'Muro b\X\E1sico:Gen\X\E9rico - 200 mm:153094',$,'Muro b\X\E1sico:Gen\X\E9rico - 200 mm',#255,#259,'153094');
#268=IFCAXIS2PLACEMENT3D(#281,$,$);
#270=IFCCARTESIANPOINT((-2.7061686225238191E-016,0.));
#271=IFCAXIS2PLACEMENT2D(#270,#13);
#272=IFCRECTANGLEPROFILEDEF(.AREA.,'85x200',#271,1.9999999999999993,0.13000000000000023);
#273=IFCCARTESIANPOINT((-3.1957997725528049,-1.2260000000038205,1.));
#274=IFCAXIS2PLACEMENT3D(#273,#7,#6);
#275=IFCEXTRUDEDAREASOLID(#272,#274,#9,0.84999999999999953);
#276=IFCSIUNIT(*,.PLANEANGLEUNIT.,$,.RADIAN.);
#277=IFCDIMENSIONALEXPONENTS(0,0,0,0,0,0,0);
#278=IFCMEASUREWITHUNIT(IFCPLANEANGLEMEASURE(0.017453292519943278),#276);
#279=IFCCONVERSIONBASEDUNIT(#277,.PLANEANGLEUNIT.,'DEGREE',#278);
#280=IFCSHAPEREPRESENTATION(#26,'Body','SweptSolid',(#275));
#281=IFCCARTESIANPOINT((4.0717997725590527,1.2849999999985124,0.));
#282=IFCPRODUCTDEFINITIONSHAPE($,$,(#280));
#283=IFCCARTESIANPOINT((4.0717997725590527,1.2849999999985124,0.));
#284=IFCAXIS2PLACEMENT3D(#283,$,$);
#285=IFCLOCALPLACEMENT(#255,#284);
#286=IFCOPENINGELEMENT('0onzFlYSNu1dzJVCl7t1zN',#18,'Muro b\X\E1sico:Gen\X\E9rico - 200 mm:153094',$,'Opening',#285,#282,'160402');
#287=IFCQUANTITYLENGTH('Depth',$,$,0.84999999999999953);
#288=IFCQUANTITYLENGTH('Height',$,$,1.9999999999999993);
#289=IFCQUANTITYLENGTH('Width',$,$,0.13000000000000023);
#290=IFCELEMENTQUANTITY('2YcbfjqLI2Zjs$QoQj36wn',#18,'BaseQuantities',$,$,(#287,#288,#289));
#291=IFCRELDEFINESBYPROPERTIES('1np57o0pBaBHnPsqOAS1at',#18,$,$,(#286),#290);
#292=IFCRELVOIDSELEMENT('13Fz$3qSeQXtpVQkKfYpmb',#18,$,$,#267,#286);
#293=IFCQUANTITYLENGTH('Height',$,$,2.4419999999999877);
#294=IFCQUANTITYLENGTH('Length',$,$,0.94100000000624862);
#295=IFCQUANTITYLENGTH('Width',$,$,0.13);
#296=IFCQUANTITYAREA('GrossFootprintArea',$,$,0.12233000000081254);
#297=IFCQUANTITYVOLUME('GrossVolume',$,$,0.29872986000198221);
#298=IFCQUANTITYAREA('GrossSideArea',$,$,2.2979220000152476);
#299=IFCQUANTITYAREA('NetSideArea',$,$,2.2979220000152476);
#300=IFCQUANTITYVOLUME('NetVolume',$,$,0.29716986000060236);
#301=IFCELEMENTQUANTITY('20brI8aeQ0YRur5kusyrvh',#18,'BaseQuantities',$,$,(#293,#294,#295,#296,#297,#298,#299,#300));
#302=IFCRELDEFINESBYPROPERTIES('1hNG2xJ7a1$yFJgG1fNX5n',#18,$,$,(#267),#301);
#303=IFCMATERIALLAYERSETUSAGE(#88,.AXIS2.,.NEGATIVE.,0.065000000000000002);
#304=IFCPROPERTYSET('1$G5lM6dA53QhmDDBh1mUz',#18,'Pset_QuantityTakeOff',$,(#91));
#305=IFCPROPERTYSINGLEVALUE('Reference',$,IFCLABEL('Gen\X\E9rico - 200 mm'),$);
#306=IFCPROPERTYSET('35$lga0d_2wyuum5ZQqk9S',#18,'Pset_ReinforcementBarPitchOfWall',$,(#305));
#307=IFCPROPERTYSET('1kFSQ0UeUqaQM_XHFsYQ6F',#18,'Pset_WallCommon',$,(#91,#95,#96,#97));
#308=IFCPROPERTYSINGLEVALUE('Montaje de muro',$,IFCLABEL('Gen\X\E9rico - 200 mm'),$);
#309=IFCPROPERTYSINGLEVALUE('Longitud - Centro a centro',$,IFCLENGTHMEASURE(0.94100000000624862),$);
#310=IFCPROPERTYSINGLEVALUE('Anchura',$,IFCLENGTHMEASURE(0.13),$);
#311=IFCPROPERTYSINGLEVALUE('\X\C1rea',$,IFCAREAMEASURE(2.2979220000152476),$);
#312=IFCPROPERTYSINGLEVALUE('Volumen',$,IFCVOLUMEMEASURE(0.29716986000060236),$);
#313=IFCPROPERTYSET('3dCDzco3AZpSYgUPeg9dhS',#18,'Cantidades de muro por montaje',$,(#308,#309,#310,#311,#312));
#314=IFCPROPERTYSINGLEVALUE('Reference',$,IFCIDENTIFIER('85x200'),$);
#315=IFCPROPERTYSET('0n3NRE0kYArYuocM9oQ25B',#18,'Pset_OpeningElementCommon',$,(#314));
#316=IFCPROPERTYSET('30ZBnL4Zx3$GrsZRdrh_5b',#18,'Pset_QuantityTakeOff',$,(#314));
#317=IFCPROPERTYSINGLEVALUE('Descripci\X\F3n de puerta',$,IFCLABEL('Simple-A ras'),$);
#318=IFCPROPERTYSINGLEVALUE('Tipo',$,IFCLABEL('85x200'),$);
#319=IFCPROPERTYSINGLEVALUE('Anchura',$,IFCLENGTHMEASURE(0.84999999999999998),$);
#320=IFCPROPERTYSINGLEVALUE('Altura',$,IFCLENGTHMEASURE(1.9999999999999998),$);
#321=IFCPROPERTYSINGLEVALUE('Grosor',$,IFCLENGTHMEASURE(0.050999999999999997),$);
#322=IFCPROPERTYSINGLEVALUE('Tipo de puerta',$,IFCTEXT('30'),$);
#323=IFCPROPERTYSET('1YpHp54Laaqs441RuX61RH',#18,'Cantidades de puertas',$,(#317,#318,#319,#320,#321,#322));
#324=IFCRELDEFINESBYPROPERTIES('16M$J$$ydrwJO9rB5tufGA',#18,$,$,(#267),#304);
#325=IFCRELDEFINESBYPROPERTIES('3fU1_7ZkrozTovvd$L6XAf',#18,$,$,(#267),#306);
#326=IFCRELDEFINESBYPROPERTIES('0dlTS1tMxqj$zffYc$luFC',#18,$,$,(#267),#307);
#327=IFCRELDEFINESBYPROPERTIES('3sC_W3$82JV6cQ$RCTWHYU',#18,$,$,(#267),#313);
#328=IFCRELDEFINESBYPROPERTIES('32ggkd2GcDb6t85MfFBrsd',#18,$,$,(#286),#315);
#329=IFCRELDEFINESBYPROPERTIES('0ElcAY5zmc_VaxvxbA9V43',#18,$,$,(#286),#316);
#330=IFCRELDEFINESBYPROPERTIES('24oTnqhHODm51k6rZbUMHC',#18,$,$,(#286),#323);
#331=IFCPROPERTYSINGLEVALUE('Altura desconectada',$,IFCLENGTHMEASURE(2.4419999999999877),$);
#332=IFCPROPERTYSINGLEVALUE('\X\C1rea',$,IFCAREAMEASURE(2.2979220000152476),$);
#333=IFCPROPERTYSINGLEVALUE('Longitud',$,IFCLENGTHMEASURE(0.94100000000624862),$);
#334=IFCPROPERTYSINGLEVALUE('Volumen',$,IFCVOLUMEMEASURE(0.29716986000060236),$);
#335=IFCPROPERTYSET('3_xxRdwgL5u5USWEeclY9b',#18,'Otros',$,(#109,#110,#111,#112,#113));
#336=IFCPROPERTYSET('2q1mXIgnEK8NjAKEmxRhYI',#18,'Restricciones',$,(#115,#116,#117,#118,#119,#120,#121,#122,#123,#124,#125,#331));
#337=IFCPROPERTYSET('1wcZA$mPqA4Ai0ETGPVuOp',#18,'Cotas',$,(#332,#333,#334));
#338=IFCPROPERTYSET('0$E2y4v9rXhIBfvM5qQ$Sx',#18,'Proceso por fases',$,(#129));
#339=IFCPROPERTYSET('0chGU9HlSTBS_U8LygCELA',#18,'Estructura',$,(#130,#131));
#340=IFCPROPERTYSET('2qzlr8qozKIlaDewxoLUCD',#18,'Definici\X\F3n de secci\X\F3n transversal',$,(#132));
#341=IFCPROPERTYSINGLEVALUE('Altura de extremo inicial',$,IFCLENGTHMEASURE(1.9999999999999998),$);
#342=IFCPROPERTYSINGLEVALUE('Categor\X\EDa',$,IFCLABEL('Puertas'),$);
#343=IFCPROPERTYSINGLEVALUE('Familia',$,IFCLABEL('Simple-A ras'),$);
#344=IFCPROPERTYSINGLEVALUE('Familia y tipo',$,IFCLABEL('Simple-A ras: 85x200'),$);
#345=IFCPROPERTYSINGLEVALUE('ID de anfitri\X\F3n',$,IFCLABEL('153134'),$);
#346=IFCPROPERTYSINGLEVALUE('ID de tipo',$,IFCLABEL('160612'),$);
#347=IFCPROPERTYSINGLEVALUE('Tipo',$,IFCLABEL('85x200'),$);
#348=IFCPROPERTYSINGLEVALUE('Altura de antepecho',$,IFCLENGTHMEASURE(0.),$);
#349=IFCPROPERTYSINGLEVALUE('Nivel',$,IFCLABEL('Nivel 1'),$);
#350=IFCPROPERTYSINGLEVALUE('\X\C1rea',$,IFCAREAMEASURE(2.8595539999999771),$);
#351=IFCPROPERTYSINGLEVALUE('Volumen',$,IFCVOLUMEMEASURE(0.10570759999999943),$);
#352=IFCPROPERTYSINGLEVALUE('Marca',$,IFCTEXT('6'),$);
#353=IFCPROPERTYSINGLEVALUE('Nombre de familia',$,IFCTEXT('Simple-A ras'),$);
#354=IFCPROPERTYSINGLEVALUE('Cierre de muro',$,IFCIDENTIFIER('Por anfitri\X\F3n'),$);
#355=IFCPROPERTYSINGLEVALUE('Funci\X\F3n',$,IFCIDENTIFIER('Interior'),$);
#356=IFCPROPERTYSINGLEVALUE('Altura',$,IFCLENGTHMEASURE(1.9999999999999998),$);
#357=IFCPROPERTYSINGLEVALUE('Anchura',$,IFCLENGTHMEASURE(0.84999999999999998),$);
#358=IFCPROPERTYSINGLEVALUE('Anchura de cubrejuntas',$,IFCLENGTHMEASURE(0.075999999999999984),$);
#359=IFCPROPERTYSINGLEVALUE('Grosor',$,IFCLENGTHMEASURE(0.050999999999999997),$);
#360=IFCPROPERTYSINGLEVALUE('Proyecci\X\F3n cubrejuntas ext',$,IFCLENGTHMEASURE(0.025000000000000001),$);
#361=IFCPROPERTYSINGLEVALUE('Proyecci\X\F3n cubrejuntas int',$,IFCLENGTHMEASURE(0.025000000000000001),$);
#362=IFCPROPERTYSINGLEVALUE('Marca de tipo',$,IFCTEXT('30'),$);
#363=IFCPROPERTYSINGLEVALUE('Nombre de tipo',$,IFCTEXT('85x200'),$);
#364=IFCPROPERTYSINGLEVALUE('N\X\FAmero OmniClass',$,IFCTEXT('23.30.10.00'),$);
#365=IFCPROPERTYSINGLEVALUE('T\X\EDtulo OmniClass',$,IFCTEXT('Doors'),$);
#366=IFCPROPERTYSINGLEVALUE('Material de estructura',$,IFCLABEL('Puerta - Marco'),$);
#367=IFCPROPERTYSINGLEVALUE('Material de puerta',$,IFCLABEL('Puerta - Panel'),$);
#368=IFCPROPERTYSINGLEVALUE('Coeficiente de incremento de calor solar',$,IFCREAL(0.),$);
#369=IFCSIUNIT(*,.MASSUNIT.,.KILO.,.GRAM.);
#370=IFCDERIVEDUNITELEMENT(#369,1);
#371=IFCSIUNIT(*,.THERMODYNAMICTEMPERATUREUNIT.,$,.KELVIN.);
#372=IFCDERIVEDUNITELEMENT(#371,-1);
#373=IFCSIUNIT(*,.TIMEUNIT.,$,.SECOND.);
#374=IFCDERIVEDUNITELEMENT(#373,-3);
#375=IFCDERIVEDUNIT((#370,#372,#374),.THERMALTRANSMITTANCEUNIT.,$);
#376=IFCPROPERTYSINGLEVALUE('Coeficiente de transferencia de calor (U)',$,IFCTHERMALTRANSMITTANCEMEASURE(3.7021000000000002),$);
#377=IFCPROPERTYSINGLEVALUE('Construcci\X\F3n anal\X\EDtica',$,IFCTEXT('Metal'),$);
#378=IFCPROPERTYSINGLEVALUE('Definir propiedades t\X\E9rmicas por',$,IFCIDENTIFIER('Tipo esquem\X\E1tico'),$);
#379=IFCDERIVEDUNITELEMENT(#369,-1);
#380=IFCDERIVEDUNITELEMENT(#373,3);
#381=IFCDERIVEDUNITELEMENT(#371,1);
#382=IFCDERIVEDUNIT((#379,#380,#381),.THERMALRESISTANCEUNIT.,$);
#383=IFCPROPERTYSINGLEVALUE('Resistencia t\X\E9rmica (R)',$,IFCTHERMALRESISTANCEMEASURE(0.27011696064395885),$);
#384=IFCPROPERTYSINGLEVALUE('Transmitancia de luz visual',$,IFCREAL(0.),$);
#385=IFCPROPERTYSET('2ULuhdXmrFjIls56qkyuxs',#18,'Otros',$,(#341,#342,#343,#344,#345,#346,#347));
#386=IFCPROPERTYSET('1YfLIsxwmmnV$tLBCZmp7K',#18,'Restricciones',$,(#348,#349));
#387=IFCPROPERTYSET('07zGQsMX_kWg7d60yegDHM',#18,'Cotas',$,(#350,#351));
#388=IFCPROPERTYSET('14uHfWsPBT4afPA9oB$s55',#18,'Datos de identidad',$,(#352));
#389=IFCPROPERTYSET('1C_KsuTYn1F7yLJufYYon2',#18,'Proceso por fases',$,(#129));
#390=IFCPROPERTYSET('25VO_C5XBV5HogMDwdwgU6',#18,'Otros(Tipo)',$,(#342,#353));
#391=IFCPROPERTYSET('3jCJ7XHLeSBRMw1snDRLB_',#18,'Construcci\X\F3n(Tipo)',$,(#354,#355));
#392=IFCPROPERTYSET('1l4gM6kLb47auKj0kTS9Kx',#18,'Cotas(Tipo)',$,(#356,#357,#358,#359,#360,#361));
#393=IFCPROPERTYSET('2aio4E6dhudQt7FRfLrn3B',#18,'Datos de identidad(Tipo)',$,(#362,#363,#364,#365));
#394=IFCPROPERTYSET('1GbsUPnBy9a96RCEpiND69',#18,'Materiales y acabados(Tipo)',$,(#366,#367));
#395=IFCPROPERTYSET('1XFVDtmTPpacbn34R2$qWU',#18,'Propiedades anal\X\EDticas(Tipo)',$,(#368,#376,#377,#378,#383,#384));
#396=IFCCARTESIANPOINT((3.1957997725528049,1.2199999999985123,0.));
#397=IFCAXIS2PLACEMENT3D(#396,#9,#8);
#398=IFCLOCALPLACEMENT(#36,#397);
#399=IFCCARTESIANPOINT((1.2949999999982329,0.));
#400=IFCPOLYLINE((#4,#399));
#401=IFCSHAPEREPRESENTATION(#25,'Axis','Curve2D',(#400));
#402=IFCPRODUCTDEFINITIONSHAPE($,$,(#401,#409));
#403=IFCCARTESIANPOINT((0.64749999999911645,0.));
#404=IFCAXIS2PLACEMENT2D(#403,#12);
#405=IFCRECTANGLEPROFILEDEF(.AREA.,$,#404,1.2949999999982329,0.1299999999999997);
#406=IFCAXIS2PLACEMENT3D(#3,$,$);
#407=IFCEXTRUDEDAREASOLID(#405,#406,#9,2.4419999999999877);
#408=IFCSTYLEDITEM(#407,(#68),$);
#409=IFCSHAPEREPRESENTATION(#26,'Body','SweptSolid',(#407));
#410=IFCWALLSTANDARDCASE('0i4ixs_qz3rfJKp3nH4f7b',#18,'Muro b\X\E1sico:Gen\X\E9rico - 200 mm:153134',$,'Muro b\X\E1sico:Gen\X\E9rico - 200 mm',#398,#402,'153134');
#411=IFCQUANTITYLENGTH('Height',$,$,2.4419999999999877);
#412=IFCQUANTITYLENGTH('Length',$,$,1.2949999999982329);
#413=IFCQUANTITYLENGTH('Width',$,$,0.13);
#414=IFCQUANTITYAREA('GrossFootprintArea',$,$,0.16834999999976988);
#415=IFCQUANTITYVOLUME('GrossVolume',$,$,0.19167070000081729);
#416=IFCQUANTITYAREA('GrossSideArea',$,$,1.4743900000062866);
#417=IFCQUANTITYAREA('NetSideArea',$,$,1.4743900000062864);
#418=IFCQUANTITYVOLUME('NetVolume',$,$,0.19167070000081751);
#419=IFCELEMENTQUANTITY('24_n$09w5_eL$utrKS_E1$',#18,'BaseQuantities',$,$,(#411,#412,#413,#414,#415,#416,#417,#418));
#420=IFCRELDEFINESBYPROPERTIES('133KV8pihdLdEJ4je1h4jZ',#18,$,$,(#410),#419);
#421=IFCMATERIALLAYERSETUSAGE(#88,.AXIS2.,.NEGATIVE.,0.065000000000000002);
#422=IFCPROPERTYSET('33LzDMEU_RLzAHSyVLccu6',#18,'Pset_QuantityTakeOff',$,(#91));
#423=IFCPROPERTYSINGLEVALUE('Reference',$,IFCLABEL('Gen\X\E9rico - 200 mm'),$);
#424=IFCPROPERTYSET('2PWr3wW7bSTnLj2U79oFGV',#18,'Pset_ReinforcementBarPitchOfWall',$,(#423));
#425=IFCPROPERTYSET('2mhKGaLf$oPlvPu8AD0pt4',#18,'Pset_WallCommon',$,(#91,#95,#96,#97));
#426=IFCPROPERTYSINGLEVALUE('Montaje de muro',$,IFCLABEL('Gen\X\E9rico - 200 mm'),$);
#427=IFCPROPERTYSINGLEVALUE('Longitud - Centro a centro',$,IFCLENGTHMEASURE(1.2949999999982329),$);
#428=IFCPROPERTYSINGLEVALUE('Anchura',$,IFCLENGTHMEASURE(0.13),$);
#429=IFCPROPERTYSINGLEVALUE('\X\C1rea',$,IFCAREAMEASURE(1.4743900000062864),$);
#430=IFCPROPERTYSINGLEVALUE('Volumen',$,IFCVOLUMEMEASURE(0.19167070000081751),$);
#431=IFCPROPERTYSET('1ZEJa7jDeEkUFlbpdR5Gc3',#18,'Cantidades de muro por montaje',$,(#426,#427,#428,#429,#430));
#432=IFCRELDEFINESBYPROPERTIES('3vZQbK2zE$Eg8BVJi1cHR0',#18,$,$,(#410),#422);
#433=IFCRELDEFINESBYPROPERTIES('1K_7n9R2w4v9NucQsccjEn',#18,$,$,(#410),#424);
#434=IFCRELDEFINESBYPROPERTIES('0SwSHLXh6DuJNA9CrSy37R',#18,$,$,(#410),#425);
#435=IFCRELDEFINESBYPROPERTIES('12IgpSCTSAdsfFeq34uLgM',#18,$,$,(#410),#431);
#436=IFCPROPERTYSINGLEVALUE('Altura desconectada',$,IFCLENGTHMEASURE(2.4419999999999877),$);
#437=IFCPROPERTYSINGLEVALUE('\X\C1rea',$,IFCAREAMEASURE(1.4743900000062864),$);
#438=IFCPROPERTYSINGLEVALUE('Longitud',$,IFCLENGTHMEASURE(1.2949999999982329),$);
#439=IFCPROPERTYSINGLEVALUE('Volumen',$,IFCVOLUMEMEASURE(0.19167070000081751),$);
#440=IFCPROPERTYSET('3wDqTzXP66Atck8QD5h5lR',#18,'Otros',$,(#109,#110,#111,#112,#113));
#441=IFCPROPERTYSET('3ifd0MgVJyJcCbUJS6VxAD',#18,'Restricciones',$,(#115,#116,#117,#118,#119,#120,#121,#122,#123,#124,#125,#436));
#442=IFCPROPERTYSET('0FmznzcaL0nXV_BR5BWyvI',#18,'Cotas',$,(#437,#438,#439));
#443=IFCPROPERTYSET('1ghstIU9LvpJ6Ydr9$1uet',#18,'Proceso por fases',$,(#129));
#444=IFCPROPERTYSET('0yCg8c0x0$2MgupMNee3u8',#18,'Estructura',$,(#130,#131));
#445=IFCPROPERTYSET('2HjDX44A6KQVAkTa$bvDvd',#18,'Definici\X\F3n de secci\X\F3n transversal',$,(#132));
#446=IFCCARTESIANPOINT((3.1307997725528045,-0.009999999999720512,0.));
#447=IFCAXIS2PLACEMENT3D(#446,#9,#6);
#448=IFCLOCALPLACEMENT(#36,#447);
#449=IFCCARTESIANPOINT((3.0757997725599058,0.));
#450=IFCPOLYLINE((#4,#449));
#451=IFCSHAPEREPRESENTATION(#25,'Axis','Curve2D',(#450));
#452=IFCPRODUCTDEFINITIONSHAPE($,$,(#451,#459));
#453=IFCCARTESIANPOINT((1.5378998862799529,0.));
#454=IFCAXIS2PLACEMENT2D(#453,#12);
#455=IFCRECTANGLEPROFILEDEF(.AREA.,$,#454,3.0757997725599058,0.13);
#456=IFCAXIS2PLACEMENT3D(#3,$,$);
#457=IFCEXTRUDEDAREASOLID(#455,#456,#9,2.4419999999999877);
#458=IFCSTYLEDITEM(#457,(#68),$);
#459=IFCSHAPEREPRESENTATION(#26,'Body','SweptSolid',(#457));
#460=IFCWALLSTANDARDCASE('0i4ixs_qz3rfJKp3nH4f6h',#18,'Muro b\X\E1sico:Gen\X\E9rico - 200 mm:153184',$,'Muro b\X\E1sico:Gen\X\E9rico - 200 mm',#448,#452,'153184');
#461=IFCQUANTITYLENGTH('Height',$,$,2.4419999999999877);
#462=IFCQUANTITYLENGTH('Length',$,$,3.0757997725599058);
#463=IFCQUANTITYLENGTH('Width',$,$,0.13);
#464=IFCQUANTITYAREA('GrossFootprintArea',$,$,0.3998539704327877);
#465=IFCQUANTITYVOLUME('GrossVolume',$,$,0.97644339579686301);
#466=IFCQUANTITYAREA('GrossSideArea',$,$,7.5111030445912528);
#467=IFCQUANTITYAREA('NetSideArea',$,$,6.0111030445912643);
#468=IFCQUANTITYVOLUME('NetVolume',$,$,0.78144339579686417);
#469=IFCELEMENTQUANTITY('2YEhJUs2Q9vL_633u4q5K$',#18,'BaseQuantities',$,$,(#461,#462,#463,#464,#465,#466,#467,#468));
#470=IFCRELDEFINESBYPROPERTIES('2r6MBh2Z7MUhSDCqB7an9v',#18,$,$,(#460),#469);
#471=IFCMATERIALLAYERSETUSAGE(#88,.AXIS2.,.NEGATIVE.,0.065000000000000002);
#472=IFCPROPERTYSET('3rz8C6RaCwV7wDg0AD4NFN',#18,'Pset_QuantityTakeOff',$,(#91));
#473=IFCPROPERTYSINGLEVALUE('Reference',$,IFCLABEL('Gen\X\E9rico - 200 mm'),$);
#474=IFCPROPERTYSET('0JtTsaUdmUpr1e4zC1ODJN',#18,'Pset_ReinforcementBarPitchOfWall',$,(#473));
#475=IFCPROPERTYSET('07MKDe92RyFlL_22wMs0vY',#18,'Pset_WallCommon',$,(#91,#95,#96,#97));
#476=IFCPROPERTYSINGLEVALUE('Montaje de muro',$,IFCLABEL('Gen\X\E9rico - 200 mm'),$);
#477=IFCPROPERTYSINGLEVALUE('Longitud - Centro a centro',$,IFCLENGTHMEASURE(3.2057997725599061),$);
#478=IFCPROPERTYSINGLEVALUE('Anchura',$,IFCLENGTHMEASURE(0.13),$);
#479=IFCPROPERTYSINGLEVALUE('\X\C1rea',$,IFCAREAMEASURE(6.0111030445912643),$);
#480=IFCPROPERTYSINGLEVALUE('Volumen',$,IFCVOLUMEMEASURE(0.78144339579686417),$);
#481=IFCPROPERTYSET('32F_3elFlmjIJ0$19aPKdO',#18,'Cantidades de muro por montaje',$,(#476,#477,#478,#479,#480));
#482=IFCRELDEFINESBYPROPERTIES('22nCKkimuyzlb_fa5Ilbeg',#18,$,$,(#460),#472);
#483=IFCRELDEFINESBYPROPERTIES('0Ka_NEofk1QGvdP$tcDduO',#18,$,$,(#460),#474);
#484=IFCRELDEFINESBYPROPERTIES('1oQ4PCuOqThFOzIakRllS7',#18,$,$,(#460),#475);
#485=IFCRELDEFINESBYPROPERTIES('1Jdvw7HINRNvZz3gXXXEJE',#18,$,$,(#460),#481);
#486=IFCPROPERTYSINGLEVALUE('Altura desconectada',$,IFCLENGTHMEASURE(2.4419999999999877),$);
#487=IFCPROPERTYSINGLEVALUE('\X\C1rea',$,IFCAREAMEASURE(6.0111030445912643),$);
#488=IFCPROPERTYSINGLEVALUE('Longitud',$,IFCLENGTHMEASURE(3.2057997725599061),$);
#489=IFCPROPERTYSINGLEVALUE('Volumen',$,IFCVOLUMEMEASURE(0.78144339579686417),$);
#490=IFCPROPERTYSET('06c6DCHZqTEhDb6aQCjhCC',#18,'Otros',$,(#109,#110,#111,#112,#113));
#491=IFCPROPERTYSET('1M8LhoUreIuA1dtf2TlHnl',#18,'Restricciones',$,(#115,#116,#117,#118,#119,#120,#121,#122,#123,#124,#125,#486));
#492=IFCPROPERTYSET('0DwLIiIqzLE7mGKJHJhZ_b',#18,'Cotas',$,(#487,#488,#489));
#493=IFCPROPERTYSET('1qYZ$t40XDpQUtpKE6xP8v',#18,'Proceso por fases',$,(#129));
#494=IFCPROPERTYSET('3HkcW9lNi3plWLgA9AGCDf',#18,'Estructura',$,(#130,#131));
#495=IFCPROPERTYSET('0NGCIr6kLhBFfVlLFISoBn',#18,'Definici\X\F3n de secci\X\F3n transversal',$,(#132));
#496=IFCCARTESIANPOINT((0.054999999992898646,4.8643000000010685,0.));
#497=IFCAXIS2PLACEMENT3D(#496,$,$);
#498=IFCLOCALPLACEMENT(#36,#497);
#499=IFCCARTESIANPOINT((0.88150000000008877,0.));
#500=IFCPOLYLINE((#4,#499));
#501=IFCSHAPEREPRESENTATION(#25,'Axis','Curve2D',(#500));
#502=IFCPRODUCTDEFINITIONSHAPE($,$,(#501,#521));
#503=IFCCARTESIANPOINT((0.44075000000004438,2.7061686225238191E-016));
#504=IFCAXIS2PLACEMENT2D(#503,#12);
#505=IFCRECTANGLEPROFILEDEF(.AREA.,$,#504,0.88150000000008877,0.083000000000000088);
#506=IFCAXIS2PLACEMENT3D(#3,$,$);
#507=IFCEXTRUDEDAREASOLID(#505,#506,#9,2.2919999999999878);
#508=IFCCARTESIANPOINT((0.88149999999994755,0.));
#509=IFCCARTESIANPOINT((0.88149999999994755,0.083000000000000088));
#510=IFCCARTESIANPOINT((0.79849999999994759,0.083000000000000088));
#511=IFCCARTESIANPOINT((-0.,0.083000000000000088));
#512=IFCPOLYLINE((#4,#508,#509,#510,#511,#4));
#513=IFCCARTESIANPOINT((0.,-0.041499999999999773,2.2919999999999878));
#514=IFCAXIS2PLACEMENT3D(#513,#10,#5);
#515=IFCPLANE(#514);
#516=IFCCARTESIANPOINT((0.,-0.041499999999999773,2.2919999999999878));
#517=IFCAXIS2PLACEMENT3D(#516,$,$);
#518=IFCPOLYGONALBOUNDEDHALFSPACE(#515,.T.,#517,#512);
#519=IFCBOOLEANCLIPPINGRESULT(.DIFFERENCE.,#507,#518);
#520=IFCSTYLEDITEM(#507,(#68),$);
#521=IFCSHAPEREPRESENTATION(#26,'Body','Clipping',(#519));
#522=IFCWALLSTANDARDCASE('0i4ixs_qz3rfJKp3nH4f2f',#18,'Muro b\X\E1sico:83 mm:153442',$,'Muro b\X\E1sico:83 mm',#498,#502,'153442');
#523=IFCQUANTITYLENGTH('Height',$,$,2.2919999999999878);
#524=IFCQUANTITYLENGTH('Length',$,$,0.88150000000008877);
#525=IFCQUANTITYLENGTH('Width',$,$,0.083000000000000004);
#526=IFCQUANTITYAREA('GrossFootprintArea',$,$,0.073164500000007446);
#527=IFCQUANTITYVOLUME('GrossVolume',$,$,0.16769303400001598);
#528=IFCQUANTITYAREA('GrossSideArea',$,$,2.0203980000001924);
#529=IFCQUANTITYAREA('NetSideArea',$,$,2.0203980000001924);
#530=IFCQUANTITYVOLUME('NetVolume',$,$,0.16769303399989829);
#531=IFCELEMENTQUANTITY('0_SFMRPNA7SFQrwaV0N4qR',#18,'BaseQuantities',$,$,(#523,#524,#525,#526,#527,#528,#529,#530));
#532=IFCRELDEFINESBYPROPERTIES('1JrTdemZEjg7JyuITUmQeg',#18,$,$,(#522),#531);
#533=IFCMATERIALLAYER(#82,0.083000000000000004,$);
#534=IFCMATERIALLAYERSET((#533),'Muro b\X\E1sico:83 mm');
#535=IFCMATERIALLAYERSETUSAGE(#534,.AXIS2.,.NEGATIVE.,0.041500000000000002);
#536=IFCWALLTYPE('0i4ixs_qz3rfJKp3nH4f4T',#18,'Muro b\X\E1sico:83 mm',$,$,(#571,#572,#573,#574,#575),$,'153302',$,.STANDARD.);
#537=IFCPROPERTYSINGLEVALUE('Reference',$,IFCIDENTIFIER('83 mm'),$);
#538=IFCPROPERTYSET('1hYFVUQZgWnzPOaMgNKxNZ',#18,'Pset_QuantityTakeOff',$,(#537));
#539=IFCPROPERTYSINGLEVALUE('Reference',$,IFCLABEL('83 mm'),$);
#540=IFCPROPERTYSET('1gKBQKy1N2NO26DoSXD31p',#18,'Pset_ReinforcementBarPitchOfWall',$,(#539));
#541=IFCPROPERTYSINGLEVALUE('ExtendToStructure',$,IFCBOOLEAN(.T.),$);
#542=IFCPROPERTYSET('2xuEG8lw2lAafgHJsDS_$y',#18,'Pset_WallCommon',$,(#95,#97,#537,#541));
#543=IFCPROPERTYSINGLEVALUE('Montaje de muro',$,IFCLABEL('83 mm'),$);
#544=IFCPROPERTYSINGLEVALUE('Longitud - Centro a centro',$,IFCLENGTHMEASURE(0.90500000000014125),$);
#545=IFCPROPERTYSINGLEVALUE('Anchura',$,IFCLENGTHMEASURE(0.083000000000000004),$);
#546=IFCPROPERTYSINGLEVALUE('\X\C1rea',$,IFCAREAMEASURE(2.0203980000001924),$);
#547=IFCPROPERTYSINGLEVALUE('Volumen',$,IFCVOLUMEMEASURE(0.16769303399989829),$);
#548=IFCPROPERTYSET('11Pq6AMV0kcCkYqBBFuAqj',#18,'Cantidades de muro por montaje',$,(#543,#544,#545,#546,#547));
#549=IFCRELDEFINESBYPROPERTIES('1plp7EVuz54_2pkSMM7KlL',#18,$,$,(#522),#538);
#550=IFCRELDEFINESBYPROPERTIES('0L0ld6YxZQiUFrPimWYeu6',#18,$,$,(#522),#540);
#551=IFCRELDEFINESBYPROPERTIES('3$Ip2oBNIHIl13wsM36AwA',#18,$,$,(#522),#542);
#552=IFCRELDEFINESBYPROPERTIES('0EjgcCAt$9d5099naAnnCB',#18,$,$,(#522),#548);
#553=IFCPROPERTYSINGLEVALUE('Familia y tipo',$,IFCLABEL('Muro b\X\E1sico: 83 mm'),$);
#554=IFCPROPERTYSINGLEVALUE('ID de tipo',$,IFCLABEL('153302'),$);
#555=IFCPROPERTYSINGLEVALUE('Tipo',$,IFCLABEL('83 mm'),$);
#556=IFCPROPERTYSINGLEVALUE('Altura desconectada',$,IFCLENGTHMEASURE(2.4419999999999877),$);
#557=IFCPROPERTYSINGLEVALUE('La parte superior est\X\E1 enlazada',$,IFCBOOLEAN(.T.),$);
#558=IFCPROPERTYSINGLEVALUE('L\X\EDnea de ubicaci\X\F3n',$,IFCIDENTIFIER('Eje del muro'),$);
#559=IFCPROPERTYSINGLEVALUE('\X\C1rea',$,IFCAREAMEASURE(2.0203980000001924),$);
#560=IFCPROPERTYSINGLEVALUE('Longitud',$,IFCLENGTHMEASURE(0.90500000000014125),$);
#561=IFCPROPERTYSINGLEVALUE('Volumen',$,IFCVOLUMEMEASURE(0.16769303399989829),$);
#562=IFCPROPERTYSINGLEVALUE('Nombre de familia',$,IFCTEXT('Muro b\X\E1sico'),$);
#563=IFCPROPERTYSINGLEVALUE('Anchura',$,IFCLENGTHMEASURE(0.083000000000000004),$);
#564=IFCPROPERTYSINGLEVALUE('Nombre de tipo',$,IFCTEXT('83 mm'),$);
#565=IFCPROPERTYSET('0m8CUfPbYrWmA7EO3djEHJ',#18,'Otros',$,(#109,#110,#553,#554,#555));
#566=IFCPROPERTYSET('1sKWQYqtxRxGpG5MackMZQ',#18,'Restricciones',$,(#115,#116,#117,#118,#119,#120,#123,#124,#125,#556,#557,#558));
#567=IFCPROPERTYSET('0bSnfobODDcMFCc_XbPPms',#18,'Cotas',$,(#559,#560,#561));
#568=IFCPROPERTYSET('2LHfQu8xz80BeTxB0193S_',#18,'Proceso por fases',$,(#129));
#569=IFCPROPERTYSET('3hqvoFvrIgHoYLe1TN7$xo',#18,'Estructura',$,(#130,#131));
#570=IFCPROPERTYSET('3m_B4VMm550JI7bHAVs63$',#18,'Definici\X\F3n de secci\X\F3n transversal',$,(#132));
#571=IFCPROPERTYSET('3IS0WxEM0VUttoQ0spbEO8',#18,'Otros',$,(#109,#562));
#572=IFCPROPERTYSET('3xwNESmj2gWOsYvJCmr4zF',#18,'Construcci\X\F3n',$,(#135,#136,#137,#563));
#573=IFCPROPERTYSET('1JYFe0n3IIoldwx0tOVzj9',#18,'Gr\X\E1ficos',$,(#138));
#574=IFCPROPERTYSET('1etVaBz8xUp5ifhjiwk4sP',#18,'Datos de identidad',$,(#564));
#575=IFCPROPERTYSET('2s4a09Lg86b6aKiSz553If',#18,'Propiedades anal\X\EDticas',$,(#140,#141));
#576=IFCCARTESIANPOINT((0.89499999999298752,4.9058000000010686,0.));
#577=IFCAXIS2PLACEMENT3D(#576,#9,#7);
#578=IFCLOCALPLACEMENT(#36,#577);
#579=IFCCARTESIANPOINT((0.3072000000029102,0.));
#580=IFCPOLYLINE((#4,#579));
#581=IFCSHAPEREPRESENTATION(#25,'Axis','Curve2D',(#580));
#582=IFCPRODUCTDEFINITIONSHAPE($,$,(#581,#601));
#583=IFCCARTESIANPOINT((0.1536000000014551,0.));
#584=IFCAXIS2PLACEMENT2D(#583,#12);
#585=IFCRECTANGLEPROFILEDEF(.AREA.,$,#584,0.3072000000029102,0.083000000000000088);
#586=IFCAXIS2PLACEMENT3D(#3,$,$);
#587=IFCEXTRUDEDAREASOLID(#585,#586,#9,2.2919999999999878);
#588=IFCCARTESIANPOINT((0.22420000000291068,0.));
#589=IFCCARTESIANPOINT((0.3072000000029102,0.));
#590=IFCCARTESIANPOINT((0.3072000000029102,0.082999999999999949));
#591=IFCCARTESIANPOINT((0.,0.082999999999999949));
#592=IFCPOLYLINE((#4,#588,#589,#590,#591,#4));
#593=IFCCARTESIANPOINT((0.,-0.041499999999999905,2.2919999999999878));
#594=IFCAXIS2PLACEMENT3D(#593,#10,#8);
#595=IFCPLANE(#594);
#596=IFCCARTESIANPOINT((0.,-0.041499999999999905,2.2919999999999878));
#597=IFCAXIS2PLACEMENT3D(#596,$,$);
#598=IFCPOLYGONALBOUNDEDHALFSPACE(#595,.T.,#597,#592);
#599=IFCBOOLEANCLIPPINGRESULT(.DIFFERENCE.,#587,#598);
#600=IFCSTYLEDITEM(#587,(#68),$);
#601=IFCSHAPEREPRESENTATION(#26,'Body','Clipping',(#599));
#602=IFCWALLSTANDARDCASE('0i4ixs_qz3rfJKp3nH4f1z',#18,'Muro b\X\E1sico:83 mm:153526',$,'Muro b\X\E1sico:83 mm',#578,#582,'153526');
#603=IFCQUANTITYLENGTH('Height',$,$,2.2919999999999878);
#604=IFCQUANTITYLENGTH('Length',$,$,0.3072000000029102);
#605=IFCQUANTITYLENGTH('Width',$,$,0.083000000000000004);
#606=IFCQUANTITYAREA('GrossFootprintArea',$,$,0.025497600000241569);
#607=IFCQUANTITYVOLUME('GrossVolume',$,$,0.058440499200553331);
#608=IFCQUANTITYAREA('GrossSideArea',$,$,0.70410240000666657);
#609=IFCQUANTITYAREA('NetSideArea',$,$,0.70410240000666646);
#610=IFCQUANTITYVOLUME('NetVolume',$,$,0.058440499200553268);
#611=IFCELEMENTQUANTITY('2T82DbsxKZqwxHEKsSrr7v',#18,'BaseQuantities',$,$,(#603,#604,#605,#606,#607,#608,#609,#610));
#612=IFCRELDEFINESBYPROPERTIES('2UylpuajYAy51LO1JYDQA9',#18,$,$,(#602),#611);
#613=IFCMATERIALLAYERSETUSAGE(#534,.AXIS2.,.NEGATIVE.,0.041500000000000002);
#614=IFCPROPERTYSET('3wBq7v$vFyUYkG6KMoEEKN',#18,'Pset_QuantityTakeOff',$,(#537));
#615=IFCPROPERTYSINGLEVALUE('Reference',$,IFCLABEL('83 mm'),$);
#616=IFCPROPERTYSET('2sFGVyCYJikn6BEatQFn6P',#18,'Pset_ReinforcementBarPitchOfWall',$,(#615));
#617=IFCPROPERTYSET('3AoJYd8rjQOjm9lW9BO$nt',#18,'Pset_WallCommon',$,(#95,#97,#537,#541));
#618=IFCPROPERTYSINGLEVALUE('Montaje de muro',$,IFCLABEL('83 mm'),$);
#619=IFCPROPERTYSINGLEVALUE('Longitud - Centro a centro',$,IFCLENGTHMEASURE(0.3072000000029102),$);
#620=IFCPROPERTYSINGLEVALUE('Anchura',$,IFCLENGTHMEASURE(0.083000000000000004),$);
#621=IFCPROPERTYSINGLEVALUE('\X\C1rea',$,IFCAREAMEASURE(0.70410240000666646),$);
#622=IFCPROPERTYSINGLEVALUE('Volumen',$,IFCVOLUMEMEASURE(0.058440499200553268),$);
#623=IFCPROPERTYSET('2X0KbyB5gikM5XiaZtxBOt',#18,'Cantidades de muro por montaje',$,(#618,#619,#620,#621,#622));
#624=IFCRELDEFINESBYPROPERTIES('0cQdlvOXkO8QyHBrRldlmb',#18,$,$,(#602),#614);
#625=IFCRELDEFINESBYPROPERTIES('253pmpVHyQXF3DXlmQRwcF',#18,$,$,(#602),#616);
#626=IFCRELDEFINESBYPROPERTIES('34erj_STbNpMA5nrwB2Hyq',#18,$,$,(#602),#617);
#627=IFCRELDEFINESBYPROPERTIES('0ju3mN_fn1jPqO3WVaCKUd',#18,$,$,(#602),#623);
#628=IFCPROPERTYSINGLEVALUE('Altura desconectada',$,IFCLENGTHMEASURE(2.4419999999999877),$);
#629=IFCPROPERTYSINGLEVALUE('\X\C1rea',$,IFCAREAMEASURE(0.70410240000666646),$);
#630=IFCPROPERTYSINGLEVALUE('Longitud',$,IFCLENGTHMEASURE(0.3072000000029102),$);
#631=IFCPROPERTYSINGLEVALUE('Volumen',$,IFCVOLUMEMEASURE(0.058440499200553268),$);
#632=IFCPROPERTYSET('2NdIBfE9tc25Lwzyv$r2p8',#18,'Otros',$,(#109,#110,#553,#554,#555));
#633=IFCPROPERTYSET('3Jw3A24yOu_7f77B4PvqfJ',#18,'Restricciones',$,(#115,#116,#117,#118,#119,#120,#123,#124,#125,#557,#558,#628));
#634=IFCPROPERTYSET('1sX$byY3BDzPIekCO6tZPQ',#18,'Cotas',$,(#629,#630,#631));
#635=IFCPROPERTYSET('2M5RyU8kYcsao24VjtzbyO',#18,'Proceso por fases',$,(#129));
#636=IFCPROPERTYSET('2FRcJBwi1F4dYxTP1BKH$2',#18,'Estructura',$,(#130,#131));
#637=IFCPROPERTYSET('0C7H92dgg7N1fB65C3gN5C',#18,'Definici\X\F3n de secci\X\F3n transversal',$,(#132));
#638=IFCCARTESIANPOINT((0.93649999999298728,5.171500000003979,0.));
#639=IFCAXIS2PLACEMENT3D(#638,$,$);
#640=IFCLOCALPLACEMENT(#36,#639);
#641=IFCCARTESIANPOINT((1.7412997725658446,0.));
#642=IFCPOLYLINE((#4,#641));
#643=IFCSHAPEREPRESENTATION(#25,'Axis','Curve2D',(#642));
#644=IFCPRODUCTDEFINITIONSHAPE($,$,(#643,#665));
#645=IFCCARTESIANPOINT((0.87064988628292228,0.));
#646=IFCAXIS2PLACEMENT2D(#645,#12);
#647=IFCRECTANGLEPROFILEDEF(.AREA.,$,#646,1.7412997725658446,0.083000000000000629);
#648=IFCAXIS2PLACEMENT3D(#3,$,$);
#649=IFCEXTRUDEDAREASOLID(#647,#648,#9,2.2919999999999878);
#650=IFCCARTESIANPOINT((1.6582997725658444,0.));
#651=IFCCARTESIANPOINT((1.7412997725658446,0.));
#652=IFCCARTESIANPOINT((1.7412997725658446,0.082999999999999546));
#653=IFCCARTESIANPOINT((1.4219278671113431,0.082999999999999546));
#654=IFCCARTESIANPOINT((1.3389278671113432,0.082999999999999546));
#655=IFCCARTESIANPOINT((0.,0.082999999999999546));
#656=IFCPOLYLINE((#4,#650,#651,#652,#653,#654,#655,#4));
#657=IFCCARTESIANPOINT((0.,-0.041499999999999232,2.2919999999999878));
#658=IFCAXIS2PLACEMENT3D(#657,#10,#5);
#659=IFCPLANE(#658);
#660=IFCCARTESIANPOINT((0.,-0.041499999999999232,2.2919999999999878));
#661=IFCAXIS2PLACEMENT3D(#660,$,$);
#662=IFCPOLYGONALBOUNDEDHALFSPACE(#659,.T.,#661,#656);
#663=IFCBOOLEANCLIPPINGRESULT(.DIFFERENCE.,#649,#662);
#664=IFCSTYLEDITEM(#649,(#68),$);
#665=IFCSHAPEREPRESENTATION(#26,'Body','Clipping',(#663));
#666=IFCWALLSTANDARDCASE('0i4ixs_qz3rfJKp3nH4f$0',#18,'Muro b\X\E1sico:83 mm:153611',$,'Muro b\X\E1sico:83 mm',#640,#644,'153611');
#667=IFCAXIS2PLACEMENT3D(#676,$,$);
#669=IFCCARTESIANPOINT((-2.7061686225238191E-016,0.));
#670=IFCAXIS2PLACEMENT2D(#669,#13);
#671=IFCRECTANGLEPROFILEDEF(.AREA.,'0762 x 2032mm',#670,1.9999999999999993,0.083000000000000088);
#672=IFCCARTESIANPOINT((2.6362997725588313,4.3900000000040116,1.));
#673=IFCAXIS2PLACEMENT3D(#672,#7,#6);
#674=IFCEXTRUDEDAREASOLID(#671,#673,#9,0.73999999999999966);
#675=IFCSHAPEREPRESENTATION(#26,'Body','SweptSolid',(#674));
#676=IFCCARTESIANPOINT((-0.93649999999298728,-5.171500000003979,0.));
#677=IFCPRODUCTDEFINITIONSHAPE($,$,(#675));
#678=IFCCARTESIANPOINT((-0.93649999999298728,-5.171500000003979,0.));
#679=IFCAXIS2PLACEMENT3D(#678,$,$);
#680=IFCLOCALPLACEMENT(#640,#679);
#681=IFCOPENINGELEMENT('3YCGaZ$2UO3kykmt8B0QZs',#18,'Muro b\X\E1sico:83 mm:153611',$,'Opening',#680,#677,'160318');
#682=IFCQUANTITYLENGTH('Depth',$,$,0.73999999999999966);
#683=IFCQUANTITYLENGTH('Height',$,$,1.9999999999999993);
#684=IFCQUANTITYLENGTH('Width',$,$,0.083000000000000088);
#685=IFCELEMENTQUANTITY('2o4Oym0AGx0yT63A0SdLHp',#18,'BaseQuantities',$,$,(#682,#683,#684));
#686=IFCRELDEFINESBYPROPERTIES('05FsqEik3$BMPd0uWUlYU3',#18,$,$,(#681),#685);
#687=IFCRELVOIDSELEMENT('3elm2WVUU4hvMxWV1SY3Qf',#18,$,$,#666,#681);
#688=IFCQUANTITYLENGTH('Height',$,$,2.2919999999999878);
#689=IFCQUANTITYLENGTH('Length',$,$,1.7412997725658446);
#690=IFCQUANTITYLENGTH('Width',$,$,0.083000000000000004);
#691=IFCQUANTITYAREA('GrossFootprintArea',$,$,0.14452788112296616);
#692=IFCQUANTITYVOLUME('GrossVolume',$,$,0.20841790353383441);
#693=IFCQUANTITYAREA('GrossSideArea',$,$,2.5110590787208964);
#694=IFCQUANTITYAREA('NetSideArea',$,$,2.511059078720896);
#695=IFCQUANTITYVOLUME('NetVolume',$,$,0.2084179035338336);
#696=IFCELEMENTQUANTITY('3xVCuiVflrYzIWFPMWlhru',#18,'BaseQuantities',$,$,(#688,#689,#690,#691,#692,#693,#694,#695));
#697=IFCRELDEFINESBYPROPERTIES('31miHjy7OXyYmmBlsxIN7X',#18,$,$,(#666),#696);
#698=IFCMATERIALLAYERSETUSAGE(#534,.AXIS2.,.NEGATIVE.,0.041500000000000002);
#699=IFCPROPERTYSET('39Tyjv1qBH81qr2v3r035W',#18,'Pset_QuantityTakeOff',$,(#537));
#700=IFCPROPERTYSINGLEVALUE('Reference',$,IFCLABEL('83 mm'),$);
#701=IFCPROPERTYSET('2zwD_qIF11Pt8nTwpmVN8p',#18,'Pset_ReinforcementBarPitchOfWall',$,(#700));
#702=IFCPROPERTYSET('2Kp2eVExYHXqTgYT6sErgi',#18,'Pset_WallCommon',$,(#95,#97,#537,#541));
#703=IFCPROPERTYSINGLEVALUE('Montaje de muro',$,IFCLABEL('83 mm'),$);
#704=IFCPROPERTYSINGLEVALUE('Longitud - Centro a centro',$,IFCLENGTHMEASURE(1.7412997725658439),$);
#705=IFCPROPERTYSINGLEVALUE('Anchura',$,IFCLENGTHMEASURE(0.083000000000000004),$);
#706=IFCPROPERTYSINGLEVALUE('\X\C1rea',$,IFCAREAMEASURE(2.511059078720896),$);
#707=IFCPROPERTYSINGLEVALUE('Volumen',$,IFCVOLUMEMEASURE(0.2084179035338336),$);
#708=IFCPROPERTYSET('2rZMXX6hKAsB5MSAbcRXjy',#18,'Cantidades de muro por montaje',$,(#703,#704,#705,#706,#707));
#709=IFCPROPERTYSINGLEVALUE('Reference',$,IFCIDENTIFIER('0762 x 2032mm'),$);
#710=IFCPROPERTYSET('0RgPdcaYSlIMyuySMvtA8N',#18,'Pset_OpeningElementCommon',$,(#709));
#711=IFCPROPERTYSET('21MwyIyFWHPtkmOVE_VpBx',#18,'Pset_QuantityTakeOff',$,(#709));
#712=IFCPROPERTYSINGLEVALUE('Descripci\X\F3n de puerta',$,IFCLABEL('Simple-A ras'),$);
#713=IFCPROPERTYSINGLEVALUE('Tipo',$,IFCLABEL('0762 x 2032mm'),$);
#714=IFCPROPERTYSINGLEVALUE('Anchura',$,IFCLENGTHMEASURE(0.73999999999999988),$);
#715=IFCPROPERTYSINGLEVALUE('Altura',$,IFCLENGTHMEASURE(1.9999999999999998),$);
#716=IFCPROPERTYSINGLEVALUE('Grosor',$,IFCLENGTHMEASURE(0.050999999999999997),$);
#717=IFCPROPERTYSINGLEVALUE('Tipo de puerta',$,IFCTEXT('26'),$);
#718=IFCPROPERTYSET('0rHp2Mf8zCqBEIfL$b4RFJ',#18,'Cantidades de puertas',$,(#712,#713,#714,#715,#716,#717));
#719=IFCRELDEFINESBYPROPERTIES('0LyRFSlsOkoyiW2iQDiQOw',#18,$,$,(#666),#699);
#720=IFCRELDEFINESBYPROPERTIES('3bIDb8sMKafF4UYckYmllT',#18,$,$,(#666),#701);
#721=IFCRELDEFINESBYPROPERTIES('3jLdb$2dMiD4c7lhZBbkg7',#18,$,$,(#666),#702);
#722=IFCRELDEFINESBYPROPERTIES('2w5DF4BWPCefSuoavhA5CJ',#18,$,$,(#666),#708);
#723=IFCRELDEFINESBYPROPERTIES('20FhyrsFMiQYIDBYOFjNRD',#18,$,$,(#681),#710);
#724=IFCRELDEFINESBYPROPERTIES('0eBD60nxb2HTC0jq$u8sfV',#18,$,$,(#681),#711);
#725=IFCRELDEFINESBYPROPERTIES('0ttIAWDmmjQjMryrrYwRiu',#18,$,$,(#681),#718);
#726=IFCPROPERTYSINGLEVALUE('Altura desconectada',$,IFCLENGTHMEASURE(2.4419999999999877),$);
#727=IFCPROPERTYSINGLEVALUE('\X\C1rea',$,IFCAREAMEASURE(2.511059078720896),$);
#728=IFCPROPERTYSINGLEVALUE('Longitud',$,IFCLENGTHMEASURE(1.7412997725658439),$);
#729=IFCPROPERTYSINGLEVALUE('Volumen',$,IFCVOLUMEMEASURE(0.2084179035338336),$);
#730=IFCPROPERTYSET('3Ssv$j_63yrecc0EALInuN',#18,'Otros',$,(#109,#110,#553,#554,#555));
#731=IFCPROPERTYSET('2FOIRFzE$6dt2cN2iBdyaP',#18,'Restricciones',$,(#115,#116,#117,#118,#119,#120,#123,#124,#125,#557,#558,#726));
#732=IFCPROPERTYSET('0l4_i5WCawaCE3NOJL0Rfv',#18,'Cotas',$,(#727,#728,#729));
#733=IFCPROPERTYSET('1Qa131KSSYeAuu90w5DO3X',#18,'Proceso por fases',$,(#129));
#734=IFCPROPERTYSET('3Pf4BIm$Ox6CJ_p1SAUfQC',#18,'Estructura',$,(#130,#131));
#735=IFCPROPERTYSET('2cX3G3WsrQoVTrZKyilC1k',#18,'Definici\X\F3n de secci\X\F3n transversal',$,(#132));
#736=IFCPROPERTYSINGLEVALUE('Altura de extremo inicial',$,IFCLENGTHMEASURE(1.9999999999999998),$);
#737=IFCPROPERTYSINGLEVALUE('Familia y tipo',$,IFCLABEL('Simple-A ras: 0762 x 2032mm'),$);
#738=IFCPROPERTYSINGLEVALUE('ID de anfitri\X\F3n',$,IFCLABEL('153885'),$);
#739=IFCPROPERTYSINGLEVALUE('ID de tipo',$,IFCLABEL('67183'),$);
#740=IFCPROPERTYSINGLEVALUE('Tipo',$,IFCLABEL('0762 x 2032mm'),$);
#741=IFCPROPERTYSINGLEVALUE('\X\C1rea',$,IFCAREAMEASURE(2.6117239999999784),$);
#742=IFCPROPERTYSINGLEVALUE('Volumen',$,IFCVOLUMEMEASURE(0.094069599999999434),$);
#743=IFCPROPERTYSINGLEVALUE('Marca',$,IFCTEXT('5'),$);
#744=IFCPROPERTYSINGLEVALUE('Nombre de familia',$,IFCTEXT('Simple-A ras'),$);
#745=IFCPROPERTYSINGLEVALUE('Altura',$,IFCLENGTHMEASURE(1.9999999999999998),$);
#746=IFCPROPERTYSINGLEVALUE('Anchura',$,IFCLENGTHMEASURE(0.73999999999999988),$);
#747=IFCPROPERTYSINGLEVALUE('Anchura de cubrejuntas',$,IFCLENGTHMEASURE(0.075999999999999984),$);
#748=IFCPROPERTYSINGLEVALUE('Grosor',$,IFCLENGTHMEASURE(0.050999999999999997),$);
#749=IFCPROPERTYSINGLEVALUE('Proyecci\X\F3n cubrejuntas ext',$,IFCLENGTHMEASURE(0.025000000000000001),$);
#750=IFCPROPERTYSINGLEVALUE('Proyecci\X\F3n cubrejuntas int',$,IFCLENGTHMEASURE(0.025000000000000001),$);
#751=IFCPROPERTYSINGLEVALUE('Marca de tipo',$,IFCTEXT('26'),$);
#752=IFCPROPERTYSINGLEVALUE('Nombre de tipo',$,IFCTEXT('0762 x 2032mm'),$);
#753=IFCPROPERTYSINGLEVALUE('N\X\FAmero OmniClass',$,IFCTEXT('23.30.10.00'),$);
#754=IFCPROPERTYSINGLEVALUE('T\X\EDtulo OmniClass',$,IFCTEXT('Doors'),$);
#755=IFCPROPERTYSINGLEVALUE('Coeficiente de transferencia de calor (U)',$,IFCTHERMALTRANSMITTANCEMEASURE(3.7021000000000002),$);
#756=IFCPROPERTYSINGLEVALUE('Construcci\X\F3n anal\X\EDtica',$,IFCTEXT('Metal'),$);
#757=IFCPROPERTYSINGLEVALUE('Resistencia t\X\E9rmica (R)',$,IFCTHERMALRESISTANCEMEASURE(0.27011696064395885),$);
#758=IFCPROPERTYSET('3Rsr7Dkoi1W3UK2D0mmGTI',#18,'Otros',$,(#342,#343,#736,#737,#738,#739,#740));
#759=IFCPROPERTYSET('3VDoGFsC1ygXaT0eaadvRp',#18,'Restricciones',$,(#348,#349));
#760=IFCPROPERTYSET('0uf_4BnGDqBf0V8t_vgAPC',#18,'Cotas',$,(#741,#742));
#761=IFCPROPERTYSET('1DfRhGMov$bJdl$8_Yeyii',#18,'Datos de identidad',$,(#743));
#762=IFCPROPERTYSET('2g3kUEpUVJldaVf3bl8_40',#18,'Proceso por fases',$,(#129));
#763=IFCPROPERTYSET('3w8SRx8J5eM2KnF_ZxrJ39',#18,'Otros(Tipo)',$,(#342,#744));
#764=IFCPROPERTYSET('28L_vo6zc$MRNr_dYY6dPc',#18,'Construcci\X\F3n(Tipo)',$,(#354,#355));
#765=IFCPROPERTYSET('2usBqGo7fJEuvJa2U5Ojob',#18,'Cotas(Tipo)',$,(#745,#746,#747,#748,#749,#750));
#766=IFCPROPERTYSET('2Cf9w4ip7c9xsT5NTXuHvk',#18,'Datos de identidad(Tipo)',$,(#751,#752,#753,#754));
#767=IFCPROPERTYSET('3EPQj$cDCW2mMA90V2frsO',#18,'Materiales y acabados(Tipo)',$,(#366,#367));
#768=IFCPROPERTYSET('0bqAMFPiJApB2vTonNJrTB',#18,'Propiedades anal\X\EDticas(Tipo)',$,(#368,#378,#384,#755,#756,#757));
#769=IFCCARTESIANPOINT((2.3169278671043307,5.2130000000039791,0.));
#770=IFCAXIS2PLACEMENT3D(#769,#9,#7);
#771=IFCLOCALPLACEMENT(#36,#770);
#772=IFCCARTESIANPOINT((1.7902999999999503,0.));
#773=IFCPOLYLINE((#4,#772));
#774=IFCSHAPEREPRESENTATION(#25,'Axis','Curve2D',(#773));
#775=IFCPRODUCTDEFINITIONSHAPE($,$,(#774,#793));
#776=IFCCARTESIANPOINT((0.89514999999997513,0.));
#777=IFCAXIS2PLACEMENT2D(#776,#12);
#778=IFCRECTANGLEPROFILEDEF(.AREA.,$,#777,1.7902999999999503,0.083000000000000088);
#779=IFCAXIS2PLACEMENT3D(#3,$,$);
#780=IFCEXTRUDEDAREASOLID(#778,#779,#9,2.2919999999999878);
#781=IFCCARTESIANPOINT((1.7902999999999503,0.));
#782=IFCCARTESIANPOINT((1.7902999999999503,0.083000000000000088));
#783=IFCCARTESIANPOINT((0.,0.083000000000000088));
#784=IFCPOLYLINE((#4,#781,#782,#783,#4));
#785=IFCCARTESIANPOINT((0.,-0.041500000000000044,2.2919999999999878));
#786=IFCAXIS2PLACEMENT3D(#785,#10,#8);
#787=IFCPLANE(#786);
#788=IFCCARTESIANPOINT((0.,-0.041500000000000044,2.2919999999999878));
#789=IFCAXIS2PLACEMENT3D(#788,$,$);
#790=IFCPOLYGONALBOUNDEDHALFSPACE(#787,.T.,#789,#784);
#791=IFCBOOLEANCLIPPINGRESULT(.DIFFERENCE.,#780,#790);
#792=IFCSTYLEDITEM(#780,(#68),$);
#793=IFCSHAPEREPRESENTATION(#26,'Body','Clipping',(#791));
#794=IFCWALLSTANDARDCASE('0i4ixs_qz3rfJKp3nH4f_Y',#18,'Muro b\X\E1sico:83 mm:153705',$,'Muro b\X\E1sico:83 mm',#771,#775,'153705');
#795=IFCQUANTITYLENGTH('Height',$,$,2.2919999999999878);
#796=IFCQUANTITYLENGTH('Length',$,$,1.7902999999999503);
#797=IFCQUANTITYLENGTH('Width',$,$,0.083000000000000004);
#798=IFCQUANTITYAREA('GrossFootprintArea',$,$,0.14859489999999601);
#799=IFCQUANTITYVOLUME('GrossVolume',$,$,0.34057951079998872);
#800=IFCQUANTITYAREA('GrossSideArea',$,$,4.1033675999998636);
#801=IFCQUANTITYAREA('NetSideArea',$,$,4.1033675999998644);
#802=IFCQUANTITYVOLUME('NetVolume',$,$,0.34057951079998899);
#803=IFCELEMENTQUANTITY('1UVpjVhkc7fKOSv5NYNhgg',#18,'BaseQuantities',$,$,(#795,#796,#797,#798,#799,#800,#801,#802));
#804=IFCRELDEFINESBYPROPERTIES('1ZmKJV0zY8ZBRkTiQnS4im',#18,$,$,(#794),#803);
#805=IFCMATERIALLAYERSETUSAGE(#534,.AXIS2.,.NEGATIVE.,0.041500000000000002);
#806=IFCPROPERTYSET('0nHBgKTsUmp6BxHeJ97kbh',#18,'Pset_QuantityTakeOff',$,(#537));
#807=IFCPROPERTYSINGLEVALUE('Reference',$,IFCLABEL('83 mm'),$);
#808=IFCPROPERTYSET('0P7YHrmjzc4$hYMMMrE2pw',#18,'Pset_ReinforcementBarPitchOfWall',$,(#807));
#809=IFCPROPERTYSET('39EfKE2QODU74aXdDnWKvs',#18,'Pset_WallCommon',$,(#95,#97,#537,#541));
#810=IFCPROPERTYSINGLEVALUE('Montaje de muro',$,IFCLABEL('83 mm'),$);
#811=IFCPROPERTYSINGLEVALUE('Longitud - Centro a centro',$,IFCLENGTHMEASURE(1.8967999999999501),$);
#812=IFCPROPERTYSINGLEVALUE('Anchura',$,IFCLENGTHMEASURE(0.083000000000000004),$);
#813=IFCPROPERTYSINGLEVALUE('\X\C1rea',$,IFCAREAMEASURE(4.1033675999998644),$);
#814=IFCPROPERTYSINGLEVALUE('Volumen',$,IFCVOLUMEMEASURE(0.34057951079998899),$);
#815=IFCPROPERTYSET('29Pjt$2HTcbULIC6fOxlH1',#18,'Cantidades de muro por montaje',$,(#810,#811,#812,#813,#814));
#816=IFCRELDEFINESBYPROPERTIES('1kmuUZT7ErLLBcY$Ohn1pX',#18,$,$,(#794),#806);
#817=IFCRELDEFINESBYPROPERTIES('1Ah8WIKfJJMiGSbc6NM0th',#18,$,$,(#794),#808);
#818=IFCRELDEFINESBYPROPERTIES('1xG0EuyiMPkfAzQf1C4rlr',#18,$,$,(#794),#809);
#819=IFCRELDEFINESBYPROPERTIES('07LLUMxRWivTWyyu$HIWcL',#18,$,$,(#794),#815);
#820=IFCPROPERTYSINGLEVALUE('Altura desconectada',$,IFCLENGTHMEASURE(2.4419999999999877),$);
#821=IFCPROPERTYSINGLEVALUE('\X\C1rea',$,IFCAREAMEASURE(4.1033675999998644),$);
#822=IFCPROPERTYSINGLEVALUE('Longitud',$,IFCLENGTHMEASURE(1.8967999999999501),$);
#823=IFCPROPERTYSINGLEVALUE('Volumen',$,IFCVOLUMEMEASURE(0.34057951079998899),$);
#824=IFCPROPERTYSET('1USnL6_XTzypXjWbXIzo7A',#18,'Otros',$,(#109,#110,#553,#554,#555));
#825=IFCPROPERTYSET('12N_hm6eARmMV3wKK69z7J',#18,'Restricciones',$,(#115,#116,#117,#118,#119,#120,#123,#124,#125,#557,#558,#820));
#826=IFCPROPERTYSET('2gjqOyDR1fST44gLUyeDs$',#18,'Cotas',$,(#821,#822,#823));
#827=IFCPROPERTYSET('05vPCEjfW33xvPHgHha0Wp',#18,'Proceso por fases',$,(#129));
#828=IFCPROPERTYSET('0gyv3OIA9neFaiKt2Ge8TM',#18,'Estructura',$,(#130,#131));
#829=IFCPROPERTYSET('1NE7wyRjed3vlCOMD4qflF',#18,'Definici\X\F3n de secci\X\F3n transversal',$,(#132));
#830=IFCCARTESIANPOINT((4.0717997725590527,3.2699565036607154,0.));
#831=IFCAXIS2PLACEMENT3D(#830,#9,#6);
#832=IFCLOCALPLACEMENT(#36,#831);
#833=IFCCARTESIANPOINT((1.4770000000002215,0.));
#834=IFCPOLYLINE((#4,#833));
#835=IFCSHAPEREPRESENTATION(#25,'Axis','Curve2D',(#834));
#836=IFCPRODUCTDEFINITIONSHAPE($,$,(#835,#855));
#837=IFCCARTESIANPOINT((0.73850000000011073,0.));
#838=IFCAXIS2PLACEMENT2D(#837,#12);
#839=IFCRECTANGLEPROFILEDEF(.AREA.,$,#838,1.4770000000002215,0.082999999999999546);
#840=IFCAXIS2PLACEMENT3D(#3,$,$);
#841=IFCEXTRUDEDAREASOLID(#839,#840,#9,2.4419999999999877);
#842=IFCCARTESIANPOINT((0.60399999998546383,0.));
#843=IFCCARTESIANPOINT((0.68699999998546402,0.));
#844=IFCCARTESIANPOINT((0.68699999998546402,0.083000000000000088));
#845=IFCCARTESIANPOINT((0.,0.083000000000000088));
#846=IFCPOLYLINE((#4,#842,#843,#844,#845,#4));
#847=IFCCARTESIANPOINT((0.79000000001475745,-0.041500000000000314,2.2919999999999878));
#848=IFCAXIS2PLACEMENT3D(#847,#10,#6);
#849=IFCPLANE(#848);
#850=IFCCARTESIANPOINT((0.79000000001475745,-0.041500000000000314,2.2919999999999878));
#851=IFCAXIS2PLACEMENT3D(#850,$,$);
#852=IFCPOLYGONALBOUNDEDHALFSPACE(#849,.T.,#851,#846);
#853=IFCBOOLEANCLIPPINGRESULT(.DIFFERENCE.,#841,#852);
#854=IFCSTYLEDITEM(#841,(#68),$);
#855=IFCSHAPEREPRESENTATION(#26,'Body','Clipping',(#853));
#856=IFCWALLSTANDARDCASE('0i4ixs_qz3rfJKp3nH4fyK',#18,'Muro b\X\E1sico:83 mm:153823',$,'Muro b\X\E1sico:83 mm',#832,#836,'153823');
#857=IFCCARTESIANPOINT((0.,0.));
#858=IFCAXIS2PLACEMENT2D(#857,#13);
#859=IFCRECTANGLEPROFILEDEF(.AREA.,$,#858,0.8600000000000021,0.76500000000018997);
#860=IFCCARTESIANPOINT((0.3175000000000946,0.041499999999999773,2.0119999999999867));
#861=IFCAXIS2PLACEMENT3D(#860,#8,#6);
#862=IFCEXTRUDEDAREASOLID(#859,#861,#9,0.083000000000000004);
#863=IFCSHAPEREPRESENTATION(#26,'Body','SweptSolid',(#862));
#864=IFCPRODUCTDEFINITIONSHAPE($,$,(#863));
#865=IFCAXIS2PLACEMENT3D(#3,$,$);
#866=IFCLOCALPLACEMENT(#832,#865);
#867=IFCOPENINGELEMENT('2xLxLhWPDvnCMefiBiAJOv',#18,'Muro b\X\E1sico:83 mm:153302',$,'Opening',#866,#864,'160012');
#868=IFCQUANTITYLENGTH('Height',$,$,0.8600000000000021);
#869=IFCQUANTITYLENGTH('Width',$,$,0.76500000000018997);
#870=IFCELEMENTQUANTITY('3NTVJ_78Ah4$VlVbTGNDwk',#18,'BaseQuantities',$,$,(#868,#869));
#871=IFCRELDEFINESBYPROPERTIES('3mxVv3PdyOdtueYCERx_9D',#18,$,$,(#867),#870);
#872=IFCRELVOIDSELEMENT('2Bqmx8NxJTTVhvkUFxkfKO',#18,$,$,#856,#867);
#873=IFCQUANTITYLENGTH('Height',$,$,2.4419999999999877);
#874=IFCQUANTITYLENGTH('Length',$,$,1.4770000000002215);
#875=IFCQUANTITYLENGTH('Width',$,$,0.083000000000000004);
#876=IFCQUANTITYAREA('GrossFootprintArea',$,$,0.1225910000000177);
#877=IFCQUANTITYVOLUME('GrossVolume',$,$,0.24084807200021077);
#878=IFCQUANTITYAREA('GrossSideArea',$,$,2.901784000002539);
#879=IFCQUANTITYAREA('NetSideArea',$,$,2.901784000002539);
#880=IFCQUANTITYVOLUME('NetVolume',$,$,0.24084807200021097);
#881=IFCELEMENTQUANTITY('08b3z47kybdwP74Qc6GD5v',#18,'BaseQuantities',$,$,(#873,#874,#875,#876,#877,#878,#879,#880));
#882=IFCRELDEFINESBYPROPERTIES('380soiW_sVbzcTdLmWn9bO',#18,$,$,(#856),#881);
#883=IFCMATERIALLAYERSETUSAGE(#534,.AXIS2.,.NEGATIVE.,0.041500000000000002);
#884=IFCPROPERTYSET('0r7Po$2sNatTEuNT0tebhy',#18,'Pset_QuantityTakeOff',$,(#537));
#885=IFCPROPERTYSINGLEVALUE('Reference',$,IFCLABEL('83 mm'),$);
#886=IFCPROPERTYSET('3t8YiYnJ2hZrf3vbBDxNdk',#18,'Pset_ReinforcementBarPitchOfWall',$,(#885));
#887=IFCPROPERTYSET('2t46hkUom8Z3c_LxR3jK05',#18,'Pset_WallCommon',$,(#95,#97,#537,#541));
#888=IFCPROPERTYSINGLEVALUE('Montaje de muro',$,IFCLABEL('83 mm'),$);
#889=IFCPROPERTYSINGLEVALUE('Longitud - Centro a centro',$,IFCLENGTHMEASURE(1.500500000000222),$);
#890=IFCPROPERTYSINGLEVALUE('Anchura',$,IFCLENGTHMEASURE(0.083000000000000004),$);
#891=IFCPROPERTYSINGLEVALUE('\X\C1rea',$,IFCAREAMEASURE(2.901784000002539),$);
#892=IFCPROPERTYSINGLEVALUE('Volumen',$,IFCVOLUMEMEASURE(0.24084807200021097),$);
#893=IFCPROPERTYSET('1kno8PU6MVO5LWu_uHGPDv',#18,'Cantidades de muro por montaje',$,(#888,#889,#890,#891,#892));
#894=IFCPROPERTYSET('1yK9sj1Bu9xCUHOWqg6C4t',#18,'Pset_OpeningElementCommon',$,(#537));
#895=IFCPROPERTYSET('2LyRzcUljVCaEg9qnMx7UR',#18,'Pset_QuantityTakeOff',$,(#537));
#896=IFCRELDEFINESBYPROPERTIES('2mORplZX6pcPFxVxveCcH7',#18,$,$,(#856),#884);
#897=IFCRELDEFINESBYPROPERTIES('3EqtpJqAva0qgMaWV2OQ3b',#18,$,$,(#856),#886);
#898=IFCRELDEFINESBYPROPERTIES('0kUXDThlFZEKdxBbiiaUSU',#18,$,$,(#856),#887);
#899=IFCRELDEFINESBYPROPERTIES('0k7Bmhpu84HKBrqqN7_ATa',#18,$,$,(#856),#893);
#900=IFCRELDEFINESBYPROPERTIES('2rnaQXKTpNZTjSBra5kLhY',#18,$,$,(#867),#894);
#901=IFCRELDEFINESBYPROPERTIES('2gse93djFLoqslpkGwtDzU',#18,$,$,(#867),#895);
#902=IFCPROPERTYSINGLEVALUE('Altura desconectada',$,IFCLENGTHMEASURE(2.4419999999999877),$);
#903=IFCPROPERTYSINGLEVALUE('\X\C1rea',$,IFCAREAMEASURE(2.901784000002539),$);
#904=IFCPROPERTYSINGLEVALUE('Longitud',$,IFCLENGTHMEASURE(1.500500000000222),$);
#905=IFCPROPERTYSINGLEVALUE('Volumen',$,IFCVOLUMEMEASURE(0.24084807200021097),$);
#906=IFCPROPERTYSET('28PprPRilNCQBplKE3XaOW',#18,'Otros',$,(#109,#110,#553,#554,#555));
#907=IFCPROPERTYSET('3$vfKQry1LFlYNv531UAl0',#18,'Restricciones',$,(#115,#116,#117,#118,#119,#120,#123,#124,#125,#557,#558,#902));
#908=IFCPROPERTYSET('3RCcsZgP_2lRTKX7PE2dCp',#18,'Cotas',$,(#903,#904,#905));
#909=IFCPROPERTYSET('2iJ5bdBFusM6CTMXOyYnNJ',#18,'Proceso por fases',$,(#129));
#910=IFCPROPERTYSET('02fWyy8oY4y78unf8PfHS8',#18,'Estructura',$,(#130,#131));
#911=IFCPROPERTYSET('3jKpF7PeXf5o2ggkFde2xp',#18,'Definici\X\F3n de secci\X\F3n transversal',$,(#132));
#912=IFCPROPERTYSINGLEVALUE('Categor\X\EDa',$,IFCLABEL('L\X\EDneas: <Boceto>'),$);
#913=IFCPROPERTYSINGLEVALUE('Longitud',$,IFCLENGTHMEASURE(0.8600000000000021),$);
#914=IFCPROPERTYSET('3vwiD0P7uB6W5m8V5YX8eL',#18,'Otros',$,(#912));
#915=IFCPROPERTYSET('2yEJLGvPsFxtjg$m2obI7S',#18,'Cotas',$,(#913));
#916=IFCCARTESIANPOINT((2.6362997725588313,3.311456503660716,0.));
#917=IFCAXIS2PLACEMENT3D(#916,#9,#7);
#918=IFCLOCALPLACEMENT(#36,#917);
#919=IFCCARTESIANPOINT((1.8185434963432638,0.));
#920=IFCPOLYLINE((#4,#919));
#921=IFCSHAPEREPRESENTATION(#25,'Axis','Curve2D',(#920));
#922=IFCPRODUCTDEFINITIONSHAPE($,$,(#921,#940));
#923=IFCCARTESIANPOINT((0.90927174817163192,0.));
#924=IFCAXIS2PLACEMENT2D(#923,#12);
#925=IFCRECTANGLEPROFILEDEF(.AREA.,$,#924,1.8185434963432638,0.082999999999999546);
#926=IFCAXIS2PLACEMENT3D(#3,$,$);
#927=IFCEXTRUDEDAREASOLID(#925,#926,#9,2.2919999999999878);
#928=IFCCARTESIANPOINT((1.8185434963432638,0.));
#929=IFCCARTESIANPOINT((1.8185434963432638,0.083000000000000088));
#930=IFCCARTESIANPOINT((0.,0.083000000000000088));
#931=IFCPOLYLINE((#4,#928,#929,#930,#4));
#932=IFCCARTESIANPOINT((0.,-0.041500000000000314,2.2919999999999878));
#933=IFCAXIS2PLACEMENT3D(#932,#10,#8);
#934=IFCPLANE(#933);
#935=IFCCARTESIANPOINT((0.,-0.041500000000000314,2.2919999999999878));
#936=IFCAXIS2PLACEMENT3D(#935,$,$);
#937=IFCPOLYGONALBOUNDEDHALFSPACE(#934,.T.,#936,#931);
#938=IFCBOOLEANCLIPPINGRESULT(.DIFFERENCE.,#927,#937);
#939=IFCSTYLEDITEM(#927,(#68),$);
#940=IFCSHAPEREPRESENTATION(#26,'Body','Clipping',(#938));
#941=IFCWALLSTANDARDCASE('0i4ixs_qz3rfJKp3nH4fxM',#18,'Muro b\X\E1sico:83 mm:153885',$,'Muro b\X\E1sico:83 mm',#918,#922,'153885');
#942=IFCQUANTITYLENGTH('Height',$,$,2.2919999999999878);
#943=IFCQUANTITYLENGTH('Length',$,$,1.8185434963432638);
#944=IFCQUANTITYLENGTH('Width',$,$,0.083000000000000004);
#945=IFCQUANTITYAREA('GrossFootprintArea',$,$,0.15093911019649003);
#946=IFCQUANTITYVOLUME('GrossVolume',$,$,0.22311244057036059);
#947=IFCQUANTITYAREA('GrossSideArea',$,$,2.6881016936188025);
#948=IFCQUANTITYAREA('NetSideArea',$,$,2.6881016936188025);
#949=IFCQUANTITYVOLUME('NetVolume',$,$,0.22311244057036081);
#950=IFCELEMENTQUANTITY('1CEbSgbrCtKs1eztgp33iQ',#18,'BaseQuantities',$,$,(#942,#943,#944,#945,#946,#947,#948,#949));
#951=IFCRELDEFINESBYPROPERTIES('0hokH_eYrelB0iaF5pyNF5',#18,$,$,(#941),#950);
#952=IFCMATERIALLAYERSETUSAGE(#534,.AXIS2.,.NEGATIVE.,0.041500000000000002);
#953=IFCPROPERTYSET('0YQezg53yFN_$5_JYC2n07',#18,'Pset_QuantityTakeOff',$,(#537));
#954=IFCPROPERTYSINGLEVALUE('Reference',$,IFCLABEL('83 mm'),$);
#955=IFCPROPERTYSET('2_ZuZP542ig8Gk4jPLf8aU',#18,'Pset_ReinforcementBarPitchOfWall',$,(#954));
#956=IFCPROPERTYSET('0PCyQptUlOd0ynagIkv2pl',#18,'Pset_WallCommon',$,(#95,#97,#537,#541));
#957=IFCPROPERTYSINGLEVALUE('Montaje de muro',$,IFCLABEL('83 mm'),$);
#958=IFCPROPERTYSINGLEVALUE('Longitud - Centro a centro',$,IFCLENGTHMEASURE(1.9015434963432634),$);
#959=IFCPROPERTYSINGLEVALUE('Anchura',$,IFCLENGTHMEASURE(0.083000000000000004),$);
#960=IFCPROPERTYSINGLEVALUE('\X\C1rea',$,IFCAREAMEASURE(2.6881016936188025),$);
#961=IFCPROPERTYSINGLEVALUE('Volumen',$,IFCVOLUMEMEASURE(0.22311244057036081),$);
#962=IFCPROPERTYSET('0wIyxqfzPdGmAFV3PMnbtd',#18,'Cantidades de muro por montaje',$,(#957,#958,#959,#960,#961));
#963=IFCRELDEFINESBYPROPERTIES('1yxa8NlyhUO$kf70lE5yEO',#18,$,$,(#941),#953);
#964=IFCRELDEFINESBYPROPERTIES('3ywGrPbY315$2ex5pfMKLn',#18,$,$,(#941),#955);
#965=IFCRELDEFINESBYPROPERTIES('09PEjaSvQo4xBvMcB1XhvK',#18,$,$,(#941),#956);
#966=IFCRELDEFINESBYPROPERTIES('3dPx50eoxpduzhLtEAtYcF',#18,$,$,(#941),#962);
#967=IFCPROPERTYSINGLEVALUE('Altura desconectada',$,IFCLENGTHMEASURE(2.4419999999999877),$);
#968=IFCPROPERTYSINGLEVALUE('\X\C1rea',$,IFCAREAMEASURE(2.6881016936188025),$);
#969=IFCPROPERTYSINGLEVALUE('Longitud',$,IFCLENGTHMEASURE(1.9015434963432634),$);
#970=IFCPROPERTYSINGLEVALUE('Volumen',$,IFCVOLUMEMEASURE(0.22311244057036081),$);
#971=IFCPROPERTYSET('2wrRh_LkCD57IqF7XHHJqQ',#18,'Otros',$,(#109,#110,#553,#554,#555));
#972=IFCPROPERTYSET('2B64M4GowA8trJ2wWOKeGm',#18,'Restricciones',$,(#115,#116,#117,#118,#119,#120,#123,#124,#125,#557,#558,#967));
#973=IFCPROPERTYSET('1mFQx0gJokWSA_HfI8zD51',#18,'Cotas',$,(#968,#969,#970));
#974=IFCPROPERTYSET('0XYzeYCwxGCDbUo$w_guoU',#18,'Proceso por fases',$,(#129));
#975=IFCPROPERTYSET('1AS53q8pqaYEvuny3RrlNC',#18,'Estructura',$,(#130,#131));
#976=IFCPROPERTYSET('1U6I0mZZ6A5HAQ9V_bHVlD',#18,'Definici\X\F3n de secci\X\F3n transversal',$,(#132));
#977=IFCCARTESIANPOINT((-0.010000000007101335,-0.074999999999720901,0.));
#978=IFCAXIS2PLACEMENT3D(#977,#9,#7);
#979=IFCLOCALPLACEMENT(#40,#978);
#980=IFCCARTESIANPOINT((7.2083000000036499,0.));
#981=IFCPOLYLINE((#4,#980));
#982=IFCSHAPEREPRESENTATION(#25,'Axis','Curve2D',(#981));
#983=IFCPRODUCTDEFINITIONSHAPE($,$,(#982,#990));
#984=IFCCARTESIANPOINT((3.6041500000018249,0.));
#985=IFCAXIS2PLACEMENT2D(#984,#12);
#986=IFCRECTANGLEPROFILEDEF(.AREA.,$,#985,7.2083000000036499,0.13);
#987=IFCAXIS2PLACEMENT3D(#3,$,$);
#988=IFCEXTRUDEDAREASOLID(#986,#987,#9,2.2999999999999989);
#989=IFCSTYLEDITEM(#988,(#68),$);
#990=IFCSHAPEREPRESENTATION(#26,'Body','SweptSolid',(#988));
#991=IFCWALLSTANDARDCASE('0i4ixs_qz3rfJKp3nH4fuT',#18,'Muro b\X\E1sico:Gen\X\E9rico - 200 mm:154070',$,'Muro b\X\E1sico:Gen\X\E9rico - 200 mm',#979,#983,'154070');
#992=IFCQUANTITYLENGTH('Height',$,$,2.2999999999999989);
#993=IFCQUANTITYLENGTH('Length',$,$,7.2083000000036499);
#994=IFCQUANTITYLENGTH('Width',$,$,0.13);
#995=IFCQUANTITYAREA('GrossFootprintArea',$,$,0.9370790000004745);
#996=IFCQUANTITYVOLUME('GrossVolume',$,$,2.1552817000010909);
#997=IFCQUANTITYAREA('GrossSideArea',$,$,16.579090000008389);
#998=IFCQUANTITYAREA('NetSideArea',$,$,16.579090000008392);
#999=IFCQUANTITYVOLUME('NetVolume',$,$,2.1552817000010895);
#1000=IFCELEMENTQUANTITY('2MLhveP3Cwr5mC5bTT6KXE',#18,'BaseQuantities',$,$,(#992,#993,#994,#995,#996,#997,#998,#999));
#1001=IFCRELDEFINESBYPROPERTIES('256tml_zPm9vC22c5v0O0s',#18,$,$,(#991),#1000);
#1002=IFCMATERIALLAYERSETUSAGE(#88,.AXIS2.,.NEGATIVE.,0.065000000000000002);
#1003=IFCPROPERTYSET('2qM5wFi8fZbdCne5ARZ57Q',#18,'Pset_QuantityTakeOff',$,(#91));
#1004=IFCPROPERTYSINGLEVALUE('Reference',$,IFCLABEL('Gen\X\E9rico - 200 mm'),$);
#1005=IFCPROPERTYSET('33x2hG_tpFkeZcNPh5$W$P',#18,'Pset_ReinforcementBarPitchOfWall',$,(#1004));
#1006=IFCPROPERTYSET('3nYpq0nztdU4cRSmwy$ueq',#18,'Pset_WallCommon',$,(#91,#95,#96,#97));
#1007=IFCPROPERTYSINGLEVALUE('Montaje de muro',$,IFCLABEL('Gen\X\E9rico - 200 mm'),$);
#1008=IFCPROPERTYSINGLEVALUE('Longitud - Centro a centro',$,IFCLENGTHMEASURE(7.0783000000036491),$);
#1009=IFCPROPERTYSINGLEVALUE('Anchura',$,IFCLENGTHMEASURE(0.13),$);
#1010=IFCPROPERTYSINGLEVALUE('\X\C1rea',$,IFCAREAMEASURE(16.579090000008392),$);
#1011=IFCPROPERTYSINGLEVALUE('Volumen',$,IFCVOLUMEMEASURE(2.1552817000010895),$);
#1012=IFCPROPERTYSET('1C6L4Wg$KGfBGUJ6HX9uoT',#18,'Cantidades de muro por montaje',$,(#1007,#1008,#1009,#1010,#1011));
#1013=IFCRELDEFINESBYPROPERTIES('2JNsxhRFADrtcT5EjRFBKp',#18,$,$,(#991),#1003);
#1014=IFCRELDEFINESBYPROPERTIES('3Se8ziFK7hWehCgR$frSDo',#18,$,$,(#991),#1005);
#1015=IFCRELDEFINESBYPROPERTIES('2Dsb3L4hiHcJqdevceAArQ',#18,$,$,(#991),#1006);
#1016=IFCRELDEFINESBYPROPERTIES('3DEr1kKb3rqW3PPT8jJtf$',#18,$,$,(#991),#1012);
#1017=IFCPROPERTYSINGLEVALUE('Altura desconectada',$,IFCLENGTHMEASURE(2.2999999999999998),$);
#1018=IFCPROPERTYSINGLEVALUE('Restricci\X\F3n de base',$,IFCLABEL('Nivel 2'),$);
#1019=IFCPROPERTYSINGLEVALUE('\X\C1rea',$,IFCAREAMEASURE(16.579090000008392),$);
#1020=IFCPROPERTYSINGLEVALUE('Longitud',$,IFCLENGTHMEASURE(7.0783000000036491),$);
#1021=IFCPROPERTYSINGLEVALUE('Volumen',$,IFCVOLUMEMEASURE(2.1552817000010895),$);
#1022=IFCPROPERTYSET('1_2jFEwxKsK_p0L0u6hM8v',#18,'Otros',$,(#109,#110,#111,#112,#113));
#1023=IFCPROPERTYSET('3KVusPGLxuVfrIbNny54Ir',#18,'Restricciones',$,(#115,#116,#117,#118,#119,#120,#121,#123,#558,#1017,#1018));
#1024=IFCPROPERTYSET('2ylNt5yjUpI$FS4H4eJ7aq',#18,'Cotas',$,(#1019,#1020,#1021));
#1025=IFCPROPERTYSET('1o1flpX9p1nd44F9fBurA4',#18,'Proceso por fases',$,(#129));
#1026=IFCPROPERTYSET('3yB4ONlrHlvcL8Ws4I0NwP',#18,'Estructura',$,(#130,#131));
#1027=IFCPROPERTYSET('2832RGieN632ocHxYt0fxE',#18,'Definici\X\F3n de secci\X\F3n transversal',$,(#132));
#1028=IFCCARTESIANPOINT((0.054999999992898507,7.0683000000039291,0.));
#1029=IFCAXIS2PLACEMENT3D(#1028,$,$);
#1030=IFCLOCALPLACEMENT(#40,#1029);
#1031=IFCCARTESIANPOINT((4.1467997725661547,0.));
#1032=IFCPOLYLINE((#4,#1031));
#1033=IFCSHAPEREPRESENTATION(#25,'Axis','Curve2D',(#1032));
#1034=IFCPRODUCTDEFINITIONSHAPE($,$,(#1033,#1041));
#1035=IFCCARTESIANPOINT((2.0733998862830774,0.));
#1036=IFCAXIS2PLACEMENT2D(#1035,#12);
#1037=IFCRECTANGLEPROFILEDEF(.AREA.,$,#1036,4.1467997725661547,0.13000000000000078);
#1038=IFCAXIS2PLACEMENT3D(#3,$,$);
#1039=IFCEXTRUDEDAREASOLID(#1037,#1038,#9,2.2999999999999989);
#1040=IFCSTYLEDITEM(#1039,(#68),$);
#1041=IFCSHAPEREPRESENTATION(#26,'Body','SweptSolid',(#1039));
#1042=IFCWALLSTANDARDCASE('0i4ixs_qz3rfJKp3nH4ftl',#18,'Muro b\X\E1sico:Gen\X\E9rico - 200 mm:154148',$,'Muro b\X\E1sico:Gen\X\E9rico - 200 mm',#1030,#1034,'154148');
#1043=IFCQUANTITYLENGTH('Height',$,$,2.2999999999999989);
#1044=IFCQUANTITYLENGTH('Length',$,$,4.1467997725661547);
#1045=IFCQUANTITYLENGTH('Width',$,$,0.13);
#1046=IFCQUANTITYAREA('GrossFootprintArea',$,$,0.53908397043360334);
#1047=IFCQUANTITYVOLUME('GrossVolume',$,$,1.2398931319972804);
#1048=IFCQUANTITYAREA('GrossSideArea',$,$,9.5376394769021555);
#1049=IFCQUANTITYAREA('NetSideArea',$,$,7.8326394769021643);
#1050=IFCQUANTITYVOLUME('NetVolume',$,$,1.0182431319972791);
#1051=IFCELEMENTQUANTITY('02WnHSXmUo9EL3RXUusyK0',#18,'BaseQuantities',$,$,(#1043,#1044,#1045,#1046,#1047,#1048,#1049,#1050));
#1052=IFCRELDEFINESBYPROPERTIES('0a8Bok5IvnFYZwStOthJHX',#18,$,$,(#1042),#1051);
#1053=IFCMATERIALLAYERSETUSAGE(#88,.AXIS2.,.NEGATIVE.,0.065000000000000002);
#1054=IFCPROPERTYSET('28sOEYJ2IE9G0BXPEYYOE4',#18,'Pset_QuantityTakeOff',$,(#91));
#1055=IFCPROPERTYSINGLEVALUE('Reference',$,IFCLABEL('Gen\X\E9rico - 200 mm'),$);
#1056=IFCPROPERTYSET('3GYvSO3XxgzBf$C4TOHF3S',#18,'Pset_ReinforcementBarPitchOfWall',$,(#1055));
#1057=IFCPROPERTYSET('3_vTxWbmQXgmL9cUerrJ8i',#18,'Pset_WallCommon',$,(#91,#95,#96,#97));
#1058=IFCPROPERTYSINGLEVALUE('Montaje de muro',$,IFCLABEL('Gen\X\E9rico - 200 mm'),$);
#1059=IFCPROPERTYSINGLEVALUE('Longitud - Centro a centro',$,IFCLENGTHMEASURE(4.1467997725661547),$);
#1060=IFCPROPERTYSINGLEVALUE('Anchura',$,IFCLENGTHMEASURE(0.13),$);
#1061=IFCPROPERTYSINGLEVALUE('\X\C1rea',$,IFCAREAMEASURE(7.8326394769021643),$);
#1062=IFCPROPERTYSINGLEVALUE('Volumen',$,IFCVOLUMEMEASURE(1.0182431319972791),$);
#1063=IFCPROPERTYSET('3mkvdVbrVraOZZRscCNxRh',#18,'Cantidades de muro por montaje',$,(#1058,#1059,#1060,#1061,#1062));
#1064=IFCRELDEFINESBYPROPERTIES('2srUaNpNP804M7ocNXKzxP',#18,$,$,(#1042),#1054);
#1065=IFCRELDEFINESBYPROPERTIES('1Zbs2HDy1fBoTtdWaOA$X$',#18,$,$,(#1042),#1056);
#1066=IFCRELDEFINESBYPROPERTIES('0cS74tP7c2hMsDYCvdd_MY',#18,$,$,(#1042),#1057);
#1067=IFCRELDEFINESBYPROPERTIES('0Q1mKSYJNFiVxCCWapTAlB',#18,$,$,(#1042),#1063);
#1068=IFCPROPERTYSINGLEVALUE('Altura desconectada',$,IFCLENGTHMEASURE(2.2999999999999998),$);
#1069=IFCPROPERTYSINGLEVALUE('\X\C1rea',$,IFCAREAMEASURE(7.8326394769021643),$);
#1070=IFCPROPERTYSINGLEVALUE('Longitud',$,IFCLENGTHMEASURE(4.1467997725661547),$);
#1071=IFCPROPERTYSINGLEVALUE('Volumen',$,IFCVOLUMEMEASURE(1.0182431319972791),$);
#1072=IFCPROPERTYSET('3YsLZSwb2Jt1Daoyx4ePrC',#18,'Otros',$,(#109,#110,#111,#112,#113));
#1073=IFCPROPERTYSET('2JVTC4JjhZwu2UsgCjzHLE',#18,'Restricciones',$,(#115,#116,#117,#118,#119,#120,#121,#123,#558,#1018,#1068));
#1074=IFCPROPERTYSET('0$stXHGnblZEnzbXjk$Otd',#18,'Cotas',$,(#1069,#1070,#1071));
#1075=IFCPROPERTYSET('0j2PR4SjAGSHckiQMWhN$P',#18,'Proceso por fases',$,(#129));
#1076=IFCPROPERTYSET('1AGH$fEex01kyNmUigua6L',#18,'Estructura',$,(#130,#131));
#1077=IFCPROPERTYSET('3qrlT5Q2Y03ivYNYhfcysR',#18,'Definici\X\F3n de secci\X\F3n transversal',$,(#132));
#1078=IFCCARTESIANPOINT((4.1367997725590531,7.0033000000039296,0.));
#1079=IFCAXIS2PLACEMENT3D(#1078,#9,#8);
#1080=IFCLOCALPLACEMENT(#40,#1079);
#1081=IFCCARTESIANPOINT((5.7833000000054176,0.));
#1082=IFCPOLYLINE((#4,#1081));
#1083=IFCSHAPEREPRESENTATION(#25,'Axis','Curve2D',(#1082));
#1084=IFCPRODUCTDEFINITIONSHAPE($,$,(#1083,#1091));
#1085=IFCCARTESIANPOINT((2.8916500000027088,-2.7061686225238191E-016));
#1086=IFCAXIS2PLACEMENT2D(#1085,#12);
#1087=IFCRECTANGLEPROFILEDEF(.AREA.,$,#1086,5.7833000000054176,0.13000000000000023);
#1088=IFCAXIS2PLACEMENT3D(#3,$,$);
#1089=IFCEXTRUDEDAREASOLID(#1087,#1088,#9,2.2999999999999989);
#1090=IFCSTYLEDITEM(#1089,(#68),$);
#1091=IFCSHAPEREPRESENTATION(#26,'Body','SweptSolid',(#1089));
#1092=IFCWALLSTANDARDCASE('0i4ixs_qz3rfJKp3nH4fr4',#18,'Muro b\X\E1sico:Gen\X\E9rico - 200 mm:154255',$,'Muro b\X\E1sico:Gen\X\E9rico - 200 mm',#1080,#1084,'154255');
#1093=IFCQUANTITYLENGTH('Height',$,$,2.2999999999999989);
#1094=IFCQUANTITYLENGTH('Length',$,$,5.7833000000054176);
#1095=IFCQUANTITYLENGTH('Width',$,$,0.13);
#1096=IFCQUANTITYAREA('GrossFootprintArea',$,$,0.75182900000070241);
#1097=IFCQUANTITYVOLUME('GrossVolume',$,$,1.7292067000016194);
#1098=IFCQUANTITYAREA('GrossSideArea',$,$,13.301590000012457);
#1099=IFCQUANTITYAREA('NetSideArea',$,$,12.796590000012461);
#1100=IFCQUANTITYVOLUME('NetVolume',$,$,1.6635567000016227);
#1101=IFCELEMENTQUANTITY('1zPRPXc2$ndXoCJH9$1qL4',#18,'BaseQuantities',$,$,(#1093,#1094,#1095,#1096,#1097,#1098,#1099,#1100));
#1102=IFCRELDEFINESBYPROPERTIES('18PQCleJBjX8uXDLh9dmcA',#18,$,$,(#1092),#1101);
#1103=IFCMATERIALLAYERSETUSAGE(#88,.AXIS2.,.NEGATIVE.,0.065000000000000002);
#1104=IFCPROPERTYSET('24PkmOqQUX9TmRXEFhf6WJ',#18,'Pset_QuantityTakeOff',$,(#91));
#1105=IFCPROPERTYSINGLEVALUE('Reference',$,IFCLABEL('Gen\X\E9rico - 200 mm'),$);
#1106=IFCPROPERTYSET('2zMThe9lMXux_SoVBYUSng',#18,'Pset_ReinforcementBarPitchOfWall',$,(#1105));
#1107=IFCPROPERTYSET('02iVclvkP79gqX27RxxaON',#18,'Pset_WallCommon',$,(#91,#95,#96,#97));
#1108=IFCPROPERTYSINGLEVALUE('Montaje de muro',$,IFCLABEL('Gen\X\E9rico - 200 mm'),$);
#1109=IFCPROPERTYSINGLEVALUE('Longitud - Centro a centro',$,IFCLENGTHMEASURE(5.7833000000054167),$);
#1110=IFCPROPERTYSINGLEVALUE('Anchura',$,IFCLENGTHMEASURE(0.13),$);
#1111=IFCPROPERTYSINGLEVALUE('\X\C1rea',$,IFCAREAMEASURE(12.796590000012461),$);
#1112=IFCPROPERTYSINGLEVALUE('Volumen',$,IFCVOLUMEMEASURE(1.6635567000016227),$);
#1113=IFCPROPERTYSET('1RgoFH2lVvRWlAcwBT_j1y',#18,'Cantidades de muro por montaje',$,(#1108,#1109,#1110,#1111,#1112));
#1114=IFCRELDEFINESBYPROPERTIES('0DEvKdtLwBR7J7ed_UTmWY',#18,$,$,(#1092),#1104);
#1115=IFCRELDEFINESBYPROPERTIES('1M4rM5mtDWZGPWOXOekTgr',#18,$,$,(#1092),#1106);
#1116=IFCRELDEFINESBYPROPERTIES('32PxknKMHbEHQLfThgB2Fe',#18,$,$,(#1092),#1107);
#1117=IFCRELDEFINESBYPROPERTIES('1Em7BSonBMXrC4Mlp$fA1y',#18,$,$,(#1092),#1113);
#1118=IFCPROPERTYSINGLEVALUE('Altura desconectada',$,IFCLENGTHMEASURE(2.2999999999999998),$);
#1119=IFCPROPERTYSINGLEVALUE('\X\C1rea',$,IFCAREAMEASURE(12.796590000012461),$);
#1120=IFCPROPERTYSINGLEVALUE('Longitud',$,IFCLENGTHMEASURE(5.7833000000054167),$);
#1121=IFCPROPERTYSINGLEVALUE('Volumen',$,IFCVOLUMEMEASURE(1.6635567000016227),$);
#1122=IFCPROPERTYSET('2j47YWpeyXVdDHX44ikyR7',#18,'Otros',$,(#109,#110,#111,#112,#113));
#1123=IFCPROPERTYSET('3Vwl1r1NgPs7qjEsNpPAF1',#18,'Restricciones',$,(#115,#116,#117,#118,#119,#120,#121,#123,#558,#1018,#1118));
#1124=IFCPROPERTYSET('0XDVzBE4U64D$76G9mo7C0',#18,'Cotas',$,(#1119,#1120,#1121));
#1125=IFCPROPERTYSET('1hMWevjh$GZB8JBPxCdTH7',#18,'Proceso por fases',$,(#129));
#1126=IFCPROPERTYSET('1w_4t6QIJmgI70MiWE8mIC',#18,'Estructura',$,(#130,#131));
#1127=IFCPROPERTYSET('3UMIXsxp$DPLzunTmB7hR6',#18,'Definici\X\F3n de secci\X\F3n transversal',$,(#132));
#1128=IFCCARTESIANPOINT((4.0717997725590527,1.2849999999985124,0.));
#1129=IFCAXIS2PLACEMENT3D(#1128,#9,#6);
#1130=IFCLOCALPLACEMENT(#40,#1129);
#1131=IFCCARTESIANPOINT((0.94100000000624862,0.));
#1132=IFCPOLYLINE((#4,#1131));
#1133=IFCSHAPEREPRESENTATION(#25,'Axis','Curve2D',(#1132));
#1134=IFCPRODUCTDEFINITIONSHAPE($,$,(#1133,#1141));
#1135=IFCCARTESIANPOINT((0.47050000000312431,0.));
#1136=IFCAXIS2PLACEMENT2D(#1135,#12);
#1137=IFCRECTANGLEPROFILEDEF(.AREA.,$,#1136,0.94100000000624862,0.13000000000000023);
#1138=IFCAXIS2PLACEMENT3D(#3,$,$);
#1139=IFCEXTRUDEDAREASOLID(#1137,#1138,#9,2.2999999999999989);
#1140=IFCSTYLEDITEM(#1139,(#68),$);
#1141=IFCSHAPEREPRESENTATION(#26,'Body','SweptSolid',(#1139));
#1142=IFCWALLSTANDARDCASE('0i4ixs_qz3rfJKp3nH4frq',#18,'Muro b\X\E1sico:Gen\X\E9rico - 200 mm:154303',$,'Muro b\X\E1sico:Gen\X\E9rico - 200 mm',#1130,#1134,'154303');
#1143=IFCQUANTITYLENGTH('Height',$,$,2.2999999999999989);
#1144=IFCQUANTITYLENGTH('Length',$,$,0.94100000000624862);
#1145=IFCQUANTITYLENGTH('Width',$,$,0.13);
#1146=IFCQUANTITYAREA('GrossFootprintArea',$,$,0.12233000000081254);
#1147=IFCQUANTITYVOLUME('GrossVolume',$,$,0.28135900000186831);
#1148=IFCQUANTITYAREA('GrossSideArea',$,$,2.1643000000143715);
#1149=IFCQUANTITYAREA('NetSideArea',$,$,2.1643000000143715);
#1150=IFCQUANTITYVOLUME('NetVolume',$,$,0.28135900000186853);
#1151=IFCELEMENTQUANTITY('3aqkLUgIwinNOCouHPfzUl',#18,'BaseQuantities',$,$,(#1143,#1144,#1145,#1146,#1147,#1148,#1149,#1150));
#1152=IFCRELDEFINESBYPROPERTIES('33YRLlcR$Syow6oCu3$vSf',#18,$,$,(#1142),#1151);
#1153=IFCMATERIALLAYERSETUSAGE(#88,.AXIS2.,.NEGATIVE.,0.065000000000000002);
#1154=IFCPROPERTYSET('1DOog4fcSoT5S731XsI$m9',#18,'Pset_QuantityTakeOff',$,(#91));
#1155=IFCPROPERTYSINGLEVALUE('Reference',$,IFCLABEL('Gen\X\E9rico - 200 mm'),$);
#1156=IFCPROPERTYSET('0OZY_3IaTRb9GmS4VrKamG',#18,'Pset_ReinforcementBarPitchOfWall',$,(#1155));
#1157=IFCPROPERTYSET('3suUGmETvfETJuSWaDC1Mr',#18,'Pset_WallCommon',$,(#91,#95,#96,#97));
#1158=IFCPROPERTYSINGLEVALUE('Montaje de muro',$,IFCLABEL('Gen\X\E9rico - 200 mm'),$);
#1159=IFCPROPERTYSINGLEVALUE('Longitud - Centro a centro',$,IFCLENGTHMEASURE(0.94100000000624862),$);
#1160=IFCPROPERTYSINGLEVALUE('Anchura',$,IFCLENGTHMEASURE(0.13),$);
#1161=IFCPROPERTYSINGLEVALUE('\X\C1rea',$,IFCAREAMEASURE(2.1643000000143715),$);
#1162=IFCPROPERTYSINGLEVALUE('Volumen',$,IFCVOLUMEMEASURE(0.28135900000186853),$);
#1163=IFCPROPERTYSET('1QFw_2QTrAr2jkbSiSz4Lw',#18,'Cantidades de muro por montaje',$,(#1158,#1159,#1160,#1161,#1162));
#1164=IFCRELDEFINESBYPROPERTIES('1rxbo0NofxqRjqhp9f_OP7',#18,$,$,(#1142),#1154);
#1165=IFCRELDEFINESBYPROPERTIES('0xdJlCICr7z40APEHKkoIx',#18,$,$,(#1142),#1156);
#1166=IFCRELDEFINESBYPROPERTIES('2RgRxdgowcVXvTmpzrLXpI',#18,$,$,(#1142),#1157);
#1167=IFCRELDEFINESBYPROPERTIES('3zmYZo2Dxxekd9em8SdlDr',#18,$,$,(#1142),#1163);
#1168=IFCPROPERTYSINGLEVALUE('Altura desconectada',$,IFCLENGTHMEASURE(2.2999999999999998),$);
#1169=IFCPROPERTYSINGLEVALUE('\X\C1rea',$,IFCAREAMEASURE(2.1643000000143715),$);
#1170=IFCPROPERTYSINGLEVALUE('Longitud',$,IFCLENGTHMEASURE(0.94100000000624862),$);
#1171=IFCPROPERTYSINGLEVALUE('Volumen',$,IFCVOLUMEMEASURE(0.28135900000186853),$);
#1172=IFCPROPERTYSET('34ytthUrrsJMgW7mvC0GJX',#18,'Otros',$,(#109,#110,#111,#112,#113));
#1173=IFCPROPERTYSET('3GyfqB3wHdan9DiZ$SNpyo',#18,'Restricciones',$,(#115,#116,#117,#118,#119,#120,#121,#123,#558,#1018,#1168));
#1174=IFCPROPERTYSET('3iTYti1oM7pO9Ja0xKoqmK',#18,'Cotas',$,(#1169,#1170,#1171));
#1175=IFCPROPERTYSET('1znKXBHTMVE_$o4U94ZfNs',#18,'Proceso por fases',$,(#129));
#1176=IFCPROPERTYSET('0kFwpWfbrVmbWgV5HYCCMv',#18,'Estructura',$,(#130,#131));
#1177=IFCPROPERTYSET('395ZgZqCDOOexC7rmil20v',#18,'Definici\X\F3n de secci\X\F3n transversal',$,(#132));
#1178=IFCCARTESIANPOINT((3.1957997725528049,1.2199999999985123,0.));
#1179=IFCAXIS2PLACEMENT3D(#1178,#9,#8);
#1180=IFCLOCALPLACEMENT(#40,#1179);
#1181=IFCCARTESIANPOINT((1.2949999999982329,0.));
#1182=IFCPOLYLINE((#4,#1181));
#1183=IFCSHAPEREPRESENTATION(#25,'Axis','Curve2D',(#1182));
#1184=IFCPRODUCTDEFINITIONSHAPE($,$,(#1183,#1191));
#1185=IFCCARTESIANPOINT((0.64749999999911645,0.));
#1186=IFCAXIS2PLACEMENT2D(#1185,#12);
#1187=IFCRECTANGLEPROFILEDEF(.AREA.,$,#1186,1.2949999999982329,0.1299999999999997);
#1188=IFCAXIS2PLACEMENT3D(#3,$,$);
#1189=IFCEXTRUDEDAREASOLID(#1187,#1188,#9,2.2999999999999989);
#1190=IFCSTYLEDITEM(#1189,(#68),$);
#1191=IFCSHAPEREPRESENTATION(#26,'Body','SweptSolid',(#1189));
#1192=IFCWALLSTANDARDCASE('0i4ixs_qz3rfJKp3nH4fqx',#18,'Muro b\X\E1sico:Gen\X\E9rico - 200 mm:154352',$,'Muro b\X\E1sico:Gen\X\E9rico - 200 mm',#1180,#1184,'154352');
#1193=IFCQUANTITYLENGTH('Height',$,$,2.2999999999999989);
#1194=IFCQUANTITYLENGTH('Length',$,$,1.2949999999982329);
#1195=IFCQUANTITYLENGTH('Width',$,$,0.13);
#1196=IFCQUANTITYAREA('GrossFootprintArea',$,$,0.16834999999976988);
#1197=IFCQUANTITYVOLUME('GrossVolume',$,$,0.38720499999947156);
#1198=IFCQUANTITYAREA('GrossSideArea',$,$,2.9784999999959352);
#1199=IFCQUANTITYAREA('NetSideArea',$,$,2.9784999999959352);
#1200=IFCQUANTITYVOLUME('NetVolume',$,$,0.38720499999947217);
#1201=IFCELEMENTQUANTITY('2TihYfOUoI4xQbSdYcoPUY',#18,'BaseQuantities',$,$,(#1193,#1194,#1195,#1196,#1197,#1198,#1199,#1200));
#1202=IFCRELDEFINESBYPROPERTIES('2bt8FRMm1LVXkBPYccvTC5',#18,$,$,(#1192),#1201);
#1203=IFCMATERIALLAYERSETUSAGE(#88,.AXIS2.,.NEGATIVE.,0.065000000000000002);
#1204=IFCPROPERTYSET('1b$k1Q6AWuBlV90PUibqyL',#18,'Pset_QuantityTakeOff',$,(#91));
#1205=IFCPROPERTYSINGLEVALUE('Reference',$,IFCLABEL('Gen\X\E9rico - 200 mm'),$);
#1206=IFCPROPERTYSET('1MFeRdqwhspKDGkmWU1uZm',#18,'Pset_ReinforcementBarPitchOfWall',$,(#1205));
#1207=IFCPROPERTYSET('0W68CyUWVGOsBMdei1AdaY',#18,'Pset_WallCommon',$,(#91,#95,#96,#97));
#1208=IFCPROPERTYSINGLEVALUE('Montaje de muro',$,IFCLABEL('Gen\X\E9rico - 200 mm'),$);
#1209=IFCPROPERTYSINGLEVALUE('Longitud - Centro a centro',$,IFCLENGTHMEASURE(1.2949999999982329),$);
#1210=IFCPROPERTYSINGLEVALUE('Anchura',$,IFCLENGTHMEASURE(0.13),$);
#1211=IFCPROPERTYSINGLEVALUE('\X\C1rea',$,IFCAREAMEASURE(2.9784999999959352),$);
#1212=IFCPROPERTYSINGLEVALUE('Volumen',$,IFCVOLUMEMEASURE(0.38720499999947217),$);
#1213=IFCPROPERTYSET('1vEoJ1BvWI$CftHAAjOYXP',#18,'Cantidades de muro por montaje',$,(#1208,#1209,#1210,#1211,#1212));
#1214=IFCRELDEFINESBYPROPERTIES('3zqnv3QvA1YQbpNJ$J62_7',#18,$,$,(#1192),#1204);
#1215=IFCRELDEFINESBYPROPERTIES('2Ef6vJJLMTqif8axjq8rsT',#18,$,$,(#1192),#1206);
#1216=IFCRELDEFINESBYPROPERTIES('3RNutxPJsdVx222ZmuQxeq',#18,$,$,(#1192),#1207);
#1217=IFCRELDEFINESBYPROPERTIES('1GYzemIUD$uhZNvygCyhkQ',#18,$,$,(#1192),#1213);
#1218=IFCPROPERTYSINGLEVALUE('Altura desconectada',$,IFCLENGTHMEASURE(2.2999999999999998),$);
#1219=IFCPROPERTYSINGLEVALUE('\X\C1rea',$,IFCAREAMEASURE(2.9784999999959352),$);
#1220=IFCPROPERTYSINGLEVALUE('Longitud',$,IFCLENGTHMEASURE(1.2949999999982329),$);
#1221=IFCPROPERTYSINGLEVALUE('Volumen',$,IFCVOLUMEMEASURE(0.38720499999947217),$);
#1222=IFCPROPERTYSET('2x9RxvRBzeMwG3bBLUp76J',#18,'Otros',$,(#109,#110,#111,#112,#113));
#1223=IFCPROPERTYSET('3Zmx5BbafNw7jxPRLZnZ20',#18,'Restricciones',$,(#115,#116,#117,#118,#119,#120,#121,#123,#558,#1018,#1218));
#1224=IFCPROPERTYSET('1emmGDzlaxdge6S5lhLw0_',#18,'Cotas',$,(#1219,#1220,#1221));
#1225=IFCPROPERTYSET('1pxlTUIM_7vQcgTSgLRmZt',#18,'Proceso por fases',$,(#129));
#1226=IFCPROPERTYSET('2$$m66WSDCzua23JP51o$K',#18,'Estructura',$,(#130,#131));
#1227=IFCPROPERTYSET('2c_GjAV7wiu7AFQdXp2B1V',#18,'Definici\X\F3n de secci\X\F3n transversal',$,(#132));
#1228=IFCCARTESIANPOINT((3.1307997725528045,-0.009999999999720512,0.));
#1229=IFCAXIS2PLACEMENT3D(#1228,#9,#6);
#1230=IFCLOCALPLACEMENT(#40,#1229);
#1231=IFCCARTESIANPOINT((3.0757997725599058,0.));
#1232=IFCPOLYLINE((#4,#1231));
#1233=IFCSHAPEREPRESENTATION(#25,'Axis','Curve2D',(#1232));
#1234=IFCPRODUCTDEFINITIONSHAPE($,$,(#1233,#1241));
#1235=IFCCARTESIANPOINT((1.5378998862799529,0.));
#1236=IFCAXIS2PLACEMENT2D(#1235,#12);
#1237=IFCRECTANGLEPROFILEDEF(.AREA.,$,#1236,3.0757997725599058,0.13);
#1238=IFCAXIS2PLACEMENT3D(#3,$,$);
#1239=IFCEXTRUDEDAREASOLID(#1237,#1238,#9,2.2999999999999989);
#1240=IFCSTYLEDITEM(#1239,(#68),$);
#1241=IFCSHAPEREPRESENTATION(#26,'Body','SweptSolid',(#1239));
#1242=IFCWALLSTANDARDCASE('0i4ixs_qz3rfJKp3nH4fo8',#18,'Muro b\X\E1sico:Gen\X\E9rico - 200 mm:154435',$,'Muro b\X\E1sico:Gen\X\E9rico - 200 mm',#1230,#1234,'154435');
#1243=IFCQUANTITYLENGTH('Height',$,$,2.2999999999999989);
#1244=IFCQUANTITYLENGTH('Length',$,$,3.0757997725599058);
#1245=IFCQUANTITYLENGTH('Width',$,$,0.13);
#1246=IFCQUANTITYAREA('GrossFootprintArea',$,$,0.3998539704327877);
#1247=IFCQUANTITYVOLUME('GrossVolume',$,$,0.91966413199541186);
#1248=IFCQUANTITYAREA('GrossSideArea',$,$,7.0743394768877828);
#1249=IFCQUANTITYAREA('NetSideArea',$,$,5.5743394768877907);
#1250=IFCQUANTITYVOLUME('NetVolume',$,$,0.72466413199541257);
#1251=IFCELEMENTQUANTITY('3xmuBQ6wJnx4TjpjdN27Ba',#18,'BaseQuantities',$,$,(#1243,#1244,#1245,#1246,#1247,#1248,#1249,#1250));
#1252=IFCRELDEFINESBYPROPERTIES('1UijEcDlZwmKXwStd1prjm',#18,$,$,(#1242),#1251);
#1253=IFCMATERIALLAYERSETUSAGE(#88,.AXIS2.,.NEGATIVE.,0.065000000000000002);
#1254=IFCPROPERTYSET('1$uYi5XTeocnbnq29goaNb',#18,'Pset_QuantityTakeOff',$,(#91));
#1255=IFCPROPERTYSINGLEVALUE('Reference',$,IFCLABEL('Gen\X\E9rico - 200 mm'),$);
#1256=IFCPROPERTYSET('1z9WOk2hATCbo59FZ5M_FY',#18,'Pset_ReinforcementBarPitchOfWall',$,(#1255));
#1257=IFCPROPERTYSET('2mc_al9K9tCJAZsyL2YlWE',#18,'Pset_WallCommon',$,(#91,#95,#96,#97));
#1258=IFCPROPERTYSINGLEVALUE('Montaje de muro',$,IFCLABEL('Gen\X\E9rico - 200 mm'),$);
#1259=IFCPROPERTYSINGLEVALUE('Longitud - Centro a centro',$,IFCLENGTHMEASURE(3.2057997725599061),$);
#1260=IFCPROPERTYSINGLEVALUE('Anchura',$,IFCLENGTHMEASURE(0.13),$);
#1261=IFCPROPERTYSINGLEVALUE('\X\C1rea',$,IFCAREAMEASURE(5.5743394768877907),$);
#1262=IFCPROPERTYSINGLEVALUE('Volumen',$,IFCVOLUMEMEASURE(0.72466413199541257),$);
#1263=IFCPROPERTYSET('1qG1vqKPNku52oFpNzidKg',#18,'Cantidades de muro por montaje',$,(#1258,#1259,#1260,#1261,#1262));
#1264=IFCRELDEFINESBYPROPERTIES('2R$FVwz4vyuk0bvBKRaOZo',#18,$,$,(#1242),#1254);
#1265=IFCRELDEFINESBYPROPERTIES('1K2Jqsn5vttk$wuO7TREX8',#18,$,$,(#1242),#1256);
#1266=IFCRELDEFINESBYPROPERTIES('22UgKnpzOmyWeYDTgZb0fT',#18,$,$,(#1242),#1257);
#1267=IFCRELDEFINESBYPROPERTIES('3x7l5dfB8M8_6szAWCPXtR',#18,$,$,(#1242),#1263);
#1268=IFCPROPERTYSINGLEVALUE('Altura desconectada',$,IFCLENGTHMEASURE(2.2999999999999998),$);
#1269=IFCPROPERTYSINGLEVALUE('\X\C1rea',$,IFCAREAMEASURE(5.5743394768877907),$);
#1270=IFCPROPERTYSINGLEVALUE('Longitud',$,IFCLENGTHMEASURE(3.2057997725599061),$);
#1271=IFCPROPERTYSINGLEVALUE('Volumen',$,IFCVOLUMEMEASURE(0.72466413199541257),$);
#1272=IFCPROPERTYSET('0jj0dZWSDrbt9diYIskhkq',#18,'Otros',$,(#109,#110,#111,#112,#113));
#1273=IFCPROPERTYSET('1jaKNToWM28O79lf2Koy7B',#18,'Restricciones',$,(#115,#116,#117,#118,#119,#120,#121,#123,#558,#1018,#1268));
#1274=IFCPROPERTYSET('0mmB7JE7Zb2nfmyh_ZQAq1',#18,'Cotas',$,(#1269,#1270,#1271));
#1275=IFCPROPERTYSET('2MUwSmXrPnauLPhwLbItL3',#18,'Proceso por fases',$,(#129));
#1276=IFCPROPERTYSET('1mWVz21uR5l8EkJRQj4wj3',#18,'Estructura',$,(#130,#131));
#1277=IFCPROPERTYSET('2n3LHlzZ7Ql7unNDJPAdiu',#18,'Definici\X\F3n de secci\X\F3n transversal',$,(#132));
#1278=IFCCARTESIANPOINT((0.054999999992898667,3.7008999999961527,0.));
#1279=IFCAXIS2PLACEMENT3D(#1278,$,$);
#1280=IFCLOCALPLACEMENT(#40,#1279);
#1281=IFCCARTESIANPOINT((2.1834000919650274,0.));
#1282=IFCPOLYLINE((#4,#1281));
#1283=IFCSHAPEREPRESENTATION(#25,'Axis','Curve2D',(#1282));
#1284=IFCPRODUCTDEFINITIONSHAPE($,$,(#1283,#1291));
#1285=IFCCARTESIANPOINT((1.0917000459825137,0.));
#1286=IFCAXIS2PLACEMENT2D(#1285,#12);
#1287=IFCRECTANGLEPROFILEDEF(.AREA.,$,#1286,2.1834000919650274,0.060000000000000435);
#1288=IFCAXIS2PLACEMENT3D(#3,$,$);
#1289=IFCEXTRUDEDAREASOLID(#1287,#1288,#9,2.2999999999999989);
#1290=IFCSTYLEDITEM(#1289,(#68),$);
#1291=IFCSHAPEREPRESENTATION(#26,'Body','SweptSolid',(#1289));
#1292=IFCWALLSTANDARDCASE('0i4ixs_qz3rfJKp3nH4fmX',#18,'Muro b\X\E1sico:60mm:154602',$,'Muro b\X\E1sico:60mm',#1280,#1284,'154602');
#1293=IFCQUANTITYLENGTH('Height',$,$,2.2999999999999989);
#1294=IFCQUANTITYLENGTH('Length',$,$,2.1834000919650274);
#1295=IFCQUANTITYLENGTH('Width',$,$,0.059999999999999998);
#1296=IFCQUANTITYAREA('GrossFootprintArea',$,$,0.13100400551790259);
#1297=IFCQUANTITYVOLUME('GrossVolume',$,$,0.30130921269117367);
#1298=IFCQUANTITYAREA('GrossSideArea',$,$,5.0218202115195609);
#1299=IFCQUANTITYAREA('NetSideArea',$,$,5.0218202115195627);
#1300=IFCQUANTITYVOLUME('NetVolume',$,$,0.30130921269117317);
#1301=IFCELEMENTQUANTITY('0VkdbvIJpG55Ja5y0OOg$r',#18,'BaseQuantities',$,$,(#1293,#1294,#1295,#1296,#1297,#1298,#1299,#1300));
#1302=IFCRELDEFINESBYPROPERTIES('0r$5r1wrUJrq40kRCGH6t_',#18,$,$,(#1292),#1301);
#1303=IFCMATERIALLAYER(#82,0.059999999999999998,$);
#1304=IFCMATERIALLAYERSET((#1303),'Muro b\X\E1sico:60mm');
#1305=IFCMATERIALLAYERSETUSAGE(#1304,.AXIS2.,.NEGATIVE.,0.029999999999999999);
#1306=IFCWALLTYPE('0i4ixs_qz3rfJKp3nH4fl2',#18,'Muro b\X\E1sico:60mm',$,$,(#1338,#1339,#1340,#1341,#1342),$,'154633',$,.STANDARD.);
#1307=IFCPROPERTYSINGLEVALUE('Reference',$,IFCIDENTIFIER('60mm'),$);
#1308=IFCPROPERTYSET('3an9D9wseKjb40VNcPnjHg',#18,'Pset_QuantityTakeOff',$,(#1307));
#1309=IFCPROPERTYSINGLEVALUE('Reference',$,IFCLABEL('60mm'),$);
#1310=IFCPROPERTYSET('3UIz2AOh7$pfmhz4j1fsSz',#18,'Pset_ReinforcementBarPitchOfWall',$,(#1309));
#1311=IFCPROPERTYSET('1qSPjjwh7KFw_bZHFYwPov',#18,'Pset_WallCommon',$,(#95,#96,#97,#1307));
#1312=IFCPROPERTYSINGLEVALUE('Montaje de muro',$,IFCLABEL('60mm'),$);
#1313=IFCPROPERTYSINGLEVALUE('Longitud - Centro a centro',$,IFCLENGTHMEASURE(2.2184000919650275),$);
#1314=IFCPROPERTYSINGLEVALUE('Anchura',$,IFCLENGTHMEASURE(0.059999999999999998),$);
#1315=IFCPROPERTYSINGLEVALUE('\X\C1rea',$,IFCAREAMEASURE(5.0218202115195627),$);
#1316=IFCPROPERTYSINGLEVALUE('Volumen',$,IFCVOLUMEMEASURE(0.30130921269117317),$);
#1317=IFCPROPERTYSET('0BN4w8G7MPlD0ud0Ea72we',#18,'Cantidades de muro por montaje',$,(#1312,#1313,#1314,#1315,#1316));
#1318=IFCRELDEFINESBYPROPERTIES('2exnkHiYTNs898u4EQCRon',#18,$,$,(#1292),#1308);
#1319=IFCRELDEFINESBYPROPERTIES('2KBUEvAjjP3heWWk8sRENx',#18,$,$,(#1292),#1310);
#1320=IFCRELDEFINESBYPROPERTIES('1S5XiU7yQ2$1tWHybRsfYx',#18,$,$,(#1292),#1311);
#1321=IFCRELDEFINESBYPROPERTIES('3tQ$bOWLOft8oCH3SmYL33',#18,$,$,(#1292),#1317);
#1322=IFCPROPERTYSINGLEVALUE('Familia y tipo',$,IFCLABEL('Muro b\X\E1sico: 60mm'),$);
#1323=IFCPROPERTYSINGLEVALUE('ID de tipo',$,IFCLABEL('154633'),$);
#1324=IFCPROPERTYSINGLEVALUE('Tipo',$,IFCLABEL('60mm'),$);
#1325=IFCPROPERTYSINGLEVALUE('Altura desconectada',$,IFCLENGTHMEASURE(2.2999999999999998),$);
#1326=IFCPROPERTYSINGLEVALUE('\X\C1rea',$,IFCAREAMEASURE(5.0218202115195627),$);
#1327=IFCPROPERTYSINGLEVALUE('Longitud',$,IFCLENGTHMEASURE(2.2184000919650275),$);
#1328=IFCPROPERTYSINGLEVALUE('Volumen',$,IFCVOLUMEMEASURE(0.30130921269117317),$);
#1329=IFCPROPERTYSINGLEVALUE('Nombre de familia',$,IFCTEXT('Muro b\X\E1sico'),$);
#1330=IFCPROPERTYSINGLEVALUE('Anchura',$,IFCLENGTHMEASURE(0.059999999999999998),$);
#1331=IFCPROPERTYSINGLEVALUE('Nombre de tipo',$,IFCTEXT('60mm'),$);
#1332=IFCPROPERTYSET('1e36TzPdg7KfVHGDJgcY$2',#18,'Otros',$,(#109,#110,#1322,#1323,#1324));
#1333=IFCPROPERTYSET('0su8BzQ0Ge7vYsvHTlgpYL',#18,'Restricciones',$,(#115,#116,#117,#118,#119,#120,#121,#123,#558,#1018,#1325));
#1334=IFCPROPERTYSET('11SuTaEMBKXQf_pTcM7A0w',#18,'Cotas',$,(#1326,#1327,#1328));
#1335=IFCPROPERTYSET('2Bwcr5mOesiDGYPiD1igbd',#18,'Proceso por fases',$,(#129));
#1336=IFCPROPERTYSET('0_ZbGVgcZl0yaZY9ko8GZE',#18,'Estructura',$,(#130,#131));
#1337=IFCPROPERTYSET('0xcx$136TSkDOb1neiy0Xo',#18,'Definici\X\F3n de secci\X\F3n transversal',$,(#132));
#1338=IFCPROPERTYSET('3Mx_eBX4MeNlPOPBdxAYZW',#18,'Otros',$,(#109,#1329));
#1339=IFCPROPERTYSET('023X360Dlg_$j_6ojIaToD',#18,'Construcci\X\F3n',$,(#135,#136,#137,#1330));
#1340=IFCPROPERTYSET('1SXLkTdMs7aO3RpvzVz5LY',#18,'Gr\X\E1ficos',$,(#138));
#1341=IFCPROPERTYSET('25SOLYB1joBA2VnzY6rvcZ',#18,'Datos de identidad',$,(#1331));
#1342=IFCPROPERTYSET('36zTTQcXy6s6JbHezPnNFX',#18,'Propiedades anal\X\EDticas',$,(#140,#141));
#1343=IFCCARTESIANPOINT((1.1850186101217981,3.730899999996153,0.));
#1344=IFCAXIS2PLACEMENT3D(#1343,#9,#7);
#1345=IFCLOCALPLACEMENT(#40,#1344);
#1346=IFCCARTESIANPOINT((0.6000000000000022,0.));
#1347=IFCPOLYLINE((#4,#1346));
#1348=IFCSHAPEREPRESENTATION(#25,'Axis','Curve2D',(#1347));
#1349=IFCPRODUCTDEFINITIONSHAPE($,$,(#1348,#1356));
#1350=IFCCARTESIANPOINT((0.3000000000000011,0.));
#1351=IFCAXIS2PLACEMENT2D(#1350,#12);
#1352=IFCRECTANGLEPROFILEDEF(.AREA.,$,#1351,0.6000000000000022,0.059999999999999894);
#1353=IFCAXIS2PLACEMENT3D(#3,$,$);
#1354=IFCEXTRUDEDAREASOLID(#1352,#1353,#9,2.2999999999999989);
#1355=IFCSTYLEDITEM(#1354,(#68),$);
#1356=IFCSHAPEREPRESENTATION(#26,'Body','SweptSolid',(#1354));
#1357=IFCWALLSTANDARDCASE('0i4ixs_qz3rfJKp3nH4fj5',#18,'Muro b\X\E1sico:60mm:154766',$,'Muro b\X\E1sico:60mm',#1345,#1349,'154766');
#1358=IFCQUANTITYLENGTH('Height',$,$,2.2999999999999989);
#1359=IFCQUANTITYLENGTH('Length',$,$,0.6000000000000022);
#1360=IFCQUANTITYLENGTH('Width',$,$,0.059999999999999998);
#1361=IFCQUANTITYAREA('GrossFootprintArea',$,$,0.036000000000000067);
#1362=IFCQUANTITYVOLUME('GrossVolume',$,$,0.082800000000000304);
#1363=IFCQUANTITYAREA('GrossSideArea',$,$,1.380000000000005);
#1364=IFCQUANTITYAREA('NetSideArea',$,$,1.380000000000005);
#1365=IFCQUANTITYVOLUME('NetVolume',$,$,0.082800000000000332);
#1366=IFCELEMENTQUANTITY('0SDGkRUYuJ0TUcx4bn816m',#18,'BaseQuantities',$,$,(#1358,#1359,#1360,#1361,#1362,#1363,#1364,#1365));
#1367=IFCRELDEFINESBYPROPERTIES('27Hk1ADPksuu5KSJQ2ZzIW',#18,$,$,(#1357),#1366);
#1368=IFCMATERIALLAYERSETUSAGE(#1304,.AXIS2.,.NEGATIVE.,0.029999999999999999);
#1369=IFCPROPERTYSET('0hyvGxKysEWClPzsswTV5j',#18,'Pset_QuantityTakeOff',$,(#1307));
#1370=IFCPROPERTYSINGLEVALUE('Reference',$,IFCLABEL('60mm'),$);
#1371=IFCPROPERTYSET('2K63nKqY58BER_BfespMXC',#18,'Pset_ReinforcementBarPitchOfWall',$,(#1370));
#1372=IFCPROPERTYSET('1yF2XrJ5Zd8N8UD4bR9JWu',#18,'Pset_WallCommon',$,(#95,#96,#97,#1307));
#1373=IFCPROPERTYSINGLEVALUE('Montaje de muro',$,IFCLABEL('60mm'),$);
#1374=IFCPROPERTYSINGLEVALUE('Longitud - Centro a centro',$,IFCLENGTHMEASURE(0.63000000000000134),$);
#1375=IFCPROPERTYSINGLEVALUE('Anchura',$,IFCLENGTHMEASURE(0.059999999999999998),$);
#1376=IFCPROPERTYSINGLEVALUE('\X\C1rea',$,IFCAREAMEASURE(1.380000000000005),$);
#1377=IFCPROPERTYSINGLEVALUE('Volumen',$,IFCVOLUMEMEASURE(0.082800000000000332),$);
#1378=IFCPROPERTYSET('2IALfExLYl8TYBpJSxIikW',#18,'Cantidades de muro por montaje',$,(#1373,#1374,#1375,#1376,#1377));
#1379=IFCRELDEFINESBYPROPERTIES('3qSGqxZWsrEGrJkvWY7hI6',#18,$,$,(#1357),#1369);
#1380=IFCRELDEFINESBYPROPERTIES('3qhDXUrmD4WRafuxc$nqnf',#18,$,$,(#1357),#1371);
#1381=IFCRELDEFINESBYPROPERTIES('1BiKxlyA9WXjgBOrAJL4_N',#18,$,$,(#1357),#1372);
#1382=IFCRELDEFINESBYPROPERTIES('1C1bLh2cS7fmzOOSAx8dWY',#18,$,$,(#1357),#1378);
#1383=IFCPROPERTYSINGLEVALUE('Altura desconectada',$,IFCLENGTHMEASURE(2.2999999999999998),$);
#1384=IFCPROPERTYSINGLEVALUE('\X\C1rea',$,IFCAREAMEASURE(1.380000000000005),$);
#1385=IFCPROPERTYSINGLEVALUE('Longitud',$,IFCLENGTHMEASURE(0.63000000000000134),$);
#1386=IFCPROPERTYSINGLEVALUE('Volumen',$,IFCVOLUMEMEASURE(0.082800000000000332),$);
#1387=IFCPROPERTYSET('3nXENIltaNM1FBmrHtLCFh',#18,'Otros',$,(#109,#110,#1322,#1323,#1324));
#1388=IFCPROPERTYSET('0wJGLtv4lNq$7QzbUswXcl',#18,'Restricciones',$,(#115,#116,#117,#118,#119,#120,#121,#123,#558,#1018,#1383));
#1389=IFCPROPERTYSET('2qT0L3X65_8fzBiz4Ssjwn',#18,'Cotas',$,(#1384,#1385,#1386));
#1390=IFCPROPERTYSET('2jV1fjkMY0xgsHNCsQn5tX',#18,'Proceso por fases',$,(#129));
#1391=IFCPROPERTYSET('0pydVhom_pCOD6Rx644Y9E',#18,'Estructura',$,(#130,#131));
#1392=IFCPROPERTYSET('1kkbXpyRXby74V3sXJsNxy',#18,'Definici\X\F3n de secci\X\F3n transversal',$,(#132));
#1393=IFCCARTESIANPOINT((2.2084000919579259,3.0708999999976005,0.));
#1394=IFCAXIS2PLACEMENT3D(#1393,#9,#7);
#1395=IFCLOCALPLACEMENT(#40,#1394);
#1396=IFCCARTESIANPOINT((0.59999999999855225,0.));
#1397=IFCPOLYLINE((#4,#1396));
#1398=IFCSHAPEREPRESENTATION(#25,'Axis','Curve2D',(#1397));
#1399=IFCPRODUCTDEFINITIONSHAPE($,$,(#1398,#1406));
#1400=IFCCARTESIANPOINT((0.29999999999927612,0.));
#1401=IFCAXIS2PLACEMENT2D(#1400,#12);
#1402=IFCRECTANGLEPROFILEDEF(.AREA.,$,#1401,0.59999999999855225,0.059999999999999894);
#1403=IFCAXIS2PLACEMENT3D(#3,$,$);
#1404=IFCEXTRUDEDAREASOLID(#1402,#1403,#9,2.2999999999999989);
#1405=IFCSTYLEDITEM(#1404,(#68),$);
#1406=IFCSHAPEREPRESENTATION(#26,'Body','SweptSolid',(#1404));
#1407=IFCWALLSTANDARDCASE('0i4ixs_qz3rfJKp3nH4fgs',#18,'Muro b\X\E1sico:60mm:155005',$,'Muro b\X\E1sico:60mm',#1395,#1399,'155005');
#1408=IFCQUANTITYLENGTH('Height',$,$,2.2999999999999989);
#1409=IFCQUANTITYLENGTH('Length',$,$,0.59999999999855225);
#1410=IFCQUANTITYLENGTH('Width',$,$,0.059999999999999998);
#1411=IFCQUANTITYAREA('GrossFootprintArea',$,$,0.035999999999913074);
#1412=IFCQUANTITYVOLUME('GrossVolume',$,$,0.082799999999800214);
#1413=IFCQUANTITYAREA('GrossSideArea',$,$,1.3799999999966701);
#1414=IFCQUANTITYAREA('NetSideArea',$,$,1.3799999999966699);
#1415=IFCQUANTITYVOLUME('NetVolume',$,$,0.082799999999795384);
#1416=IFCELEMENTQUANTITY('18bUaloQOPVgRbCYKcPEPF',#18,'BaseQuantities',$,$,(#1408,#1409,#1410,#1411,#1412,#1413,#1414,#1415));
#1417=IFCRELDEFINESBYPROPERTIES('2fEBiXWyS9OivPp1A91A68',#18,$,$,(#1407),#1416);
#1418=IFCMATERIALLAYERSETUSAGE(#1304,.AXIS2.,.NEGATIVE.,0.029999999999999999);
#1419=IFCPROPERTYSET('3N4Hcr$Qx7hc2GRe6Fmy$7',#18,'Pset_QuantityTakeOff',$,(#1307));
#1420=IFCPROPERTYSINGLEVALUE('Reference',$,IFCLABEL('60mm'),$);
#1421=IFCPROPERTYSET('1mxRg$dqaPWDUCWAF75G$j',#18,'Pset_ReinforcementBarPitchOfWall',$,(#1420));
#1422=IFCPROPERTYSET('2tt6xQoLN4nv3jtQ9XIjKg',#18,'Pset_WallCommon',$,(#95,#96,#97,#1307));
#1423=IFCPROPERTYSINGLEVALUE('Montaje de muro',$,IFCLABEL('60mm'),$);
#1424=IFCPROPERTYSINGLEVALUE('Longitud - Centro a centro',$,IFCLENGTHMEASURE(0.59999999999849218),$);
#1425=IFCPROPERTYSINGLEVALUE('Anchura',$,IFCLENGTHMEASURE(0.059999999999999998),$);
#1426=IFCPROPERTYSINGLEVALUE('\X\C1rea',$,IFCAREAMEASURE(1.3799999999966699),$);
#1427=IFCPROPERTYSINGLEVALUE('Volumen',$,IFCVOLUMEMEASURE(0.082799999999795384),$);
#1428=IFCPROPERTYSET('0Eak1SW0jF9jCw2TKTHxMm',#18,'Cantidades de muro por montaje',$,(#1423,#1424,#1425,#1426,#1427));
#1429=IFCRELDEFINESBYPROPERTIES('14Fohp6FC6yEj8dpninhu5',#18,$,$,(#1407),#1419);
#1430=IFCRELDEFINESBYPROPERTIES('0q3uKLPGtF9wD0RUVi_hec',#18,$,$,(#1407),#1421);
#1431=IFCRELDEFINESBYPROPERTIES('2b2Ymurj3UfoSfSm3xeZb6',#18,$,$,(#1407),#1422);
#1432=IFCRELDEFINESBYPROPERTIES('2BmWSlCAnzLWYTwUXP_J6t',#18,$,$,(#1407),#1428);
#1433=IFCPROPERTYSINGLEVALUE('Altura desconectada',$,IFCLENGTHMEASURE(2.2999999999999998),$);
#1434=IFCPROPERTYSINGLEVALUE('\X\C1rea',$,IFCAREAMEASURE(1.3799999999966699),$);
#1435=IFCPROPERTYSINGLEVALUE('Longitud',$,IFCLENGTHMEASURE(0.59999999999849218),$);
#1436=IFCPROPERTYSINGLEVALUE('Volumen',$,IFCVOLUMEMEASURE(0.082799999999795384),$);
#1437=IFCPROPERTYSET('0CNcFhi8FM75sK6e0petHB',#18,'Otros',$,(#109,#110,#1322,#1323,#1324));
#1438=IFCPROPERTYSET('1erg_ODrQlZzRpdLEA7VHF',#18,'Restricciones',$,(#115,#116,#117,#118,#119,#120,#121,#123,#558,#1018,#1433));
#1439=IFCPROPERTYSET('0p8jejjiOpIZPzAVxhr0c2',#18,'Cotas',$,(#1434,#1435,#1436));
#1440=IFCPROPERTYSET('23v7tRwy1OsHOyg7EGSAX2',#18,'Proceso por fases',$,(#129));
#1441=IFCPROPERTYSET('3yh8j_ElL2743KALpDdiAD',#18,'Estructura',$,(#130,#131));
#1442=IFCPROPERTYSET('0GwB5gC0Df2L0je3mX7kMw',#18,'Definici\X\F3n de secci\X\F3n transversal',$,(#132));
#1443=IFCCARTESIANPOINT((2.2384000919578919,3.1008999999976683,0.));
#1444=IFCAXIS2PLACEMENT3D(#1443,$,$);
#1445=IFCLOCALPLACEMENT(#40,#1444);
#1446=IFCCARTESIANPOINT((1.0433996805864794,0.));
#1447=IFCPOLYLINE((#4,#1446));
#1448=IFCSHAPEREPRESENTATION(#25,'Axis','Curve2D',(#1447));
#1449=IFCPRODUCTDEFINITIONSHAPE($,$,(#1448,#1456));
#1450=IFCCARTESIANPOINT((0.52169984029323957,-1.5092094240998222E-016));
#1451=IFCAXIS2PLACEMENT2D(#1450,#12);
#1452=IFCRECTANGLEPROFILEDEF(.AREA.,$,#1451,1.0433996805864791,0.060000000000000442);
#1453=IFCAXIS2PLACEMENT3D(#3,$,$);
#1454=IFCEXTRUDEDAREASOLID(#1452,#1453,#9,2.2999999999999989);
#1455=IFCSTYLEDITEM(#1454,(#68),$);
#1456=IFCSHAPEREPRESENTATION(#26,'Body','SweptSolid',(#1454));
#1457=IFCWALLSTANDARDCASE('0i4ixs_qz3rfJKp3nH4fcI',#18,'Muro b\X\E1sico:60mm:155225',$,'Muro b\X\E1sico:60mm',#1445,#1449,'155225');
#1458=IFCQUANTITYLENGTH('Height',$,$,2.2999999999999989);
#1459=IFCQUANTITYLENGTH('Length',$,$,1.0433996805864794);
#1460=IFCQUANTITYLENGTH('Width',$,$,0.059999999999999998);
#1461=IFCQUANTITYAREA('GrossFootprintArea',$,$,0.062603980835189199);
#1462=IFCQUANTITYVOLUME('GrossVolume',$,$,0.055189155920924798);
#1463=IFCQUANTITYAREA('GrossSideArea',$,$,0.91981926534874658);
#1464=IFCQUANTITYAREA('NetSideArea',$,$,0.91981926534874692);
#1465=IFCQUANTITYVOLUME('NetVolume',$,$,0.055189155920924701);
#1466=IFCELEMENTQUANTITY('0KntYd9cPB9lnlD6qpjoGn',#18,'BaseQuantities',$,$,(#1458,#1459,#1460,#1461,#1462,#1463,#1464,#1465));
#1467=IFCRELDEFINESBYPROPERTIES('2cjwYWn2UwaMCnmIL2Nx91',#18,$,$,(#1457),#1466);
#1468=IFCMATERIALLAYERSETUSAGE(#1304,.AXIS2.,.NEGATIVE.,0.029999999999999999);
#1469=IFCPROPERTYSET('1H9fhG4MV9TXx5eb$m140F',#18,'Pset_QuantityTakeOff',$,(#1307));
#1470=IFCPROPERTYSINGLEVALUE('Reference',$,IFCLABEL('60mm'),$);
#1471=IFCPROPERTYSET('32gKIKpDSDyPJGAM35emWb',#18,'Pset_ReinforcementBarPitchOfWall',$,(#1470));
#1472=IFCPROPERTYSET('3wjGe5iqBKId_AhsQwcNUN',#18,'Pset_WallCommon',$,(#95,#96,#97,#1307));
#1473=IFCPROPERTYSINGLEVALUE('Montaje de muro',$,IFCLABEL('60mm'),$);
#1474=IFCPROPERTYSINGLEVALUE('Longitud - Centro a centro',$,IFCLENGTHMEASURE(1.0433996805863164),$);
#1475=IFCPROPERTYSINGLEVALUE('Anchura',$,IFCLENGTHMEASURE(0.059999999999999998),$);
#1476=IFCPROPERTYSINGLEVALUE('\X\C1rea',$,IFCAREAMEASURE(0.91981926534874692),$);
#1477=IFCPROPERTYSINGLEVALUE('Volumen',$,IFCVOLUMEMEASURE(0.055189155920924701),$);
#1478=IFCPROPERTYSET('3dCWe6VAwkxDaIFXdI8HA6',#18,'Cantidades de muro por montaje',$,(#1473,#1474,#1475,#1476,#1477));
#1479=IFCRELDEFINESBYPROPERTIES('3jgSUQ32DzRm3UsnsEjeV3',#18,$,$,(#1457),#1469);
#1480=IFCRELDEFINESBYPROPERTIES('04N4wv9_4uWsaQCED29ygF',#18,$,$,(#1457),#1471);
#1481=IFCRELDEFINESBYPROPERTIES('12jDakGhRLESYojQXES2Tw',#18,$,$,(#1457),#1472);
#1482=IFCRELDEFINESBYPROPERTIES('396NZJScRAAqJwpaoFVyKc',#18,$,$,(#1457),#1478);
#1483=IFCPROPERTYSINGLEVALUE('Altura desconectada',$,IFCLENGTHMEASURE(2.2999999999999998),$);
#1484=IFCPROPERTYSINGLEVALUE('\X\C1rea',$,IFCAREAMEASURE(0.91981926534874692),$);
#1485=IFCPROPERTYSINGLEVALUE('Longitud',$,IFCLENGTHMEASURE(1.0433996805863164),$);
#1486=IFCPROPERTYSINGLEVALUE('Volumen',$,IFCVOLUMEMEASURE(0.055189155920924701),$);
#1487=IFCPROPERTYSET('3XVrOvukYEOeb38wWRh6xL',#18,'Otros',$,(#109,#110,#1322,#1323,#1324));
#1488=IFCPROPERTYSET('3iCVVbmJMlibe2uofNnfSx',#18,'Restricciones',$,(#115,#116,#117,#118,#119,#120,#121,#123,#558,#1018,#1483));
#1489=IFCPROPERTYSET('21FgxnZWc1gKkHH9D3Y5H8',#18,'Cotas',$,(#1484,#1485,#1486));
#1490=IFCPROPERTYSET('0eyNOezWsaMF_MFtQqBzXL',#18,'Proceso por fases',$,(#129));
#1491=IFCPROPERTYSET('2gBTwA$h1J57W91VifUBEI',#18,'Estructura',$,(#130,#131));
#1492=IFCPROPERTYSET('1PZcvHC5U$WnGk_V7i63S5',#18,'Definici\X\F3n de secci\X\F3n transversal',$,(#132));
#1493=IFCCARTESIANPOINT((2.2135855869134264,3.6877594287990165,0.));
#1494=IFCDIRECTION((0.56198095993497588,0.82715016814999398,0.));
#1495=IFCAXIS2PLACEMENT3D(#1493,#9,#1494);
#1496=IFCLOCALPLACEMENT(#40,#1495);
#1497=IFCCARTESIANPOINT((1.2019828403360477,-0.));
#1498=IFCPOLYLINE((#4,#1497));
#1499=IFCSHAPEREPRESENTATION(#25,'Axis','Curve2D',(#1498));
#1500=IFCPRODUCTDEFINITIONSHAPE($,$,(#1499,#1514));
#1501=IFCCARTESIANPOINT((-0.,-0.029999999999999898));
#1502=IFCCARTESIANPOINT((1.1127362786586354,-0.030000000000000287));
#1503=IFCCARTESIANPOINT((1.1136720013091488,-0.030000000000000217));
#1504=IFCCARTESIANPOINT((1.1816852649748213,0.016209455882277516));
#1505=IFCCARTESIANPOINT((1.2019828403360471,0.030000000000000082));
#1506=IFCCARTESIANPOINT((1.0542910039264941,0.02999999999999961));
#1507=IFCCARTESIANPOINT((0.031773121025735061,0.030000000000000037));
#1508=IFCCARTESIANPOINT((0.049629010085017182,0.0037188575933929792));
#1509=IFCPOLYLINE((#1501,#1502,#1503,#1504,#1505,#1506,#1507,#1508,#1501));
#1510=IFCARBITRARYCLOSEDPROFILEDEF(.AREA.,$,#1509);
#1511=IFCAXIS2PLACEMENT3D(#3,$,$);
#1512=IFCEXTRUDEDAREASOLID(#1510,#1511,#9,2.2999999999999989);
#1513=IFCSTYLEDITEM(#1512,(#68),$);
#1514=IFCSHAPEREPRESENTATION(#26,'Body','SweptSolid',(#1512));
#1515=IFCWALLSTANDARDCASE('0i4ixs_qz3rfJKp3nH4faa',#18,'Muro b\X\E1sico:60mm:155375',$,'Muro b\X\E1sico:60mm',#1496,#1500,'155375');
#1516=IFCQUANTITYLENGTH('Height',$,$,2.2999999999999989);
#1517=IFCQUANTITYLENGTH('Length',$,$,1.2019828403360473);
#1518=IFCQUANTITYLENGTH('Width',$,$,0.059999999999999998);
#1519=IFCQUANTITYAREA('GrossFootprintArea',$,$,0.067563257987615338);
#1520=IFCQUANTITYVOLUME('GrossVolume',$,$,0.072688941264823101);
#1521=IFCQUANTITYAREA('GrossSideArea',$,$,1.2114823544137183);
#1522=IFCQUANTITYAREA('NetSideArea',$,$,1.2114823544137183);
#1523=IFCQUANTITYVOLUME('NetVolume',$,$,0.066595493371515463);
#1524=IFCELEMENTQUANTITY('0p_hpNnAJlJZ9M8j$I3Ia4',#18,'BaseQuantities',$,$,(#1516,#1517,#1518,#1519,#1520,#1521,#1522,#1523));
#1525=IFCRELDEFINESBYPROPERTIES('0rsuqD7KtrsUxt4hI06d6W',#18,$,$,(#1515),#1524);
#1526=IFCMATERIALLAYERSETUSAGE(#1304,.AXIS2.,.NEGATIVE.,0.029999999999999999);
#1527=IFCPROPERTYSET('2T$5AoBQNnzII32mS0IASm',#18,'Pset_QuantityTakeOff',$,(#1307));
#1528=IFCPROPERTYSINGLEVALUE('Reference',$,IFCLABEL('60mm'),$);
#1529=IFCPROPERTYSET('3llAA85vf6naiwiHGWAyom',#18,'Pset_ReinforcementBarPitchOfWall',$,(#1528));
#1530=IFCPROPERTYSET('2VoVAIVyibdMTH$O6oKfvX',#18,'Pset_WallCommon',$,(#95,#96,#97,#1307));
#1531=IFCPROPERTYSINGLEVALUE('Montaje de muro',$,IFCLABEL('60mm'),$);
#1532=IFCPROPERTYSINGLEVALUE('Longitud - Centro a centro',$,IFCLENGTHMEASURE(1.0932086745777074),$);
#1533=IFCPROPERTYSINGLEVALUE('Anchura',$,IFCLENGTHMEASURE(0.059999999999999998),$);
#1534=IFCPROPERTYSINGLEVALUE('\X\C1rea',$,IFCAREAMEASURE(1.2114823544137183),$);
#1535=IFCPROPERTYSINGLEVALUE('Volumen',$,IFCVOLUMEMEASURE(0.066595493371515463),$);
#1536=IFCPROPERTYSET('2868MVCHbmxR0YFV1aDgXV',#18,'Cantidades de muro por montaje',$,(#1531,#1532,#1533,#1534,#1535));
#1537=IFCRELDEFINESBYPROPERTIES('39hUZ4e1tmVa2Z$CwCMRh4',#18,$,$,(#1515),#1527);
#1538=IFCRELDEFINESBYPROPERTIES('1jHEZZIWoyZNsCtj9KOSfp',#18,$,$,(#1515),#1529);
#1539=IFCRELDEFINESBYPROPERTIES('0GrII514JjZpPT5GqxsYmm',#18,$,$,(#1515),#1530);
#1540=IFCRELDEFINESBYPROPERTIES('2A0NRxkcknfcspr_EPB6iN',#18,$,$,(#1515),#1536);
#1541=IFCPROPERTYSINGLEVALUE('Altura desconectada',$,IFCLENGTHMEASURE(2.2999999999999998),$);
#1542=IFCPROPERTYSINGLEVALUE('\X\C1rea',$,IFCAREAMEASURE(1.2114823544137183),$);
#1543=IFCPROPERTYSINGLEVALUE('Longitud',$,IFCLENGTHMEASURE(1.0932086745777074),$);
#1544=IFCPROPERTYSINGLEVALUE('Volumen',$,IFCVOLUMEMEASURE(0.066595493371515463),$);
#1545=IFCPROPERTYSET('3SHWjIh3ZFMBz_cxG$EDcd',#18,'Otros',$,(#109,#110,#1322,#1323,#1324));
#1546=IFCPROPERTYSET('1EUBpZdvy3nPQWUO5V0NDe',#18,'Restricciones',$,(#115,#116,#117,#118,#119,#120,#121,#123,#558,#1018,#1541));
#1547=IFCPROPERTYSET('3gtOD5h1RfKJ$7LAWUhwOT',#18,'Cotas',$,(#1542,#1543,#1544));
#1548=IFCPROPERTYSET('05WeAR$71VbHN6isC_GlGZ',#18,'Proceso por fases',$,(#129));
#1549=IFCPROPERTYSET('1XnC1mmfPU2Kra1B1VGWzt',#18,'Estructura',$,(#130,#131));
#1550=IFCPROPERTYSET('2KNuXp2qu9WE02ESMqW42S',#18,'Definici\X\F3n de secci\X\F3n transversal',$,(#132));
#1551=IFCCARTESIANPOINT((2.8227625523063464,4.5766758387738911,0.));
#1552=IFCAXIS2PLACEMENT3D(#1551,#9,#7);
#1553=IFCLOCALPLACEMENT(#40,#1552);
#1554=IFCCARTESIANPOINT((2.4266241612300385,0.));
#1555=IFCPOLYLINE((#4,#1554));
#1556=IFCSHAPEREPRESENTATION(#25,'Axis','Curve2D',(#1555));
#1557=IFCPRODUCTDEFINITIONSHAPE($,$,(#1556,#1567));
#1558=IFCCARTESIANPOINT((2.4266241612300385,-0.041500000000000314));
#1559=IFCCARTESIANPOINT((2.4266241612300385,0.041499999999999773));
#1560=IFCCARTESIANPOINT((0.,0.041499999999999773));
#1561=IFCCARTESIANPOINT((0.12216332732054322,-0.041500000000000314));
#1562=IFCPOLYLINE((#1558,#1559,#1560,#1561,#1558));
#1563=IFCARBITRARYCLOSEDPROFILEDEF(.AREA.,$,#1562);
#1564=IFCAXIS2PLACEMENT3D(#3,$,$);
#1565=IFCEXTRUDEDAREASOLID(#1563,#1564,#9,2.2999999999999989);
#1566=IFCSTYLEDITEM(#1565,(#68),$);
#1567=IFCSHAPEREPRESENTATION(#26,'Body','SweptSolid',(#1565));
#1568=IFCWALLSTANDARDCASE('0i4ixs_qz3rfJKp3nH4fXA',#18,'Muro b\X\E1sico:83 mm:155521',$,'Muro b\X\E1sico:83 mm',#1553,#1557,'155521');
#1569=IFCQUANTITYLENGTH('Height',$,$,2.2999999999999989);
#1570=IFCQUANTITYLENGTH('Length',$,$,2.4266241612300385);
#1571=IFCQUANTITYLENGTH('Width',$,$,0.083000000000000004);
#1572=IFCQUANTITYAREA('GrossFootprintArea',$,$,0.19634002729829084);
#1573=IFCQUANTITYVOLUME('GrossVolume',$,$,0.46324255237881434);
#1574=IFCQUANTITYAREA('GrossSideArea',$,$,5.5812355708290875);
#1575=IFCQUANTITYAREA('NetSideArea',$,$,5.5812355708290866);
#1576=IFCQUANTITYVOLUME('NetVolume',$,$,0.45158206278606888);
#1577=IFCELEMENTQUANTITY('1r4ruUoKx7X5MsTJzUyj36',#18,'BaseQuantities',$,$,(#1569,#1570,#1571,#1572,#1573,#1574,#1575,#1576));
#1578=IFCRELDEFINESBYPROPERTIES('1wuY8m6sdS_s6maNwbY5X6',#18,$,$,(#1568),#1577);
#1579=IFCMATERIALLAYERSETUSAGE(#534,.AXIS2.,.NEGATIVE.,0.041500000000000002);
#1580=IFCPROPERTYSET('1uwAuQwfFUlceniCy$KBkl',#18,'Pset_QuantityTakeOff',$,(#537));
#1581=IFCPROPERTYSINGLEVALUE('Reference',$,IFCLABEL('83 mm'),$);
#1582=IFCPROPERTYSET('0fekOAP5fBBHY69uabQ4n$',#18,'Pset_ReinforcementBarPitchOfWall',$,(#1581));
#1583=IFCPROPERTYSET('2rH9sjPmYmSRLZzYv1NJ$r',#18,'Pset_WallCommon',$,(#95,#96,#97,#537));
#1584=IFCPROPERTYSINGLEVALUE('Montaje de muro',$,IFCLABEL('83 mm'),$);
#1585=IFCPROPERTYSINGLEVALUE('Longitud - Centro a centro',$,IFCLENGTHMEASURE(2.4839250890432032),$);
#1586=IFCPROPERTYSINGLEVALUE('Anchura',$,IFCLENGTHMEASURE(0.083000000000000004),$);
#1587=IFCPROPERTYSINGLEVALUE('\X\C1rea',$,IFCAREAMEASURE(5.5812355708290866),$);
#1588=IFCPROPERTYSINGLEVALUE('Volumen',$,IFCVOLUMEMEASURE(0.45158206278606888),$);
#1589=IFCPROPERTYSET('3trSlDLFQTkH6pCcKHlj4L',#18,'Cantidades de muro por montaje',$,(#1584,#1585,#1586,#1587,#1588));
#1590=IFCRELDEFINESBYPROPERTIES('0eSqn764brpFGoza2DvxkY',#18,$,$,(#1568),#1580);
#1591=IFCRELDEFINESBYPROPERTIES('0U7rqKVkgcJCvDJq$kNMtT',#18,$,$,(#1568),#1582);
#1592=IFCRELDEFINESBYPROPERTIES('1kw7hK_oQPuSqk$IfcRflt',#18,$,$,(#1568),#1583);
#1593=IFCRELDEFINESBYPROPERTIES('0PDmPPxf992GXiI9EtPHKz',#18,$,$,(#1568),#1589);
#1594=IFCPROPERTYSINGLEVALUE('Altura desconectada',$,IFCLENGTHMEASURE(2.2999999999999998),$);
#1595=IFCPROPERTYSINGLEVALUE('\X\C1rea',$,IFCAREAMEASURE(5.5812355708290866),$);
#1596=IFCPROPERTYSINGLEVALUE('Longitud',$,IFCLENGTHMEASURE(2.4839250890432032),$);
#1597=IFCPROPERTYSINGLEVALUE('Volumen',$,IFCVOLUMEMEASURE(0.45158206278606888),$);
#1598=IFCPROPERTYSET('1W5sYDiONiYs6Dejp5Lfzj',#18,'Otros',$,(#109,#110,#553,#554,#555));
#1599=IFCPROPERTYSET('2ssY2yELWk5EhwxumDybP$',#18,'Restricciones',$,(#115,#116,#117,#118,#119,#120,#121,#123,#558,#1018,#1594));
#1600=IFCPROPERTYSET('2dUBphK0lilpn_mgjO8FJZ',#18,'Cotas',$,(#1595,#1596,#1597));
#1601=IFCPROPERTYSET('2TQOdPu5b_Ob$AjguYlUCo',#18,'Proceso por fases',$,(#129));
#1602=IFCPROPERTYSET('0PN0jY2dbbGIZfDmBX3zzy',#18,'Estructura',$,(#130,#131));
#1603=IFCPROPERTYSET('2jDNxlNZO6MS101BaFMfm$',#18,'Definici\X\F3n de secci\X\F3n transversal',$,(#132));
#1604=IFCCARTESIANPOINT((4.0717997725590527,4.6328000000000555,0.));
#1605=IFCAXIS2PLACEMENT3D(#1604,#9,#6);
#1606=IFCLOCALPLACEMENT(#40,#1605);
#1607=IFCCARTESIANPOINT((1.2080630785660746,0.));
#1608=IFCPOLYLINE((#4,#1607));
#1609=IFCSHAPEREPRESENTATION(#25,'Axis','Curve2D',(#1608));
#1610=IFCPRODUCTDEFINITIONSHAPE($,$,(#1609,#1621));
#1611=IFCCARTESIANPOINT((0.,-0.041500000000000314));
#1612=IFCCARTESIANPOINT((1.2075372202527068,-0.041500000000000314));
#1613=IFCCARTESIANPOINT((1.2075372202527068,0.040726016852287446));
#1614=IFCCARTESIANPOINT((1.2080630785660746,0.041499999999999773));
#1615=IFCCARTESIANPOINT((0.,0.041499999999999773));
#1616=IFCPOLYLINE((#1611,#1612,#1613,#1614,#1615,#1611));
#1617=IFCARBITRARYCLOSEDPROFILEDEF(.AREA.,$,#1616);
#1618=IFCAXIS2PLACEMENT3D(#3,$,$);
#1619=IFCEXTRUDEDAREASOLID(#1617,#1618,#9,2.2999999999999989);
#1620=IFCSTYLEDITEM(#1619,(#68),$);
#1621=IFCSHAPEREPRESENTATION(#26,'Body','SweptSolid',(#1619));
#1622=IFCWALLSTANDARDCASE('0i4ixs_qz3rfJKp3nH4gV8',#18,'Muro b\X\E1sico:83 mm:155651',$,'Muro b\X\E1sico:83 mm',#1606,#1610,'155651');
#1623=IFCQUANTITYLENGTH('Height',$,$,2.2999999999999989);
#1624=IFCQUANTITYLENGTH('Length',$,$,1.2080630785660746);
#1625=IFCQUANTITYLENGTH('Width',$,$,0.083000000000000004);
#1626=IFCQUANTITYAREA('GrossFootprintArea',$,$,0.10022579278371109);
#1627=IFCQUANTITYVOLUME('GrossVolume',$,$,0.10777924169826374);
#1628=IFCQUANTITYAREA('GrossSideArea',$,$,1.2985450807019727);
#1629=IFCQUANTITYAREA('NetSideArea',$,$,1.2985450807019725);
#1630=IFCQUANTITYVOLUME('NetVolume',$,$,0.10767932340253542);
#1631=IFCELEMENTQUANTITY('1yRmKW2c3zBY5b12JV74Og',#18,'BaseQuantities',$,$,(#1623,#1624,#1625,#1626,#1627,#1628,#1629,#1630));
#1632=IFCRELDEFINESBYPROPERTIES('3EPIStMJFifCbr933IztYg',#18,$,$,(#1622),#1631);
#1633=IFCMATERIALLAYERSETUSAGE(#534,.AXIS2.,.NEGATIVE.,0.041500000000000002);
#1634=IFCPROPERTYSET('0lm4xYiWYRMs0qG8XZ57nW',#18,'Pset_QuantityTakeOff',$,(#537));
#1635=IFCPROPERTYSINGLEVALUE('Reference',$,IFCLABEL('83 mm'),$);
#1636=IFCPROPERTYSET('0b1HJ9zzMciJV2YGIZIlxg',#18,'Pset_ReinforcementBarPitchOfWall',$,(#1635));
#1637=IFCPROPERTYSET('2h4hOIkXrQSAK2EPgjD47U',#18,'Pset_WallCommon',$,(#95,#96,#97,#537));
#1638=IFCPROPERTYSINGLEVALUE('Montaje de muro',$,IFCLABEL('83 mm'),$);
#1639=IFCPROPERTYSINGLEVALUE('Longitud - Centro a centro',$,IFCLENGTHMEASURE(1.3140372202527069),$);
#1640=IFCPROPERTYSINGLEVALUE('Anchura',$,IFCLENGTHMEASURE(0.083000000000000004),$);
#1641=IFCPROPERTYSINGLEVALUE('\X\C1rea',$,IFCAREAMEASURE(1.2985450807019725),$);
#1642=IFCPROPERTYSINGLEVALUE('Volumen',$,IFCVOLUMEMEASURE(0.1076793234025354),$);
#1643=IFCPROPERTYSET('00wlZHCwFhSktSi8azkCLW',#18,'Cantidades de muro por montaje',$,(#1638,#1639,#1640,#1641,#1642));
#1644=IFCRELDEFINESBYPROPERTIES('38S5zQqBUwHdpEXBocPL$I',#18,$,$,(#1622),#1634);
#1645=IFCRELDEFINESBYPROPERTIES('3ULFct8lRLOniYWyJb2Vcs',#18,$,$,(#1622),#1636);
#1646=IFCRELDEFINESBYPROPERTIES('30V4tv9AMjG7DTV7mExfTL',#18,$,$,(#1622),#1637);
#1647=IFCRELDEFINESBYPROPERTIES('19kIKZkzaKhzYVOzPRmREA',#18,$,$,(#1622),#1643);
#1648=IFCPROPERTYSINGLEVALUE('Altura desconectada',$,IFCLENGTHMEASURE(2.2999999999999998),$);
#1649=IFCPROPERTYSINGLEVALUE('\X\C1rea',$,IFCAREAMEASURE(1.2985450807019725),$);
#1650=IFCPROPERTYSINGLEVALUE('Longitud',$,IFCLENGTHMEASURE(1.3140372202527069),$);
#1651=IFCPROPERTYSINGLEVALUE('Volumen',$,IFCVOLUMEMEASURE(0.1076793234025354),$);
#1652=IFCPROPERTYSET('2bh_XiGZ2cUqonUQX_qDX8',#18,'Otros',$,(#109,#110,#553,#554,#555));
#1653=IFCPROPERTYSET('2SmGQcObmDYnaWdx80yHbD',#18,'Restricciones',$,(#115,#116,#117,#118,#119,#120,#121,#123,#558,#1018,#1648));
#1654=IFCPROPERTYSET('33M2z$9$4dhPRPhasQ6Gy$',#18,'Cotas',$,(#1649,#1650,#1651));
#1655=IFCPROPERTYSET('3cpRQqJkVrdIHzzP98l8eu',#18,'Proceso por fases',$,(#129));
#1656=IFCPROPERTYSET('3PRbaJOAwrWlpiRwspw9y2',#18,'Estructura',$,(#130,#131));
#1657=IFCPROPERTYSET('06a6mBXbKAdCTEw31cpVla',#18,'Definici\X\F3n de secci\X\F3n transversal',$,(#132));
#1658=IFCCARTESIANPOINT((-0.44599999999999995,-1.0569999999999988));
#1659=IFCCARTESIANPOINT((0.44599999999999979,-1.0569999999999988));
#1660=IFCCARTESIANPOINT((0.44599999999999979,1.0190000000000003));
#1661=IFCCARTESIANPOINT((0.36999999999999972,1.0190000000000003));
#1662=IFCCARTESIANPOINT((0.36999999999999972,-0.98100000000000165));
#1663=IFCCARTESIANPOINT((-0.36999999999999961,-0.98100000000000165));
#1664=IFCCARTESIANPOINT((-0.36999999999999961,1.0190000000000003));
#1665=IFCCARTESIANPOINT((-0.44599999999999995,1.0190000000000003));
#1666=IFCPOLYLINE((#1658,#1659,#1660,#1661,#1662,#1663,#1664,#1665,#1658));
#1667=IFCARBITRARYCLOSEDPROFILEDEF(.AREA.,'0762 x 2032mm',#1666);
#1668=IFCCARTESIANPOINT((0.37000000000000022,0.084999999999988307,1.0190000000000003));
#1669=IFCAXIS2PLACEMENT3D(#1668,#8,#6);
#1670=IFCEXTRUDEDAREASOLID(#1667,#1669,#9,0.024999999999994447);
#1671=IFCCARTESIANPOINT((-1.0569999999999995,-0.44599999999999707));
#1672=IFCCARTESIANPOINT((1.0189999999999995,-0.44599999999999707));
#1673=IFCCARTESIANPOINT((1.0189999999999995,-0.37000000000000732));
#1674=IFCCARTESIANPOINT((-0.98099999999999954,-0.37000000000000732));
#1675=IFCCARTESIANPOINT((-0.98099999999999954,0.37000000000000177));
#1676=IFCCARTESIANPOINT((1.0189999999999995,0.37000000000000177));
#1677=IFCCARTESIANPOINT((1.0189999999999995,0.44600000000000262));
#1678=IFCCARTESIANPOINT((-1.0569999999999995,0.44600000000000262));
#1679=IFCPOLYLINE((#1671,#1672,#1673,#1674,#1675,#1676,#1677,#1678,#1671));
#1680=IFCARBITRARYCLOSEDPROFILEDEF(.AREA.,'0762 x 2032mm',#1679);
#1681=IFCCARTESIANPOINT((0.369999999999998,-0.,1.0189999999999995));
#1682=IFCAXIS2PLACEMENT3D(#1681,#8,#10);
#1683=IFCEXTRUDEDAREASOLID(#1680,#1682,#9,0.025000000000005577);
#1684=IFCCARTESIANPOINT((0.,0.));
#1685=IFCAXIS2PLACEMENT2D(#1684,#11);
#1686=IFCRECTANGLEPROFILEDEF(.AREA.,'0762 x 2032mm',#1685,0.73999999999999977,0.051000000000000004);
#1687=IFCCARTESIANPOINT((0.3700000000000005,0.034499999999993876,0.));
#1688=IFCAXIS2PLACEMENT3D(#1687,$,$);
#1689=IFCEXTRUDEDAREASOLID(#1686,#1688,#9,1.9999999999999991);
#1690=IFCCOLOURRGB($,0.46274509803921571,0.27450980392156865,0.20000000000000001);
#1691=IFCSURFACESTYLERENDERING(#1690,0.,$,$,$,$,IFCNORMALISEDRATIOMEASURE(0.5),IFCSPECULAREXPONENT(128.),.NOTDEFINED.);
#1692=IFCSURFACESTYLE('Puerta - Marco',.BOTH.,(#1691));
#1693=IFCPRESENTATIONSTYLEASSIGNMENT((#1692));
#1694=IFCSTYLEDITEM(#1670,(#1693),$);
#1695=IFCSTYLEDITEM(#1683,(#1693),$);
#1696=IFCCOLOURRGB($,0.82352941176470584,0.62352941176470589,0.37254901960784315);
#1697=IFCSURFACESTYLERENDERING(#1696,0.,$,$,$,$,IFCNORMALISEDRATIOMEASURE(0.5),IFCSPECULAREXPONENT(128.),.NOTDEFINED.);
#1698=IFCSURFACESTYLE('Puerta - Panel',.BOTH.,(#1697));
#1699=IFCPRESENTATIONSTYLEASSIGNMENT((#1698));
#1700=IFCSTYLEDITEM(#1689,(#1699),$);
#1701=IFCSHAPEREPRESENTATION(#26,'Body','SweptSolid',(#1670,#1683,#1689));
#1702=IFCAXIS2PLACEMENT3D(#3,$,$);
#1703=IFCREPRESENTATIONMAP(#1702,#1701);
#1704=IFCDOORLININGPROPERTIES('0i4ixs_qz3rfJKp3rH4gU2',#18,'Simple-A ras:0762 x 2032mm:155721',$,$,$,$,$,$,$,$,$,$,$,$);
#1705=IFCDOORPANELPROPERTIES('0i4ixs_qz3rfJKp3vH4gU2',#18,'Simple-A ras:0762 x 2032mm:155721:1',$,$,.NOTDEFINED.,$,.NOTDEFINED.,$);
#1706=IFCDOORSTYLE('3I_KPEaFRDSHtO8F6Jd_Gw',#18,'Simple-A ras:0762 x 2032mm',$,$,(#763,#764,#765,#766,#767,#768,#1704,#1705,#1757),(#1703),'67183',.NOTDEFINED.,.NOTDEFINED.,.F.,.F.);
#1707=IFCMATERIAL('Puerta - Marco');
#1708=IFCPRESENTATIONSTYLEASSIGNMENT((#1692));
#1709=IFCSTYLEDITEM($,(#1708),$);
#1710=IFCSTYLEDREPRESENTATION(#24,'Style','Material',(#1709));
#1711=IFCMATERIALDEFINITIONREPRESENTATION($,$,(#1710),#1707);
#1712=IFCMATERIAL('Puerta - Panel');
#1713=IFCPRESENTATIONSTYLEASSIGNMENT((#1698));
#1714=IFCSTYLEDITEM($,(#1713),$);
#1715=IFCSTYLEDREPRESENTATION(#24,'Style','Material',(#1714));
#1716=IFCMATERIALDEFINITIONREPRESENTATION($,$,(#1715),#1712);
#1717=IFCMATERIALLIST((#1707,#1712));
#1718=IFCCARTESIANTRANSFORMATIONOPERATOR3D($,$,#3,1.,$);
#1719=IFCMAPPEDITEM(#1703,#1718);
#1720=IFCSHAPEREPRESENTATION(#26,'Body','MappedRepresentation',(#1719));
#1721=IFCPRODUCTDEFINITIONSHAPE($,$,(#1720));
#1722=IFCCARTESIANPOINT((2.3488772583088395,3.8335055208970354,0.));
#1723=IFCDIRECTION((0.56198095993497588,0.82715016814999398,0.));
#1724=IFCAXIS2PLACEMENT3D(#1722,#9,#1723);
#1726=IFCDOOR('0i4ixs_qz3rfJKp3nH4gU2',#18,'Simple-A ras:0762 x 2032mm:155721',$,'Simple-A ras:0762 x 2032mm',#4834,#1721,'155721',1.9999999999999996,0.73999999999999999);
#1727=IFCPROPERTYSINGLEVALUE('IsExternal',$,IFCBOOLEAN(.F.),$);
#1728=IFCPROPERTYSET('1_LA37aRp9ra44zgYJRcyE',#18,'Pset_DoorCommon',$,(#709,#1727));
#1729=IFCPROPERTYSET('2tdlLnEp010xs4eJuIZVaq',#18,'Pset_QuantityTakeOff',$,(#709));
#1730=IFCPROPERTYSINGLEVALUE('Descripci\X\F3n de puerta',$,IFCLABEL('Simple-A ras'),$);
#1731=IFCPROPERTYSINGLEVALUE('Tipo',$,IFCLABEL('0762 x 2032mm'),$);
#1732=IFCPROPERTYSINGLEVALUE('Anchura',$,IFCLENGTHMEASURE(0.73999999999999988),$);
#1733=IFCPROPERTYSINGLEVALUE('Altura',$,IFCLENGTHMEASURE(1.9999999999999998),$);
#1734=IFCPROPERTYSINGLEVALUE('Grosor',$,IFCLENGTHMEASURE(0.050999999999999997),$);
#1735=IFCPROPERTYSINGLEVALUE('Tipo de puerta',$,IFCTEXT('26'),$);
#1736=IFCPROPERTYSET('0H4FKZc5vyY$wfIwJHXin_',#18,'Cantidades de puertas',$,(#1730,#1731,#1732,#1733,#1734,#1735));
#1737=IFCRELDEFINESBYPROPERTIES('3SlWm8n5g8L4jXdjBX3mBZ',#18,$,$,(#1726),#1728);
#1738=IFCRELDEFINESBYPROPERTIES('0XVHhF5pPfwpxqqrGBcVFN',#18,$,$,(#1726),#1729);
#1739=IFCRELDEFINESBYPROPERTIES('3BrsC3hsQ__ULe1imKsj2i',#18,$,$,(#1726),#1736);
#1740=IFCQUANTITYLENGTH('Height','',$,1.9999999999999998);
#1741=IFCQUANTITYLENGTH('Width','',$,0.73999999999999988);
#1742=IFCQUANTITYAREA('Area','',$,1.4799999999999998);
#1743=IFCELEMENTQUANTITY('34$8xPt1IyUNsvIIAzTC7P',#18,'BaseQuantities',$,$,(#1740,#1741,#1742));
#1744=IFCRELDEFINESBYPROPERTIES('2iUbU_wo97GvGiWz9ISugb',#18,$,$,(#1726),#1743);
#1745=IFCPROPERTYSINGLEVALUE('Altura de extremo inicial',$,IFCLENGTHMEASURE(1.9999999999999998),$);
#1746=IFCPROPERTYSINGLEVALUE('ID de anfitri\X\F3n',$,IFCLABEL('155375'),$);
#1747=IFCPROPERTYSINGLEVALUE('Nivel',$,IFCLABEL('Nivel 2'),$);
#1748=IFCPROPERTYSINGLEVALUE('\X\C1rea',$,IFCAREAMEASURE(2.6117239999999784),$);
#1749=IFCPROPERTYSINGLEVALUE('Volumen',$,IFCVOLUMEMEASURE(0.094069599999999434),$);
#1750=IFCPROPERTYSINGLEVALUE('Marca',$,IFCTEXT('1'),$);
#1751=IFCPROPERTYSET('2lVjFujM7VggtZJIaMwbOh',#18,'Otros',$,(#342,#343,#737,#739,#740,#1745,#1746));
#1752=IFCPROPERTYSET('2qw7k4fY$dZ0MB1737waAq',#18,'Restricciones',$,(#348,#1747));
#1753=IFCPROPERTYSET('0aXVcc2289SpI9mLINJa5S',#18,'Cotas',$,(#1748,#1749));
#1754=IFCPROPERTYSET('2OgozxkM1deTd75qewsML$',#18,'Datos de identidad',$,(#1750));
#1755=IFCPROPERTYSET('2oLFM3L18IJcNVzuSTAa0Q',#18,'Proceso por fases',$,(#129));
#1756=IFCPROPERTYSINGLEVALUE('ThermalTransmittance',$,IFCTHERMALTRANSMITTANCEMEASURE(3.7021000000000002),$);
#1757=IFCPROPERTYSET('3RjuGrVdw3hTuoDdD28YoT',#18,'Pset_DoorCommon',$,(#1756));
#1758=IFCCARTESIANPOINT((-0.44599999999999995,-1.0569999999999988));
#1759=IFCCARTESIANPOINT((0.44599999999999979,-1.0569999999999988));
#1760=IFCCARTESIANPOINT((0.44599999999999979,1.0190000000000003));
#1761=IFCCARTESIANPOINT((0.36999999999999972,1.0190000000000003));
#1762=IFCCARTESIANPOINT((0.36999999999999972,-0.98100000000000165));
#1763=IFCCARTESIANPOINT((-0.36999999999999961,-0.98100000000000165));
#1764=IFCCARTESIANPOINT((-0.36999999999999961,1.0190000000000003));
#1765=IFCCARTESIANPOINT((-0.44599999999999995,1.0190000000000003));
#1766=IFCPOLYLINE((#1758,#1759,#1760,#1761,#1762,#1763,#1764,#1765,#1758));
#1767=IFCARBITRARYCLOSEDPROFILEDEF(.AREA.,'0762 x 2032mm',#1766);
#1768=IFCCARTESIANPOINT((0.37000000000000022,0.1079999999999897,1.0190000000000003));
#1769=IFCAXIS2PLACEMENT3D(#1768,#8,#6);
#1770=IFCEXTRUDEDAREASOLID(#1767,#1769,#9,0.024999999999994454);
#1771=IFCCARTESIANPOINT((-1.0569999999999995,-0.44599999999999707));
#1772=IFCCARTESIANPOINT((1.0189999999999995,-0.44599999999999707));
#1773=IFCCARTESIANPOINT((1.0189999999999995,-0.37000000000000732));
#1774=IFCCARTESIANPOINT((-0.98099999999999954,-0.37000000000000732));
#1775=IFCCARTESIANPOINT((-0.98099999999999954,0.37000000000000177));
#1776=IFCCARTESIANPOINT((1.0189999999999995,0.37000000000000177));
#1777=IFCCARTESIANPOINT((1.0189999999999995,0.44600000000000262));
#1778=IFCCARTESIANPOINT((-1.0569999999999995,0.44600000000000262));
#1779=IFCPOLYLINE((#1771,#1772,#1773,#1774,#1775,#1776,#1777,#1778,#1771));
#1780=IFCARBITRARYCLOSEDPROFILEDEF(.AREA.,'0762 x 2032mm',#1779);
#1781=IFCCARTESIANPOINT((0.369999999999998,-0.,1.0189999999999995));
#1782=IFCAXIS2PLACEMENT3D(#1781,#8,#10);
#1783=IFCEXTRUDEDAREASOLID(#1780,#1782,#9,0.02500000000000557);
#1784=IFCCARTESIANPOINT((0.,0.));
#1785=IFCAXIS2PLACEMENT2D(#1784,#11);
#1786=IFCRECTANGLEPROFILEDEF(.AREA.,'0762 x 2032mm',#1785,0.73999999999999977,0.051000000000000004);
#1787=IFCCARTESIANPOINT((0.3700000000000005,0.057499999999995256,0.));
#1788=IFCAXIS2PLACEMENT3D(#1787,$,$);
#1789=IFCEXTRUDEDAREASOLID(#1786,#1788,#9,1.9999999999999991);
#1790=IFCSTYLEDITEM(#1770,(#1693),$);
#1791=IFCSTYLEDITEM(#1783,(#1693),$);
#1792=IFCSTYLEDITEM(#1789,(#1699),$);
#1793=IFCSHAPEREPRESENTATION(#26,'Body','SweptSolid',(#1770,#1783,#1789));
#1794=IFCAXIS2PLACEMENT3D(#3,$,$);
#1795=IFCREPRESENTATIONMAP(#1794,#1793);
#1796=IFCDOORLININGPROPERTIES('0i4ixs_qz3rfJKp3rH4gUO',#18,'Simple-A ras:0762 x 2032mm:155731',$,$,$,$,$,$,$,$,$,$,$,$);
#1797=IFCDOORPANELPROPERTIES('0i4ixs_qz3rfJKp3vH4gUO',#18,'Simple-A ras:0762 x 2032mm:155731:1',$,$,.NOTDEFINED.,$,.NOTDEFINED.,$);
#1798=IFCDOORSTYLE('2kx5I87AuoZ$8woML4lS0k',#18,'Simple-A ras:0762 x 2032mm',$,$,(#763,#764,#765,#766,#767,#768,#1796,#1797,#1834),(#1795),'67183',.NOTDEFINED.,.NOTDEFINED.,.F.,.F.);
#1799=IFCMAPPEDITEM(#1795,#1718);
#1800=IFCSHAPEREPRESENTATION(#26,'Body','MappedRepresentation',(#1799));
#1801=IFCPRODUCTDEFINITIONSHAPE($,$,(#1800));
#1802=IFCCARTESIANPOINT((2.8757995451067924,4.5913000000000599,0.));
#1803=IFCAXIS2PLACEMENT3D(#1802,$,$);
#1805=IFCDOOR('0i4ixs_qz3rfJKp3nH4gUO',#18,'Simple-A ras:0762 x 2032mm:155731',$,'Simple-A ras:0762 x 2032mm',#4854,#1801,'155731',1.9999999999999996,0.73999999999999966);
#1806=IFCPROPERTYSET('0z5cZ0J6w1CjUI6WSySbeQ',#18,'Pset_DoorCommon',$,(#709,#1727));
#1807=IFCPROPERTYSET('30$LVmbhZGR8UAS7_Ev78$',#18,'Pset_QuantityTakeOff',$,(#709));
#1808=IFCPROPERTYSINGLEVALUE('Descripci\X\F3n de puerta',$,IFCLABEL('Simple-A ras'),$);
#1809=IFCPROPERTYSINGLEVALUE('Tipo',$,IFCLABEL('0762 x 2032mm'),$);
#1810=IFCPROPERTYSINGLEVALUE('Anchura',$,IFCLENGTHMEASURE(0.73999999999999988),$);
#1811=IFCPROPERTYSINGLEVALUE('Altura',$,IFCLENGTHMEASURE(1.9999999999999998),$);
#1812=IFCPROPERTYSINGLEVALUE('Grosor',$,IFCLENGTHMEASURE(0.050999999999999997),$);
#1813=IFCPROPERTYSINGLEVALUE('Tipo de puerta',$,IFCTEXT('26'),$);
#1814=IFCPROPERTYSET('3GxqImirC9QxhGnsc0y3nZ',#18,'Cantidades de puertas',$,(#1808,#1809,#1810,#1811,#1812,#1813));
#1815=IFCRELDEFINESBYPROPERTIES('0HYUyxjl_rU7UAE8Jvei9e',#18,$,$,(#1805),#1806);
#1816=IFCRELDEFINESBYPROPERTIES('3PB72U$qCJN9baZPokPJmP',#18,$,$,(#1805),#1807);
#1817=IFCRELDEFINESBYPROPERTIES('0nes5EWdGT$lb602TIwiGy',#18,$,$,(#1805),#1814);
#1818=IFCQUANTITYLENGTH('Height','',$,1.9999999999999998);
#1819=IFCQUANTITYLENGTH('Width','',$,0.73999999999999988);
#1820=IFCQUANTITYAREA('Area','',$,1.4799999999999998);
#1821=IFCELEMENTQUANTITY('35Z4sz_TaQfYNbbIzNIcUM',#18,'BaseQuantities',$,$,(#1818,#1819,#1820));
#1822=IFCRELDEFINESBYPROPERTIES('3q4aMNVqcWLv8eEP8um8Ki',#18,$,$,(#1805),#1821);
#1823=IFCPROPERTYSINGLEVALUE('Altura de extremo inicial',$,IFCLENGTHMEASURE(1.9999999999999998),$);
#1824=IFCPROPERTYSINGLEVALUE('ID de anfitri\X\F3n',$,IFCLABEL('155651'),$);
#1825=IFCPROPERTYSINGLEVALUE('\X\C1rea',$,IFCAREAMEASURE(2.6117239999999784),$);
#1826=IFCPROPERTYSINGLEVALUE('Volumen',$,IFCVOLUMEMEASURE(0.094069599999999434),$);
#1827=IFCPROPERTYSINGLEVALUE('Marca',$,IFCTEXT('2'),$);
#1828=IFCPROPERTYSET('2R9nIyDea_av5BzpAWxhUQ',#18,'Otros',$,(#342,#343,#737,#739,#740,#1823,#1824));
#1829=IFCPROPERTYSET('3bVQqYUSfFzEf3jTr3$ATT',#18,'Restricciones',$,(#348,#1747));
#1830=IFCPROPERTYSET('3FGRX28vV424frpN6ZF1O2',#18,'Cotas',$,(#1825,#1826));
#1831=IFCPROPERTYSET('2N54oNLPb5$YRp6Ajvs1Jd',#18,'Datos de identidad',$,(#1827));
#1832=IFCPROPERTYSET('1IxOPhL13ys81d$bGuyLZ3',#18,'Proceso por fases',$,(#129));
#1833=IFCPROPERTYSINGLEVALUE('ThermalTransmittance',$,IFCTHERMALTRANSMITTANCEMEASURE(3.7021000000000002),$);
#1834=IFCPROPERTYSET('3Kofy_CIY9soWQ_1tdPV$7',#18,'Pset_DoorCommon',$,(#1833));
#1835=IFCCARTESIANPOINT((0.,0.));
#1836=IFCAXIS2PLACEMENT2D(#1835,#11);
#1837=IFCRECTANGLEPROFILEDEF(.AREA.,'1500x1000',#1836,0.011999999999999997,1.3739999999999957);
#1838=IFCCARTESIANPOINT((0.75000000000000522,0.088999999999997553,0.062999999999985137));
#1839=IFCAXIS2PLACEMENT3D(#1838,#9,#8);
#1840=IFCEXTRUDEDAREASOLID(#1837,#1839,#9,0.87400000000000411);
#1841=IFCCARTESIANPOINT((-0.73099999999999921,-0.48100000000000109));
#1842=IFCCARTESIANPOINT((0.73099999999999921,-0.48100000000000109));
#1843=IFCCARTESIANPOINT((0.73099999999999921,0.48100000000000109));
#1844=IFCCARTESIANPOINT((-0.73099999999999921,0.48100000000000109));
#1845=IFCPOLYLINE((#1841,#1842,#1843,#1844,#1841));
#1846=IFCCARTESIANPOINT((-0.68699999999999894,-0.43700000000000161));
#1847=IFCCARTESIANPOINT((-0.68699999999999894,0.43700000000000244));
#1848=IFCCARTESIANPOINT((0.68699999999999684,0.43700000000000244));
#1849=IFCCARTESIANPOINT((0.68699999999999684,-0.43700000000000161));
#1850=IFCPOLYLINE((#1846,#1847,#1848,#1849,#1846));
#1851=IFCARBITRARYPROFILEDEFWITHVOIDS(.AREA.,'1500x1000',#1845,(#1850));
#1852=IFCCARTESIANPOINT((0.75000000000000633,0.066999999999970139,0.49999999999998757));
#1853=IFCAXIS2PLACEMENT3D(#1852,#7,#5);
#1854=IFCEXTRUDEDAREASOLID(#1851,#1853,#9,0.044000000000027441);
#1855=IFCCARTESIANPOINT((-0.749999999999999,-0.49999999999999545));
#1856=IFCCARTESIANPOINT((0.749999999999999,-0.49999999999999545));
#1857=IFCCARTESIANPOINT((0.749999999999999,0.49999999999999573));
#1858=IFCCARTESIANPOINT((-0.749999999999999,0.49999999999999573));
#1859=IFCPOLYLINE((#1855,#1856,#1857,#1858,#1855));
#1860=IFCCARTESIANPOINT((-0.73100000000000054,-0.48099999999998055));
#1861=IFCCARTESIANPOINT((-0.73100000000000054,0.48100000000002169));
#1862=IFCCARTESIANPOINT((0.73099999999999787,0.48100000000002169));
#1863=IFCCARTESIANPOINT((0.73099999999999787,-0.48099999999998055));
#1864=IFCPOLYLINE((#1860,#1861,#1862,#1863,#1860));
#1865=IFCARBITRARYPROFILEDEFWITHVOIDS(.AREA.,'1500x1000',#1859,(#1864));
#1866=IFCCARTESIANPOINT((0.75000000000000766,0.066999999999970139,0.50000000000000822));
#1867=IFCAXIS2PLACEMENT3D(#1866,#7,#5);
#1868=IFCEXTRUDEDAREASOLID(#1865,#1867,#9,0.063000000000027437);
#1869=IFCCARTESIANPOINT((-0.74999999999999956,-0.49999999999999489));
#1870=IFCCARTESIANPOINT((0.74999999999999956,-0.49999999999999489));
#1871=IFCCARTESIANPOINT((0.74999999999999956,0.49999999999999517));
#1872=IFCCARTESIANPOINT((-0.74999999999999956,0.49999999999999517));
#1873=IFCPOLYLINE((#1869,#1870,#1871,#1872,#1869));
#1874=IFCCARTESIANPOINT((-0.71799999999999919,-0.46799999999998132));
#1875=IFCCARTESIANPOINT((-0.71799999999999919,0.46800000000001979));
#1876=IFCCARTESIANPOINT((0.71799999999999953,0.46800000000001979));
#1877=IFCCARTESIANPOINT((0.71799999999999953,-0.46799999999998132));
#1878=IFCPOLYLINE((#1874,#1875,#1876,#1877,#1874));
#1879=IFCARBITRARYPROFILEDEFWITHVOIDS(.AREA.,'1500x1000',#1873,(#1878));
#1880=IFCCARTESIANPOINT((0.75000000000000799,-0.,0.50000000000000766));
#1881=IFCAXIS2PLACEMENT3D(#1880,#7,#5);
#1882=IFCEXTRUDEDAREASOLID(#1879,#1881,#9,0.066999999999972568);
#1883=IFCCOLOURRGB($,0.,0.,1.);
#1884=IFCSURFACESTYLERENDERING(#1883,0.75,$,$,$,$,IFCNORMALISEDRATIOMEASURE(0.5),IFCSPECULAREXPONENT(64.),.NOTDEFINED.);
#1885=IFCSURFACESTYLE('Vidrio',.BOTH.,(#1884));
#1886=IFCPRESENTATIONSTYLEASSIGNMENT((#1885));
#1887=IFCSTYLEDITEM(#1840,(#1886),$);
#1888=IFCCOLOURRGB($,0.8784313725490196,0.69803921568627447,0.49411764705882355);
#1889=IFCSURFACESTYLERENDERING(#1888,0.,$,$,$,$,IFCNORMALISEDRATIOMEASURE(0.5),IFCSPECULAREXPONENT(128.),.NOTDEFINED.);
#1890=IFCSURFACESTYLE('Hoja',.BOTH.,(#1889));
#1891=IFCPRESENTATIONSTYLEASSIGNMENT((#1890));
#1892=IFCSTYLEDITEM(#1854,(#1891),$);
#1893=IFCSTYLEDITEM(#1868,(#1891),$);
#1894=IFCSTYLEDITEM(#1882,(#1891),$);
#1895=IFCSHAPEREPRESENTATION(#26,'Body','SweptSolid',(#1840,#1854,#1868,#1882));
#1896=IFCAXIS2PLACEMENT3D(#3,$,$);
#1897=IFCREPRESENTATIONMAP(#1896,#1895);
#1898=IFCWINDOWLININGPROPERTIES('0i4ixs_qz3rfJKp3rH4gQ0',#18,'Fijo:1500x1000:155979',$,$,$,$,$,$,$,$,$,$);
#1899=IFCWINDOWSTYLE('0VQ76safXAONoXt1dMKKJd',#18,'Fijo:1500x1000',$,$,(#1898,#1969,#1970,#1971,#1972,#1973,#1974,#1976),(#1897),'155976',.NOTDEFINED.,.NOTDEFINED.,.F.,.F.);
#1900=IFCMATERIAL('Vidrio');
#1901=IFCPRESENTATIONSTYLEASSIGNMENT((#1885));
#1902=IFCSTYLEDITEM($,(#1901),$);
#1903=IFCSTYLEDREPRESENTATION(#24,'Style','Material',(#1902));
#1904=IFCMATERIALDEFINITIONREPRESENTATION($,$,(#1903),#1900);
#1905=IFCMATERIAL('Hoja');
#1906=IFCPRESENTATIONSTYLEASSIGNMENT((#1890));
#1907=IFCSTYLEDITEM($,(#1906),$);
#1908=IFCSTYLEDREPRESENTATION(#24,'Style','Material',(#1907));
#1909=IFCMATERIALDEFINITIONREPRESENTATION($,$,(#1908),#1905);
#1910=IFCMATERIALLIST((#1900,#1905));
#1911=IFCMAPPEDITEM(#1897,#1718);
#1912=IFCSHAPEREPRESENTATION(#26,'Body','MappedRepresentation',(#1911));
#1913=IFCPRODUCTDEFINITIONSHAPE($,$,(#1912));
#1914=IFCCARTESIANPOINT((2.34290000000337,0.055000000000277063,1.));
#1915=IFCAXIS2PLACEMENT3D(#1914,#9,#6);
#1917=IFCWINDOW('0i4ixs_qz3rfJKp3nH4gQ0',#18,'Fijo:1500x1000:155979',$,'Fijo:1500x1000',#4794,#1913,'155979',0.99999999999999523,1.4999999999999984);
#1918=IFCPROPERTYSINGLEVALUE('Reference',$,IFCIDENTIFIER('1500x1000'),$);
#1919=IFCPROPERTYSET('3jypD5T$OaSL1GNz51j9dk',#18,'Pset_QuantityTakeOff',$,(#1918));
#1920=IFCPROPERTYSET('0i3qU4mOUqf0yLsJ7WaACU',#18,'Pset_WindowCommon',$,(#95,#1918));
#1921=IFCPROPERTYSINGLEVALUE('Descripci\X\F3n de ventana',$,IFCLABEL('Fijo'),$);
#1922=IFCPROPERTYSINGLEVALUE('Tipo',$,IFCLABEL('1500x1000'),$);
#1923=IFCPROPERTYSINGLEVALUE('Anchura',$,IFCLENGTHMEASURE(1.4999999999999998),$);
#1924=IFCPROPERTYSINGLEVALUE('Altura',$,IFCLENGTHMEASURE(0.99999999999999989),$);
#1925=IFCPROPERTYSINGLEVALUE('Tipo de ventana',$,IFCTEXT('19'),$);
#1926=IFCPROPERTYSET('2jUWeTVRYAsfd58r3FART8',#18,'Cantidades de ventanas',$,(#1921,#1922,#1923,#1924,#1925));
#1927=IFCRELDEFINESBYPROPERTIES('3wf9VuW3VXFcbxkH5s6mkU',#18,$,$,(#1917),#1919);
#1928=IFCRELDEFINESBYPROPERTIES('0MW0yTSiUkBapBYypA9Gzh',#18,$,$,(#1917),#1920);
#1929=IFCRELDEFINESBYPROPERTIES('2AR2lnDQl_bIs9FvrIAL_M',#18,$,$,(#1917),#1926);
#1930=IFCQUANTITYLENGTH('Height','',$,0.99999999999999989);
#1931=IFCQUANTITYLENGTH('Width','',$,1.4999999999999998);
#1932=IFCQUANTITYAREA('Area','',$,1.4999999999999998);
#1933=IFCELEMENTQUANTITY('3DPAFFhUM_cWPiPj9aGjLX',#18,'BaseQuantities',$,$,(#1930,#1931,#1932));
#1934=IFCRELDEFINESBYPROPERTIES('1upXcLXLwMTbzEzmNLNjSI',#18,$,$,(#1917),#1933);
#1935=IFCPROPERTYSINGLEVALUE('Altura de extremo inicial',$,IFCLENGTHMEASURE(2.0000000000000062),$);
#1936=IFCPROPERTYSINGLEVALUE('Categor\X\EDa',$,IFCLABEL('Ventanas'),$);
#1937=IFCPROPERTYSINGLEVALUE('Familia',$,IFCLABEL('Fijo'),$);
#1938=IFCPROPERTYSINGLEVALUE('Familia y tipo',$,IFCLABEL('Fijo: 1500x1000'),$);
#1939=IFCPROPERTYSINGLEVALUE('ID de anfitri\X\F3n',$,IFCLABEL('154435'),$);
#1940=IFCPROPERTYSINGLEVALUE('ID de tipo',$,IFCLABEL('155976'),$);
#1941=IFCPROPERTYSINGLEVALUE('Tipo',$,IFCLABEL('1500x1000'),$);
#1942=IFCPROPERTYSINGLEVALUE('Altura de antepecho',$,IFCLENGTHMEASURE(1.0000000000000062),$);
#1943=IFCPROPERTYSINGLEVALUE('\X\C1rea',$,IFCAREAMEASURE(2.525084000000096),$);
#1944=IFCPROPERTYSINGLEVALUE('Volumen',$,IFCVOLUMEMEASURE(0.039795100000001769),$);
#1945=IFCPROPERTYSINGLEVALUE('Marca',$,IFCTEXT('1'),$);
#1946=IFCPROPERTYSINGLEVALUE('Nombre de familia',$,IFCTEXT('Fijo'),$);
#1947=IFCPROPERTYSINGLEVALUE('Altura',$,IFCLENGTHMEASURE(0.99999999999999989),$);
#1948=IFCPROPERTYSINGLEVALUE('Altura de antepecho por defecto',$,IFCLENGTHMEASURE(0.99999999999999989),$);
#1949=IFCPROPERTYSINGLEVALUE('Anchura',$,IFCLENGTHMEASURE(1.4999999999999998),$);
#1950=IFCPROPERTYSINGLEVALUE('Incrustaci\X\F3n de ventana',$,IFCLENGTHMEASURE(0.018999999999999996),$);
#1951=IFCPROPERTYSINGLEVALUE('Marca de tipo',$,IFCTEXT('19'),$);
#1952=IFCPROPERTYSINGLEVALUE('Nombre de tipo',$,IFCTEXT('1500x1000'),$);
#1953=IFCPROPERTYSINGLEVALUE('N\X\FAmero OmniClass',$,IFCTEXT('23.30.20.17.11'),$);
#1954=IFCPROPERTYSINGLEVALUE('T\X\EDtulo OmniClass',$,IFCTEXT('Fixed Windows'),$);
#1955=IFCPROPERTYSINGLEVALUE('Hoja',$,IFCLABEL('Hoja'),$);
#1956=IFCPROPERTYSINGLEVALUE('Material de hoja de cristal',$,IFCLABEL('Vidrio'),$);
#1957=IFCPROPERTYSINGLEVALUE('Material exterior de marco',$,IFCLABEL('Hoja'),$);
#1958=IFCPROPERTYSINGLEVALUE('Material interior de marco',$,IFCLABEL('Hoja'),$);
#1959=IFCPROPERTYSINGLEVALUE('Coeficiente de incremento de calor solar',$,IFCREAL(0.78000000000000003),$);
#1960=IFCPROPERTYSINGLEVALUE('Coeficiente de transferencia de calor (U)',$,IFCTHERMALTRANSMITTANCEMEASURE(3.6886000000000001),$);
#1961=IFCPROPERTYSINGLEVALUE('Construcci\X\F3n anal\X\EDtica',$,IFCTEXT('1/8 en cristalera simple Pilkington'),$);
#1962=IFCPROPERTYSINGLEVALUE('Resistencia t\X\E9rmica (R)',$,IFCTHERMALRESISTANCEMEASURE(0.27110556850837714),$);
#1963=IFCPROPERTYSINGLEVALUE('Transmitancia de luz visual',$,IFCREAL(0.90000000000000002),$);
#1964=IFCPROPERTYSET('0OAjJTPTmYWzzKN3DsvpFW',#18,'Otros',$,(#1935,#1936,#1937,#1938,#1939,#1940,#1941));
#1965=IFCPROPERTYSET('2f6uIi2EA4Y0AIWttt5RVH',#18,'Restricciones',$,(#1747,#1942));
#1966=IFCPROPERTYSET('0seLWiqn7qq8VszwiDGtHh',#18,'Cotas',$,(#1943,#1944));
#1967=IFCPROPERTYSET('1ojuG7XduYKOsn2sHxVcXW',#18,'Datos de identidad',$,(#1945));
#1968=IFCPROPERTYSET('2QZnbHmuhmNRgVly7B2ayQ',#18,'Proceso por fases',$,(#129));
#1969=IFCPROPERTYSET('0TH0M64PIUBCmor$PFFQpe',#18,'Otros',$,(#1936,#1946));
#1970=IFCPROPERTYSET('1m9vYhoQ$Uvmcs02bL_xe9',#18,'Construcci\X\F3n',$,(#354));
#1971=IFCPROPERTYSET('0mVO9qNl$lgPGCJmtZwoNZ',#18,'Cotas',$,(#1947,#1948,#1949,#1950));
#1972=IFCPROPERTYSET('10cy4hpe7uwU61_b97$ENL',#18,'Datos de identidad',$,(#1951,#1952,#1953,#1954));
#1973=IFCPROPERTYSET('0HNHWdOaO4GoqTgcXw4_2_',#18,'Materiales y acabados',$,(#1955,#1956,#1957,#1958));
#1974=IFCPROPERTYSET('1aoePHprKe9VhfNxd9bbdZ',#18,'Propiedades anal\X\EDticas',$,(#378,#1959,#1960,#1961,#1962,#1963));
#1975=IFCPROPERTYSINGLEVALUE('ThermalTransmittance',$,IFCTHERMALTRANSMITTANCEMEASURE(3.6886000000000001),$);
#1976=IFCPROPERTYSET('3WUNwcjmd8_RkdfXBDPeZy',#18,'Pset_WindowCommon',$,(#1975));
#1977=IFCCARTESIANPOINT((0.,0.));
#1978=IFCAXIS2PLACEMENT2D(#1977,#11);
#1979=IFCRECTANGLEPROFILEDEF(.AREA.,'1200x1000',#1978,0.011999999999999997,1.0739999999999965);
#1980=IFCCARTESIANPOINT((0.60000000000000564,0.089000000000001897,0.062999999999985137));
#1981=IFCAXIS2PLACEMENT3D(#1980,#9,#8);
#1982=IFCEXTRUDEDAREASOLID(#1979,#1981,#9,0.87400000000000411);
#1983=IFCCARTESIANPOINT((-0.58099999999999963,-0.48100000000000109));
#1984=IFCCARTESIANPOINT((0.58099999999999963,-0.48100000000000109));
#1985=IFCCARTESIANPOINT((0.58099999999999963,0.48100000000000109));
#1986=IFCCARTESIANPOINT((-0.58099999999999963,0.48100000000000109));
#1987=IFCPOLYLINE((#1983,#1984,#1985,#1986,#1983));
#1988=IFCCARTESIANPOINT((-0.53699999999999937,-0.43700000000000161));
#1989=IFCCARTESIANPOINT((-0.53699999999999937,0.43700000000000244));
#1990=IFCCARTESIANPOINT((0.53699999999999715,0.43700000000000244));
#1991=IFCCARTESIANPOINT((0.53699999999999715,-0.43700000000000161));
#1992=IFCPOLYLINE((#1988,#1989,#1990,#1991,#1988));
#1993=IFCARBITRARYPROFILEDEFWITHVOIDS(.AREA.,'1200x1000',#1987,(#1992));
#1994=IFCCARTESIANPOINT((0.60000000000000664,0.066999999999974497,0.49999999999998757));
#1995=IFCAXIS2PLACEMENT3D(#1994,#7,#5);
#1996=IFCEXTRUDEDAREASOLID(#1993,#1995,#9,0.044000000000027441);
#1997=IFCCARTESIANPOINT((-0.59999999999999953,-0.49999999999999545));
#1998=IFCCARTESIANPOINT((0.59999999999999953,-0.49999999999999545));
#1999=IFCCARTESIANPOINT((0.59999999999999953,0.49999999999999573));
#2000=IFCCARTESIANPOINT((-0.59999999999999953,0.49999999999999573));
#2001=IFCPOLYLINE((#1997,#1998,#1999,#2000,#1997));
#2002=IFCCARTESIANPOINT((-0.58100000000000085,-0.48099999999998055));
#2003=IFCCARTESIANPOINT((-0.58100000000000085,0.48100000000002169));
#2004=IFCCARTESIANPOINT((0.5809999999999983,0.48100000000002169));
#2005=IFCCARTESIANPOINT((0.5809999999999983,-0.48099999999998055));
#2006=IFCPOLYLINE((#2002,#2003,#2004,#2005,#2002));
#2007=IFCARBITRARYPROFILEDEFWITHVOIDS(.AREA.,'1200x1000',#2001,(#2006));
#2008=IFCCARTESIANPOINT((0.60000000000000797,0.066999999999974497,0.50000000000000822));
#2009=IFCAXIS2PLACEMENT3D(#2008,#7,#5);
#2010=IFCEXTRUDEDAREASOLID(#2007,#2009,#9,0.063000000000027437);
#2011=IFCCARTESIANPOINT((-0.59999999999999987,-0.49999999999999489));
#2012=IFCCARTESIANPOINT((0.59999999999999987,-0.49999999999999489));
#2013=IFCCARTESIANPOINT((0.59999999999999987,0.49999999999999517));
#2014=IFCCARTESIANPOINT((-0.59999999999999987,0.49999999999999517));
#2015=IFCPOLYLINE((#2011,#2012,#2013,#2014,#2011));
#2016=IFCCARTESIANPOINT((-0.56799999999999962,-0.46799999999998132));
#2017=IFCCARTESIANPOINT((-0.56799999999999962,0.46800000000001979));
#2018=IFCCARTESIANPOINT((0.56799999999999984,0.46800000000001979));
#2019=IFCCARTESIANPOINT((0.56799999999999984,-0.46799999999998132));
#2020=IFCPOLYLINE((#2016,#2017,#2018,#2019,#2016));
#2021=IFCARBITRARYPROFILEDEFWITHVOIDS(.AREA.,'1200x1000',#2015,(#2020));
#2022=IFCCARTESIANPOINT((0.60000000000000842,0.,0.50000000000000766));
#2023=IFCAXIS2PLACEMENT3D(#2022,#7,#5);
#2024=IFCEXTRUDEDAREASOLID(#2021,#2023,#9,0.066999999999972568);
#2025=IFCSTYLEDITEM(#1982,(#1886),$);
#2026=IFCSTYLEDITEM(#1996,(#1891),$);
#2027=IFCSTYLEDITEM(#2010,(#1891),$);
#2028=IFCSTYLEDITEM(#2024,(#1891),$);
#2029=IFCSHAPEREPRESENTATION(#26,'Body','SweptSolid',(#1982,#1996,#2010,#2024));
#2030=IFCAXIS2PLACEMENT3D(#3,$,$);
#2031=IFCREPRESENTATIONMAP(#2030,#2029);
#2032=IFCWINDOWLININGPROPERTIES('0i4ixs_qz3rfJKp3rH4gNK',#18,'Fijo:1200x1000:156191',$,$,$,$,$,$,$,$,$,$);
#2033=IFCWINDOWSTYLE('1Hce0ISQBBr_A3MQKv$TMb',#18,'Fijo:1200x1000',$,$,(#2032,#2085,#2086,#2087,#2088,#2089,#2090,#2092),(#2031),'156358',.NOTDEFINED.,.NOTDEFINED.,.F.,.F.);
#2034=IFCMAPPEDITEM(#2031,#1718);
#2035=IFCSHAPEREPRESENTATION(#26,'Body','MappedRepresentation',(#2034));
#2036=IFCPRODUCTDEFINITIONSHAPE($,$,(#2035));
#2037=IFCCARTESIANPOINT((2.0229997725576596,7.1333000000039304,1.));
#2038=IFCAXIS2PLACEMENT3D(#2037,#9,#6);
#2040=IFCWINDOW('0i4ixs_qz3rfJKp3nH4gNK',#18,'Fijo:1200x1000:156191',$,'Fijo:1200x1000',#4734,#2036,'156191',0.99999999999999523,1.1999999999999991);
#2041=IFCPROPERTYSINGLEVALUE('Reference',$,IFCIDENTIFIER('1200x1000'),$);
#2042=IFCPROPERTYSET('3HO6qXW7FwrYqDrnXuDisq',#18,'Pset_QuantityTakeOff',$,(#2041));
#2043=IFCPROPERTYSET('20hOiW$JORsSwzZyS7EtP8',#18,'Pset_WindowCommon',$,(#95,#2041));
#2044=IFCPROPERTYSINGLEVALUE('Descripci\X\F3n de ventana',$,IFCLABEL('Fijo'),$);
#2045=IFCPROPERTYSINGLEVALUE('Tipo',$,IFCLABEL('1200x1000'),$);
#2046=IFCPROPERTYSINGLEVALUE('Anchura',$,IFCLENGTHMEASURE(1.1999999999999997),$);
#2047=IFCPROPERTYSINGLEVALUE('Altura',$,IFCLENGTHMEASURE(0.99999999999999989),$);
#2048=IFCPROPERTYSINGLEVALUE('Tipo de ventana',$,IFCTEXT('20'),$);
#2049=IFCPROPERTYSET('0UCv2he6Zw_Jo9wCeoZvxz',#18,'Cantidades de ventanas',$,(#2044,#2045,#2046,#2047,#2048));
#2050=IFCRELDEFINESBYPROPERTIES('3HiFrAlTbi5a0ZdE_vfREv',#18,$,$,(#2040),#2042);
#2051=IFCRELDEFINESBYPROPERTIES('3YVkmxgA5ejDvENfyGa03F',#18,$,$,(#2040),#2043);
#2052=IFCRELDEFINESBYPROPERTIES('1ncni_6XxZM0EKXPml0q49',#18,$,$,(#2040),#2049);
#2053=IFCQUANTITYLENGTH('Height','',$,0.99999999999999989);
#2054=IFCQUANTITYLENGTH('Width','',$,1.1999999999999997);
#2055=IFCQUANTITYAREA('Area','',$,1.1999999999999997);
#2056=IFCELEMENTQUANTITY('1F2MJ4yHE2$cQdg2cXXnCE',#18,'BaseQuantities',$,$,(#2053,#2054,#2055));
#2057=IFCRELDEFINESBYPROPERTIES('1y8oEvd2v4fek6Gbp9QUYt',#18,$,$,(#2040),#2056);
#2058=IFCPROPERTYSINGLEVALUE('Altura de extremo inicial',$,IFCLENGTHMEASURE(2.0000000000000062),$);
#2059=IFCPROPERTYSINGLEVALUE('Familia y tipo',$,IFCLABEL('Fijo: 1200x1000'),$);
#2060=IFCPROPERTYSINGLEVALUE('ID de anfitri\X\F3n',$,IFCLABEL('154148'),$);
#2061=IFCPROPERTYSINGLEVALUE('ID de tipo',$,IFCLABEL('156358'),$);
#2062=IFCPROPERTYSINGLEVALUE('Tipo',$,IFCLABEL('1200x1000'),$);
#2063=IFCPROPERTYSINGLEVALUE('Altura de antepecho',$,IFCLENGTHMEASURE(1.0000000000000062),$);
#2064=IFCPROPERTYSINGLEVALUE('\X\C1rea',$,IFCAREAMEASURE(2.097884000000088),$);
#2065=IFCPROPERTYSINGLEVALUE('Volumen',$,IFCVOLUMEMEASURE(0.03348250000000174),$);
#2066=IFCPROPERTYSINGLEVALUE('Marca',$,IFCTEXT('2'),$);
#2067=IFCPROPERTYSINGLEVALUE('Nombre de familia',$,IFCTEXT('Fijo'),$);
#2068=IFCPROPERTYSINGLEVALUE('Altura',$,IFCLENGTHMEASURE(0.99999999999999989),$);
#2069=IFCPROPERTYSINGLEVALUE('Altura de antepecho por defecto',$,IFCLENGTHMEASURE(0.99999999999999989),$);
#2070=IFCPROPERTYSINGLEVALUE('Anchura',$,IFCLENGTHMEASURE(1.1999999999999997),$);
#2071=IFCPROPERTYSINGLEVALUE('Incrustaci\X\F3n de ventana',$,IFCLENGTHMEASURE(0.018999999999999996),$);
#2072=IFCPROPERTYSINGLEVALUE('Marca de tipo',$,IFCTEXT('20'),$);
#2073=IFCPROPERTYSINGLEVALUE('Nombre de tipo',$,IFCTEXT('1200x1000'),$);
#2074=IFCPROPERTYSINGLEVALUE('N\X\FAmero OmniClass',$,IFCTEXT('23.30.20.17.11'),$);
#2075=IFCPROPERTYSINGLEVALUE('T\X\EDtulo OmniClass',$,IFCTEXT('Fixed Windows'),$);
#2076=IFCPROPERTYSINGLEVALUE('Coeficiente de incremento de calor solar',$,IFCREAL(0.78000000000000003),$);
#2077=IFCPROPERTYSINGLEVALUE('Coeficiente de transferencia de calor (U)',$,IFCTHERMALTRANSMITTANCEMEASURE(3.6886000000000001),$);
#2078=IFCPROPERTYSINGLEVALUE('Construcci\X\F3n anal\X\EDtica',$,IFCTEXT('1/8 en cristalera simple Pilkington'),$);
#2079=IFCPROPERTYSINGLEVALUE('Resistencia t\X\E9rmica (R)',$,IFCTHERMALRESISTANCEMEASURE(0.27110556850837714),$);
#2080=IFCPROPERTYSET('3Jke4o1YSMf7W2vmKjHoCA',#18,'Otros',$,(#1936,#1937,#2058,#2059,#2060,#2061,#2062));
#2081=IFCPROPERTYSET('10TQ5zElvmCf8QuSYdKNq3',#18,'Restricciones',$,(#1747,#2063));
#2082=IFCPROPERTYSET('0c80p8y4k5X17s5BorkILm',#18,'Cotas',$,(#2064,#2065));
#2083=IFCPROPERTYSET('11QVvMQSHiu1JR2EpLXl2V',#18,'Datos de identidad',$,(#2066));
#2084=IFCPROPERTYSET('2ftJ6qDIstHC1mgvStiVRz',#18,'Proceso por fases',$,(#129));
#2085=IFCPROPERTYSET('3$HN937iKFfSUIVfYDnnWk',#18,'Otros',$,(#1936,#2067));
#2086=IFCPROPERTYSET('0R5zlLQYmml929Qa936UKC',#18,'Construcci\X\F3n',$,(#354));
#2087=IFCPROPERTYSET('23wo1Ky8KX6QXj32h9b5HS',#18,'Cotas',$,(#2068,#2069,#2070,#2071));
#2088=IFCPROPERTYSET('3C1Q_T55T4pj4b6QYLxo5o',#18,'Datos de identidad',$,(#2072,#2073,#2074,#2075));
#2089=IFCPROPERTYSET('06IlqZU7Nkmy2sXkJn6cnU',#18,'Materiales y acabados',$,(#1955,#1956,#1957,#1958));
#2090=IFCPROPERTYSET('0XTUQkzB29kc8huDciRcbE',#18,'Propiedades anal\X\EDticas',$,(#378,#1963,#2076,#2077,#2078,#2079));
#2091=IFCPROPERTYSINGLEVALUE('ThermalTransmittance',$,IFCTHERMALTRANSMITTANCEMEASURE(3.6886000000000001),$);
#2092=IFCPROPERTYSET('16UySEXAnbjmKJtPCqxYjF',#18,'Pset_WindowCommon',$,(#2091));
#2093=IFCCARTESIANPOINT((0.,0.));
#2094=IFCAXIS2PLACEMENT2D(#2093,#11);
#2095=IFCRECTANGLEPROFILEDEF(.AREA.,'550x1000',#2094,0.011999999999999997,0.37899999999999723);
#2096=IFCCARTESIANPOINT((0.25250000000000566,0.089000000000000787,0.062999999999985137));
#2097=IFCAXIS2PLACEMENT3D(#2096,#9,#8);
#2098=IFCEXTRUDEDAREASOLID(#2095,#2097,#9,0.87400000000000411);
#2099=IFCCARTESIANPOINT((-0.23350000000000001,-0.48100000000000109));
#2100=IFCCARTESIANPOINT((0.23350000000000001,-0.48100000000000109));
#2101=IFCCARTESIANPOINT((0.23350000000000001,0.48100000000000109));
#2102=IFCCARTESIANPOINT((-0.23350000000000001,0.48100000000000109));
#2103=IFCPOLYLINE((#2099,#2100,#2101,#2102,#2099));
#2104=IFCCARTESIANPOINT((-0.18949999999999967,-0.43700000000000161));
#2105=IFCCARTESIANPOINT((-0.18949999999999967,0.43700000000000244));
#2106=IFCCARTESIANPOINT((0.18949999999999756,0.43700000000000244));
#2107=IFCCARTESIANPOINT((0.18949999999999756,-0.43700000000000161));
#2108=IFCPOLYLINE((#2104,#2105,#2106,#2107,#2104));
#2109=IFCARBITRARYPROFILEDEFWITHVOIDS(.AREA.,'550x1000',#2103,(#2108));
#2110=IFCCARTESIANPOINT((0.25250000000000672,0.066999999999973386,0.49999999999998757));
#2111=IFCAXIS2PLACEMENT3D(#2110,#7,#5);
#2112=IFCEXTRUDEDAREASOLID(#2109,#2111,#9,0.044000000000027441);
#2113=IFCCARTESIANPOINT((-0.25249999999999984,-0.49999999999999545));
#2114=IFCCARTESIANPOINT((0.25249999999999984,-0.49999999999999545));
#2115=IFCCARTESIANPOINT((0.25249999999999984,0.49999999999999573));
#2116=IFCCARTESIANPOINT((-0.25249999999999984,0.49999999999999573));
#2117=IFCPOLYLINE((#2113,#2114,#2115,#2116,#2113));
#2118=IFCCARTESIANPOINT((-0.23350000000000126,-0.48099999999998055));
#2119=IFCCARTESIANPOINT((-0.23350000000000135,0.48100000000002169));
#2120=IFCCARTESIANPOINT((0.23349999999999868,0.48100000000002169));
#2121=IFCCARTESIANPOINT((0.23349999999999868,-0.48099999999998055));
#2122=IFCPOLYLINE((#2118,#2119,#2120,#2121,#2118));
#2123=IFCARBITRARYPROFILEDEFWITHVOIDS(.AREA.,'550x1000',#2117,(#2122));
#2124=IFCCARTESIANPOINT((0.252500000000008,0.066999999999973386,0.50000000000000822));
#2125=IFCAXIS2PLACEMENT3D(#2124,#7,#5);
#2126=IFCEXTRUDEDAREASOLID(#2123,#2125,#9,0.063000000000027437);
#2127=IFCCARTESIANPOINT((-0.25250000000000028,-0.49999999999999489));
#2128=IFCCARTESIANPOINT((0.25250000000000028,-0.49999999999999489));
#2129=IFCCARTESIANPOINT((0.25250000000000028,0.49999999999999517));
#2130=IFCCARTESIANPOINT((-0.25250000000000028,0.49999999999999517));
#2131=IFCPOLYLINE((#2127,#2128,#2129,#2130,#2127));
#2132=IFCCARTESIANPOINT((-0.22049999999999995,-0.46799999999998132));
#2133=IFCCARTESIANPOINT((-0.22049999999999995,0.46800000000001979));
#2134=IFCCARTESIANPOINT((0.22050000000000022,0.46800000000001979));
#2135=IFCCARTESIANPOINT((0.22050000000000022,-0.46799999999998132));
#2136=IFCPOLYLINE((#2132,#2133,#2134,#2135,#2132));
#2137=IFCARBITRARYPROFILEDEFWITHVOIDS(.AREA.,'550x1000',#2131,(#2136));
#2138=IFCCARTESIANPOINT((0.2525000000000085,0.,0.50000000000000766));
#2139=IFCAXIS2PLACEMENT3D(#2138,#7,#5);
#2140=IFCEXTRUDEDAREASOLID(#2137,#2139,#9,0.066999999999972568);
#2141=IFCSTYLEDITEM(#2098,(#1886),$);
#2142=IFCSTYLEDITEM(#2112,(#1891),$);
#2143=IFCSTYLEDITEM(#2126,(#1891),$);
#2144=IFCSTYLEDITEM(#2140,(#1891),$);
#2145=IFCSHAPEREPRESENTATION(#26,'Body','SweptSolid',(#2098,#2112,#2126,#2140));
#2146=IFCAXIS2PLACEMENT3D(#3,$,$);
#2147=IFCREPRESENTATIONMAP(#2146,#2145);
#2148=IFCWINDOWLININGPROPERTIES('0i4ixs_qz3rfJKp3rH4gJ4',#18,'Fijo:550x1000:156431',$,$,$,$,$,$,$,$,$,$);
#2149=IFCWINDOWSTYLE('28mzGRBJWc3sGY2xYXmVIT',#18,'Fijo:550x1000',$,$,(#2148,#2200,#2201,#2202,#2203,#2204,#2205,#2207),(#2147),'156524',.NOTDEFINED.,.NOTDEFINED.,.F.,.F.);
#2150=IFCMAPPEDITEM(#2147,#1718);
#2151=IFCSHAPEREPRESENTATION(#26,'Body','MappedRepresentation',(#2150));
#2152=IFCPRODUCTDEFINITIONSHAPE($,$,(#2151));
#2153=IFCCARTESIANPOINT((3.3742997725593176,7.1333000000039295,1.));
#2154=IFCAXIS2PLACEMENT3D(#2153,#9,#6);
#2156=IFCWINDOW('0i4ixs_qz3rfJKp3nH4gJ4',#18,'Fijo:550x1000:156431',$,'Fijo:550x1000',#4754,#2152,'156431',0.99999999999999523,0.50499999999999945);
#2157=IFCPROPERTYSINGLEVALUE('Reference',$,IFCIDENTIFIER('550x1000'),$);
#2158=IFCPROPERTYSET('0CqIclXmkEmu7g7xzn9I$Y',#18,'Pset_QuantityTakeOff',$,(#2157));
#2159=IFCPROPERTYSET('3IamlVxYIUNVj$z9rHKw$C',#18,'Pset_WindowCommon',$,(#95,#2157));
#2160=IFCPROPERTYSINGLEVALUE('Descripci\X\F3n de ventana',$,IFCLABEL('Fijo'),$);
#2161=IFCPROPERTYSINGLEVALUE('Tipo',$,IFCLABEL('550x1000'),$);
#2162=IFCPROPERTYSINGLEVALUE('Anchura',$,IFCLENGTHMEASURE(0.505),$);
#2163=IFCPROPERTYSINGLEVALUE('Altura',$,IFCLENGTHMEASURE(0.99999999999999989),$);
#2164=IFCPROPERTYSINGLEVALUE('Tipo de ventana',$,IFCTEXT('21'),$);
#2165=IFCPROPERTYSET('3lcIjxIH36$zQal0vpknCh',#18,'Cantidades de ventanas',$,(#2160,#2161,#2162,#2163,#2164));
#2166=IFCRELDEFINESBYPROPERTIES('0DwQglbWzW4DeaIGC301AR',#18,$,$,(#2156),#2158);
#2167=IFCRELDEFINESBYPROPERTIES('3meo_3$r_mBs6Qp5wc1hKx',#18,$,$,(#2156),#2159);
#2168=IFCRELDEFINESBYPROPERTIES('3LTeArDRD6ItBzHcoBcMh1',#18,$,$,(#2156),#2165);
#2169=IFCQUANTITYLENGTH('Height','',$,0.99999999999999989);
#2170=IFCQUANTITYLENGTH('Width','',$,0.505);
#2171=IFCQUANTITYAREA('Area','',$,0.50499999999999989);
#2172=IFCELEMENTQUANTITY('1__s7yiZKzX3Pepa1hzfy5',#18,'BaseQuantities',$,$,(#2169,#2170,#2171));
#2173=IFCRELDEFINESBYPROPERTIES('2sT36HKXWof$wPyGEnbK2D',#18,$,$,(#2156),#2172);
#2174=IFCPROPERTYSINGLEVALUE('Altura de extremo inicial',$,IFCLENGTHMEASURE(2.0000000000000062),$);
#2175=IFCPROPERTYSINGLEVALUE('Familia y tipo',$,IFCLABEL('Fijo: 550x1000'),$);
#2176=IFCPROPERTYSINGLEVALUE('ID de tipo',$,IFCLABEL('156524'),$);
#2177=IFCPROPERTYSINGLEVALUE('Tipo',$,IFCLABEL('550x1000'),$);
#2178=IFCPROPERTYSINGLEVALUE('Altura de antepecho',$,IFCLENGTHMEASURE(1.0000000000000062),$);
#2179=IFCPROPERTYSINGLEVALUE('\X\C1rea',$,IFCAREAMEASURE(1.1082040000000639),$);
#2180=IFCPROPERTYSINGLEVALUE('Volumen',$,IFCVOLUMEMEASURE(0.018858310000001599),$);
#2181=IFCPROPERTYSINGLEVALUE('Marca',$,IFCTEXT('3'),$);
#2182=IFCPROPERTYSINGLEVALUE('Nombre de familia',$,IFCTEXT('Fijo'),$);
#2183=IFCPROPERTYSINGLEVALUE('Altura',$,IFCLENGTHMEASURE(0.99999999999999989),$);
#2184=IFCPROPERTYSINGLEVALUE('Altura de antepecho por defecto',$,IFCLENGTHMEASURE(0.99999999999999989),$);
#2185=IFCPROPERTYSINGLEVALUE('Anchura',$,IFCLENGTHMEASURE(0.505),$);
#2186=IFCPROPERTYSINGLEVALUE('Incrustaci\X\F3n de ventana',$,IFCLENGTHMEASURE(0.018999999999999996),$);
#2187=IFCPROPERTYSINGLEVALUE('Marca de tipo',$,IFCTEXT('21'),$);
#2188=IFCPROPERTYSINGLEVALUE('Nombre de tipo',$,IFCTEXT('550x1000'),$);
#2189=IFCPROPERTYSINGLEVALUE('N\X\FAmero OmniClass',$,IFCTEXT('23.30.20.17.11'),$);
#2190=IFCPROPERTYSINGLEVALUE('T\X\EDtulo OmniClass',$,IFCTEXT('Fixed Windows'),$);
#2191=IFCPROPERTYSINGLEVALUE('Coeficiente de incremento de calor solar',$,IFCREAL(0.78000000000000003),$);
#2192=IFCPROPERTYSINGLEVALUE('Coeficiente de transferencia de calor (U)',$,IFCTHERMALTRANSMITTANCEMEASURE(3.6886000000000001),$);
#2193=IFCPROPERTYSINGLEVALUE('Construcci\X\F3n anal\X\EDtica',$,IFCTEXT('1/8 en cristalera simple Pilkington'),$);
#2194=IFCPROPERTYSINGLEVALUE('Resistencia t\X\E9rmica (R)',$,IFCTHERMALRESISTANCEMEASURE(0.27110556850837714),$);
#2195=IFCPROPERTYSET('0eICCDiKRCM0vWxF5sqYGv',#18,'Otros',$,(#1936,#1937,#2060,#2174,#2175,#2176,#2177));
#2196=IFCPROPERTYSET('3nqyPfzc__bFvH8DnLmhXw',#18,'Restricciones',$,(#1747,#2178));
#2197=IFCPROPERTYSET('3aAkwjwzmHXJcjPUb3Vr5c',#18,'Cotas',$,(#2179,#2180));
#2198=IFCPROPERTYSET('2hVGrSsrz05x0wmz89qPgn',#18,'Datos de identidad',$,(#2181));
#2199=IFCPROPERTYSET('0qtt7zPIQuZqBRefhXmyDG',#18,'Proceso por fases',$,(#129));
#2200=IFCPROPERTYSET('00VfS8RCkSKLupAMjtTFDh',#18,'Otros',$,(#1936,#2182));
#2201=IFCPROPERTYSET('3Cce_jj6yqBuaFWZ2BV8NT',#18,'Construcci\X\F3n',$,(#354));
#2202=IFCPROPERTYSET('1bc3ua9W$0lmGzIu0iFSgm',#18,'Cotas',$,(#2183,#2184,#2185,#2186));
#2203=IFCPROPERTYSET('1EjsK2fmKSNKIuGY_VeN$4',#18,'Datos de identidad',$,(#2187,#2188,#2189,#2190));
#2204=IFCPROPERTYSET('1aSIu1NNXJ7oAGJlDf7Xy5',#18,'Materiales y acabados',$,(#1955,#1956,#1957,#1958));
#2205=IFCPROPERTYSET('3d17_rynsha6IrNuQ8CH13',#18,'Propiedades anal\X\EDticas',$,(#378,#1963,#2191,#2192,#2193,#2194));
#2206=IFCPROPERTYSINGLEVALUE('ThermalTransmittance',$,IFCTHERMALTRANSMITTANCEMEASURE(3.6886000000000001),$);
#2207=IFCPROPERTYSET('3KHQdVzdZsGyMm5v_jQg0S',#18,'Pset_WindowCommon',$,(#2206));
#2208=IFCMAPPEDITEM(#2147,#1718);
#2209=IFCSHAPEREPRESENTATION(#26,'Body','MappedRepresentation',(#2208));
#2210=IFCPRODUCTDEFINITIONSHAPE($,$,(#2209));
#2211=IFCCARTESIANPOINT((4.0717997725590527,4.5219499999945798,1.));
#2212=IFCAXIS2PLACEMENT3D(#2211,#9,#8);
#2214=IFCWINDOW('0i4ixs_qz3rfJKp3nH4gHQ',#18,'Fijo:550x1000:156561',$,'Fijo:550x1000',#4774,#2210,'156561',0.99999999999999523,0.50499999999999945);
#2215=IFCPROPERTYSET('3IHApXwBYEV8_OGoLWyqIQ',#18,'Pset_QuantityTakeOff',$,(#2157));
#2216=IFCPROPERTYSET('1l0eeavT__t1duB3l6giqM',#18,'Pset_WindowCommon',$,(#95,#2157));
#2217=IFCPROPERTYSINGLEVALUE('Descripci\X\F3n de ventana',$,IFCLABEL('Fijo'),$);
#2218=IFCPROPERTYSINGLEVALUE('Tipo',$,IFCLABEL('550x1000'),$);
#2219=IFCPROPERTYSINGLEVALUE('Anchura',$,IFCLENGTHMEASURE(0.505),$);
#2220=IFCPROPERTYSINGLEVALUE('Altura',$,IFCLENGTHMEASURE(0.99999999999999989),$);
#2221=IFCPROPERTYSINGLEVALUE('Tipo de ventana',$,IFCTEXT('21'),$);
#2222=IFCPROPERTYSET('1c4Pr$pd8a54Dt1QmBZU1r',#18,'Cantidades de ventanas',$,(#2217,#2218,#2219,#2220,#2221));
#2223=IFCRELDEFINESBYPROPERTIES('3ditZqtHS_mGLQ83Fr6caS',#18,$,$,(#2214),#2215);
#2224=IFCRELDEFINESBYPROPERTIES('2OhwgwF6zhSKR1RyC091mf',#18,$,$,(#2214),#2216);
#2225=IFCRELDEFINESBYPROPERTIES('3UN4vRO_HqtYPhk_kZ8G9D',#18,$,$,(#2214),#2222);
#2226=IFCQUANTITYLENGTH('Height','',$,0.99999999999999989);
#2227=IFCQUANTITYLENGTH('Width','',$,0.505);
#2228=IFCQUANTITYAREA('Area','',$,0.50499999999999989);
#2229=IFCELEMENTQUANTITY('3ME2qNzzF$eZuPmB7zj21o',#18,'BaseQuantities',$,$,(#2226,#2227,#2228));
#2230=IFCRELDEFINESBYPROPERTIES('1o4RHJCO2QRhUnw5hGL1nq',#18,$,$,(#2214),#2229);
#2231=IFCPROPERTYSINGLEVALUE('Altura de extremo inicial',$,IFCLENGTHMEASURE(2.0000000000000062),$);
#2232=IFCPROPERTYSINGLEVALUE('ID de anfitri\X\F3n',$,IFCLABEL('154255'),$);
#2233=IFCPROPERTYSINGLEVALUE('Altura de antepecho',$,IFCLENGTHMEASURE(1.0000000000000062),$);
#2234=IFCPROPERTYSINGLEVALUE('\X\C1rea',$,IFCAREAMEASURE(1.1082040000000639),$);
#2235=IFCPROPERTYSINGLEVALUE('Volumen',$,IFCVOLUMEMEASURE(0.018858310000001599),$);
#2236=IFCPROPERTYSINGLEVALUE('Marca',$,IFCTEXT('4'),$);
#2237=IFCPROPERTYSET('11aRXgfGcP12yMJX$KdL_v',#18,'Otros',$,(#1936,#1937,#2175,#2176,#2177,#2231,#2232));
#2238=IFCPROPERTYSET('1nqu$eGmj1qoCYxsW$Zumi',#18,'Restricciones',$,(#1747,#2233));
#2239=IFCPROPERTYSET('1701$fZEEg6hjYTrkuH5Zg',#18,'Cotas',$,(#2234,#2235));
#2240=IFCPROPERTYSET('2WVjxqkHclhfOm7zKFVsNq',#18,'Datos de identidad',$,(#2236));
#2241=IFCPROPERTYSET('0mo85D0hfY5UYMdqC9$RHU',#18,'Proceso por fases',$,(#129));
#2242=IFCAXIS2PLACEMENT3D(#3,$,$);
#2244=IFCCARTESIANPOINT((-0.78999999999999526,2.3499999999999992,3.7715120489362501));
#2245=IFCCARTESIANPOINT((-0.78999999999999526,2.2599999999999993,3.7715120489362501));
#2246=IFCCARTESIANPOINT((-0.69999999999999585,2.2599999999999993,3.7715120489362501));
#2247=IFCCARTESIANPOINT((-0.69999999999999585,2.3499999999999992,3.7715120489362501));
#2248=IFCPOLYLOOP((#2244,#2245,#2246,#2247));
#2249=IFCFACEOUTERBOUND(#2248,.T.);
#2250=IFCFACE((#2249));
#2251=IFCCARTESIANPOINT((-0.78999999999999526,2.3499999999999992,2.1838788142526098));
#2252=IFCCARTESIANPOINT((-0.69999999999999585,2.3499999999999992,2.1838788142526098));
#2253=IFCCARTESIANPOINT((-0.69999999999999585,2.2599999999999993,2.1838788142526098));
#2254=IFCCARTESIANPOINT((-0.78999999999999526,2.2599999999999993,2.1838788142526098));
#2255=IFCPOLYLOOP((#2251,#2252,#2253,#2254));
#2256=IFCFACEOUTERBOUND(#2255,.T.);
#2257=IFCFACE((#2256));
#2258=IFCPOLYLOOP((#2245,#2244,#2251,#2254));
#2259=IFCFACEOUTERBOUND(#2258,.T.);
#2260=IFCFACE((#2259));
#2261=IFCPOLYLOOP((#2246,#2245,#2254,#2253));
#2262=IFCFACEOUTERBOUND(#2261,.T.);
#2263=IFCFACE((#2262));
#2264=IFCPOLYLOOP((#2247,#2246,#2253,#2252));
#2265=IFCFACEOUTERBOUND(#2264,.T.);
#2266=IFCFACE((#2265));
#2267=IFCPOLYLOOP((#2244,#2247,#2252,#2251));
#2268=IFCFACEOUTERBOUND(#2267,.T.);
#2269=IFCFACE((#2268));
#2270=IFCCARTESIANPOINT((-0.78999999999999782,0.79999999999999916,2.4800000000000049));
#2271=IFCCARTESIANPOINT((-0.78999999999999782,0.70999999999999941,2.4800000000000049));
#2272=IFCCARTESIANPOINT((-0.6999999999999984,0.70999999999999941,2.4800000000000049));
#2273=IFCCARTESIANPOINT((-0.6999999999999984,0.79999999999999916,2.4800000000000049));
#2274=IFCPOLYLOOP((#2270,#2271,#2272,#2273));
#2275=IFCFACEOUTERBOUND(#2274,.T.);
#2276=IFCFACE((#2275));
#2277=IFCCARTESIANPOINT((-0.78999999999999782,0.79999999999999916,0.));
#2278=IFCCARTESIANPOINT((-0.6999999999999984,0.79999999999999916,0.));
#2279=IFCCARTESIANPOINT((-0.6999999999999984,0.70999999999999941,0.));
#2280=IFCCARTESIANPOINT((-0.78999999999999782,0.70999999999999941,0.));
#2281=IFCPOLYLOOP((#2277,#2278,#2279,#2280));
#2282=IFCFACEOUTERBOUND(#2281,.T.);
#2283=IFCFACE((#2282));
#2284=IFCPOLYLOOP((#2271,#2270,#2277,#2280));
#2285=IFCFACEOUTERBOUND(#2284,.T.);
#2286=IFCFACE((#2285));
#2287=IFCPOLYLOOP((#2272,#2271,#2280,#2279));
#2288=IFCFACEOUTERBOUND(#2287,.T.);
#2289=IFCFACE((#2288));
#2290=IFCCARTESIANPOINT((-0.6999999999999984,0.79999999999999916,2.2600967132001646));
#2291=IFCCARTESIANPOINT((-0.71999999999999864,0.79999999999999916,2.2600967132001641));
#2292=IFCCARTESIANPOINT((-0.71999999999999853,0.79999999999999916,2.1356483202812617));
#2293=IFCCARTESIANPOINT((-0.6999999999999984,0.79999999999999916,2.1356483202812613));
#2294=IFCCARTESIANPOINT((-0.6999999999999984,0.79999999999999916,1.8049499999881984));
#2295=IFCCARTESIANPOINT((-0.71999999999999864,0.79999999999999916,1.8049499999881984));
#2296=IFCCARTESIANPOINT((-0.71999999999999864,0.79999999999999916,1.6805016070692962));
#2297=IFCCARTESIANPOINT((-0.6999999999999984,0.79999999999999916,1.6805016070692964));
#2298=IFCCARTESIANPOINT((-0.6999999999999984,0.79999999999999893,1.3498032867762342));
#2299=IFCCARTESIANPOINT((-0.71999999999999853,0.79999999999999916,1.3498032867762344));
#2300=IFCCARTESIANPOINT((-0.71999999999999853,0.79999999999999893,1.2253548938573315));
#2301=IFCCARTESIANPOINT((-0.6999999999999984,0.79999999999999916,1.2253548938573313));
#2302=IFCPOLYLOOP((#2270,#2273,#2290,#2291,#2292,#2293,#2294,#2295,#2296,#2297,#2298,#2299,#2300,#2301,#2278,#2277));
#2303=IFCFACEOUTERBOUND(#2302,.T.);
#2304=IFCFACE((#2303));
#2305=IFCCARTESIANPOINT((-0.69999999999999585,2.3608523621599504,2.7159688997297362));
#2306=IFCCARTESIANPOINT((-0.69999999999999596,2.2971958951939611,2.7796253666957242));
#2307=IFCCARTESIANPOINT((-0.69999999999999596,2.3498946843452364,3.1606510306285767));
#2308=IFCCARTESIANPOINT((-0.69999999999999596,2.286238217379247,3.2243074975945651));
#2309=IFCCARTESIANPOINT((-0.69999999999999596,2.3516371420171005,3.617461790917182));
#2310=IFCCARTESIANPOINT((-0.69999999999999596,2.2879806750511116,3.6811182578831723));
#2311=IFCPOLYLOOP((#2305,#2306,#2298,#2297,#2307,#2308,#2294,#2293,#2309,#2310,#2290,#2273,#2272,#2279,#2278,#2301));
#2312=IFCFACEOUTERBOUND(#2311,.T.);
#2313=IFCFACE((#2312));
#2314=IFCCARTESIANPOINT((-0.71999999999999609,2.2971958951939611,2.7796253666957242));
#2315=IFCCARTESIANPOINT((-0.71999999999999587,2.3608523621599504,2.7159688997297362));
#2316=IFCPOLYLOOP((#2314,#2315,#2300,#2299));
#2317=IFCFACEOUTERBOUND(#2316,.T.);
#2318=IFCFACE((#2317));
#2319=IFCPOLYLOOP((#2306,#2314,#2299,#2298));
#2320=IFCFACEOUTERBOUND(#2319,.T.);
#2321=IFCFACE((#2320));
#2322=IFCPOLYLOOP((#2306,#2305,#2315,#2314));
#2323=IFCFACEOUTERBOUND(#2322,.T.);
#2324=IFCFACE((#2323));
#2325=IFCPOLYLOOP((#2315,#2305,#2301,#2300));
#2326=IFCFACEOUTERBOUND(#2325,.T.);
#2327=IFCFACE((#2326));
#2328=IFCCARTESIANPOINT((-0.7199999999999962,2.286238217379247,3.2243074975945647));
#2329=IFCCARTESIANPOINT((-0.71999999999999609,2.349894684345236,3.1606510306285758));
#2330=IFCPOLYLOOP((#2328,#2329,#2296,#2295));
#2331=IFCFACEOUTERBOUND(#2330,.T.);
#2332=IFCFACE((#2331));
#2333=IFCPOLYLOOP((#2308,#2328,#2295,#2294));
#2334=IFCFACEOUTERBOUND(#2333,.T.);
#2335=IFCFACE((#2334));
#2336=IFCPOLYLOOP((#2329,#2307,#2297,#2296));
#2337=IFCFACEOUTERBOUND(#2336,.T.);
#2338=IFCFACE((#2337));
#2339=IFCCARTESIANPOINT((-0.7199999999999962,2.2879806750511111,3.6811182578831714));
#2340=IFCCARTESIANPOINT((-0.71999999999999609,2.3516371420171005,3.617461790917182));
#2341=IFCPOLYLOOP((#2339,#2340,#2292,#2291));
#2342=IFCFACEOUTERBOUND(#2341,.T.);
#2343=IFCFACE((#2342));
#2344=IFCPOLYLOOP((#2310,#2339,#2291,#2290));
#2345=IFCFACEOUTERBOUND(#2344,.T.);
#2346=IFCFACE((#2345));
#2347=IFCPOLYLOOP((#2340,#2309,#2293,#2292));
#2348=IFCFACEOUTERBOUND(#2347,.T.);
#2349=IFCFACE((#2348));
#2350=IFCPOLYLOOP((#2308,#2307,#2329,#2328));
#2351=IFCFACEOUTERBOUND(#2350,.T.);
#2352=IFCFACE((#2351));
#2353=IFCPOLYLOOP((#2310,#2309,#2340,#2339));
#2354=IFCFACEOUTERBOUND(#2353,.T.);
#2355=IFCFACE((#2354));
#2356=IFCCARTESIANPOINT((-0.69999999999999696,1.7599999999999991,1.7189999999999863));
#2357=IFCCARTESIANPOINT((-0.69999999999999696,1.7345999999999993,1.7189999999999863));
#2358=IFCCARTESIANPOINT((-0.69999999999999696,1.7345999999999993,1.864999999999986));
#2359=IFCCARTESIANPOINT((-0.69999999999999696,1.7599999999999991,1.864999999999986));
#2360=IFCPOLYLOOP((#2356,#2357,#2358,#2359));
#2361=IFCFACEOUTERBOUND(#2360,.T.);
#2362=IFCFACE((#2361));
#2363=IFCCARTESIANPOINT((0.,1.7599999999999982,1.7189999999999863));
#2364=IFCCARTESIANPOINT((0.,1.7599999999999982,1.864999999999986));
#2365=IFCCARTESIANPOINT((0.,1.7345999999999981,1.864999999999986));
#2366=IFCCARTESIANPOINT((0.,1.7345999999999981,1.7189999999999863));
#2367=IFCPOLYLOOP((#2363,#2364,#2365,#2366));
#2368=IFCFACEOUTERBOUND(#2367,.T.);
#2369=IFCFACE((#2368));
#2370=IFCPOLYLOOP((#2357,#2356,#2363,#2366));
#2371=IFCFACEOUTERBOUND(#2370,.T.);
#2372=IFCFACE((#2371));
#2373=IFCPOLYLOOP((#2358,#2357,#2366,#2365));
#2374=IFCFACEOUTERBOUND(#2373,.T.);
#2375=IFCFACE((#2374));
#2376=IFCPOLYLOOP((#2359,#2358,#2365,#2364));
#2377=IFCFACEOUTERBOUND(#2376,.T.);
#2378=IFCFACE((#2377));
#2379=IFCPOLYLOOP((#2356,#2359,#2364,#2363));
#2380=IFCFACEOUTERBOUND(#2379,.T.);
#2381=IFCFACE((#2380));
#2382=IFCCARTESIANPOINT((-0.69999999999999662,1.9599999999999993,1.9099999999999859));
#2383=IFCCARTESIANPOINT((-0.69999999999999662,1.9345999999999994,1.9099999999999859));
#2384=IFCCARTESIANPOINT((-0.69999999999999662,1.9345999999999994,2.0559999999999854));
#2385=IFCCARTESIANPOINT((-0.69999999999999662,1.9599999999999993,2.0559999999999854));
#2386=IFCPOLYLOOP((#2382,#2383,#2384,#2385));
#2387=IFCFACEOUTERBOUND(#2386,.T.);
#2388=IFCFACE((#2387));
#2389=IFCCARTESIANPOINT((0.,1.9599999999999982,1.9099999999999859));
#2390=IFCCARTESIANPOINT((0.,1.9599999999999982,2.0559999999999854));
#2391=IFCCARTESIANPOINT((0.,1.9345999999999983,2.0559999999999854));
#2392=IFCCARTESIANPOINT((0.,1.9345999999999983,1.9099999999999859));
#2393=IFCPOLYLOOP((#2389,#2390,#2391,#2392));
#2394=IFCFACEOUTERBOUND(#2393,.T.);
#2395=IFCFACE((#2394));
#2396=IFCPOLYLOOP((#2383,#2382,#2389,#2392));
#2397=IFCFACEOUTERBOUND(#2396,.T.);
#2398=IFCFACE((#2397));
#2399=IFCPOLYLOOP((#2384,#2383,#2392,#2391));
#2400=IFCFACEOUTERBOUND(#2399,.T.);
#2401=IFCFACE((#2400));
#2402=IFCPOLYLOOP((#2385,#2384,#2391,#2390));
#2403=IFCFACEOUTERBOUND(#2402,.T.);
#2404=IFCFACE((#2403));
#2405=IFCPOLYLOOP((#2382,#2385,#2390,#2389));
#2406=IFCFACEOUTERBOUND(#2405,.T.);
#2407=IFCFACE((#2406));
#2408=IFCCARTESIANPOINT((-0.69999999999999596,2.3600000000000008,2.2924000000000033));
#2409=IFCCARTESIANPOINT((-0.69999999999999618,2.3346000000000027,2.2924000000000033));
#2410=IFCCARTESIANPOINT((-0.69999999999999618,2.3346000000000027,2.4419999999999877));
#2411=IFCCARTESIANPOINT((-0.69999999999999596,2.360000000000003,2.4419999999999877));
#2412=IFCPOLYLOOP((#2408,#2409,#2410,#2411));
#2413=IFCFACEOUTERBOUND(#2412,.T.);
#2414=IFCFACE((#2413));
#2415=IFCCARTESIANPOINT((0.,2.3599999999999999,2.2924000000000033));
#2416=IFCCARTESIANPOINT((0.,2.3600000000000017,2.4419999999999877));
#2417=IFCCARTESIANPOINT((0.,2.3346000000000018,2.4419999999999877));
#2418=IFCCARTESIANPOINT((0.,2.3346000000000018,2.2924000000000033));
#2419=IFCPOLYLOOP((#2415,#2416,#2417,#2418));
#2420=IFCFACEOUTERBOUND(#2419,.T.);
#2421=IFCFACE((#2420));
#2422=IFCPOLYLOOP((#2409,#2408,#2415,#2418));
#2423=IFCFACEOUTERBOUND(#2422,.T.);
#2424=IFCFACE((#2423));
#2425=IFCPOLYLOOP((#2410,#2409,#2418,#2417));
#2426=IFCFACEOUTERBOUND(#2425,.T.);
#2427=IFCFACE((#2426));
#2428=IFCPOLYLOOP((#2411,#2410,#2417,#2416));
#2429=IFCFACEOUTERBOUND(#2428,.T.);
#2430=IFCFACE((#2429));
#2431=IFCPOLYLOOP((#2408,#2411,#2416,#2415));
#2432=IFCFACEOUTERBOUND(#2431,.T.);
#2433=IFCFACE((#2432));
#2434=IFCCARTESIANPOINT((-0.6999999999999964,2.1599999999999993,2.1009999999999858));
#2435=IFCCARTESIANPOINT((-0.6999999999999964,2.1345999999999994,2.1009999999999858));
#2436=IFCCARTESIANPOINT((-0.6999999999999964,2.1345999999999994,2.2469999999999852));
#2437=IFCCARTESIANPOINT((-0.6999999999999964,2.1599999999999993,2.2469999999999852));
#2438=IFCPOLYLOOP((#2434,#2435,#2436,#2437));
#2439=IFCFACEOUTERBOUND(#2438,.T.);
#2440=IFCFACE((#2439));
#2441=IFCCARTESIANPOINT((0.,2.1599999999999984,2.1009999999999858));
#2442=IFCCARTESIANPOINT((0.,2.1599999999999984,2.2469999999999852));
#2443=IFCCARTESIANPOINT((0.,2.1345999999999981,2.2469999999999852));
#2444=IFCCARTESIANPOINT((0.,2.1345999999999981,2.1009999999999858));
#2445=IFCPOLYLOOP((#2441,#2442,#2443,#2444));
#2446=IFCFACEOUTERBOUND(#2445,.T.);
#2447=IFCFACE((#2446));
#2448=IFCPOLYLOOP((#2435,#2434,#2441,#2444));
#2449=IFCFACEOUTERBOUND(#2448,.T.);
#2450=IFCFACE((#2449));
#2451=IFCPOLYLOOP((#2436,#2435,#2444,#2443));
#2452=IFCFACEOUTERBOUND(#2451,.T.);
#2453=IFCFACE((#2452));
#2454=IFCPOLYLOOP((#2437,#2436,#2443,#2442));
#2455=IFCFACEOUTERBOUND(#2454,.T.);
#2456=IFCFACE((#2455));
#2457=IFCPOLYLOOP((#2434,#2437,#2442,#2441));
#2458=IFCFACEOUTERBOUND(#2457,.T.);
#2459=IFCFACE((#2458));
#2460=IFCCARTESIANPOINT((0.,0.70799999999999141,0.67599999999998783));
#2461=IFCCARTESIANPOINT((0.,0.75299999999999156,0.67599999999998783));
#2462=IFCCARTESIANPOINT((-0.044999999999999929,0.75299999999999156,0.67599999999998783));
#2463=IFCCARTESIANPOINT((-0.044999999999999929,0.70799999999999141,0.67599999999998783));
#2464=IFCPOLYLOOP((#2460,#2461,#2462,#2463));
#2465=IFCFACEOUTERBOUND(#2464,.T.);
#2466=IFCFACE((#2465));
#2467=IFCCARTESIANPOINT((0.,0.70799999999999141,0.043000000000000003));
#2468=IFCCARTESIANPOINT((-0.044999999999999929,0.70799999999999141,0.043000000000000003));
#2469=IFCCARTESIANPOINT((-0.044999999999999929,0.75299999999999156,0.043000000000000003));
#2470=IFCCARTESIANPOINT((0.,0.75299999999999156,0.043000000000000003));
#2471=IFCPOLYLOOP((#2467,#2468,#2469,#2470));
#2472=IFCFACEOUTERBOUND(#2471,.T.);
#2473=IFCFACE((#2472));
#2474=IFCPOLYLOOP((#2461,#2460,#2467,#2470));
#2475=IFCFACEOUTERBOUND(#2474,.T.);
#2476=IFCFACE((#2475));
#2477=IFCPOLYLOOP((#2462,#2461,#2470,#2469));
#2478=IFCFACEOUTERBOUND(#2477,.T.);
#2479=IFCFACE((#2478));
#2480=IFCPOLYLOOP((#2463,#2462,#2469,#2468));
#2481=IFCFACEOUTERBOUND(#2480,.T.);
#2482=IFCFACE((#2481));
#2483=IFCPOLYLOOP((#2460,#2463,#2468,#2467));
#2484=IFCFACEOUTERBOUND(#2483,.T.);
#2485=IFCFACE((#2484));
#2486=IFCCARTESIANPOINT((-0.042999999999998179,0.75299999999999156,0.67599999999998783));
#2487=IFCCARTESIANPOINT((-0.042999999999998179,0.75299999999999156,0.71899999999998776));
#2488=IFCCARTESIANPOINT((0.,0.75299999999999134,0.71899999999998776));
#2489=IFCCARTESIANPOINT((0.,0.75299999999999134,0.67599999999998783));
#2490=IFCPOLYLOOP((#2486,#2487,#2488,#2489));
#2491=IFCFACEOUTERBOUND(#2490,.T.);
#2492=IFCFACE((#2491));
#2493=IFCCARTESIANPOINT((-0.042999999999999219,0.44549999999999862,0.67599999999998783));
#2494=IFCCARTESIANPOINT((0.,0.44549999999999851,0.67599999999998783));
#2495=IFCCARTESIANPOINT((0.,0.44549999999999851,0.71899999999998776));
#2496=IFCCARTESIANPOINT((-0.042999999999999219,0.44549999999999862,0.71899999999998776));
#2497=IFCPOLYLOOP((#2493,#2494,#2495,#2496));
#2498=IFCFACEOUTERBOUND(#2497,.T.);
#2499=IFCFACE((#2498));
#2500=IFCPOLYLOOP((#2487,#2486,#2493,#2496));
#2501=IFCFACEOUTERBOUND(#2500,.T.);
#2502=IFCFACE((#2501));
#2503=IFCPOLYLOOP((#2488,#2487,#2496,#2495));
#2504=IFCFACEOUTERBOUND(#2503,.T.);
#2505=IFCFACE((#2504));
#2506=IFCPOLYLOOP((#2489,#2488,#2495,#2494));
#2507=IFCFACEOUTERBOUND(#2506,.T.);
#2508=IFCFACE((#2507));
#2509=IFCPOLYLOOP((#2486,#2489,#2494,#2493));
#2510=IFCFACEOUTERBOUND(#2509,.T.);
#2511=IFCFACE((#2510));
#2512=IFCCARTESIANPOINT((-0.042999999999998005,0.40049999999999841,0.48499999999998777));
#2513=IFCCARTESIANPOINT((-0.042999999999998005,0.40049999999999841,0.52799999999998781));
#2514=IFCCARTESIANPOINT((0.,0.4004999999999983,0.52799999999998781));
#2515=IFCCARTESIANPOINT((0.,0.4004999999999983,0.48499999999998777));
#2516=IFCPOLYLOOP((#2512,#2513,#2514,#2515));
#2517=IFCFACEOUTERBOUND(#2516,.T.);
#2518=IFCFACE((#2517));
#2519=IFCCARTESIANPOINT((-0.042999999999999219,0.04300000000000051,0.48499999999998777));
#2520=IFCCARTESIANPOINT((0.,0.043000000000000371,0.48499999999998777));
#2521=IFCCARTESIANPOINT((0.,0.043000000000000371,0.52799999999998781));
#2522=IFCCARTESIANPOINT((-0.042999999999999219,0.04300000000000051,0.52799999999998781));
#2523=IFCPOLYLOOP((#2519,#2520,#2521,#2522));
#2524=IFCFACEOUTERBOUND(#2523,.T.);
#2525=IFCFACE((#2524));
#2526=IFCPOLYLOOP((#2513,#2512,#2519,#2522));
#2527=IFCFACEOUTERBOUND(#2526,.T.);
#2528=IFCFACE((#2527));
#2529=IFCPOLYLOOP((#2514,#2513,#2522,#2521));
#2530=IFCFACEOUTERBOUND(#2529,.T.);
#2531=IFCFACE((#2530));
#2532=IFCPOLYLOOP((#2515,#2514,#2521,#2520));
#2533=IFCFACEOUTERBOUND(#2532,.T.);
#2534=IFCFACE((#2533));
#2535=IFCPOLYLOOP((#2512,#2515,#2520,#2519));
#2536=IFCFACEOUTERBOUND(#2535,.T.);
#2537=IFCFACE((#2536));
#2538=IFCCARTESIANPOINT((0.,0.40049999999999841,0.71899999999998787));
#2539=IFCCARTESIANPOINT((0.,0.4454999999999984,0.71899999999998787));
#2540=IFCCARTESIANPOINT((-0.044999999999999922,0.4454999999999984,0.71899999999998787));
#2541=IFCCARTESIANPOINT((-0.044999999999999922,0.40049999999999841,0.71899999999998787));
#2542=IFCPOLYLOOP((#2538,#2539,#2540,#2541));
#2543=IFCFACEOUTERBOUND(#2542,.T.);
#2544=IFCFACE((#2543));
#2545=IFCCARTESIANPOINT((0.,0.40049999999999841,0.043000000000000052));
#2546=IFCCARTESIANPOINT((-0.044999999999999922,0.40049999999999841,0.043000000000000052));
#2547=IFCCARTESIANPOINT((-0.044999999999999922,0.4454999999999984,0.043000000000000052));
#2548=IFCCARTESIANPOINT((0.,0.4454999999999984,0.043000000000000052));
#2549=IFCPOLYLOOP((#2545,#2546,#2547,#2548));
#2550=IFCFACEOUTERBOUND(#2549,.T.);
#2551=IFCFACE((#2550));
#2552=IFCPOLYLOOP((#2539,#2538,#2545,#2548));
#2553=IFCFACEOUTERBOUND(#2552,.T.);
#2554=IFCFACE((#2553));
#2555=IFCPOLYLOOP((#2540,#2539,#2548,#2547));
#2556=IFCFACEOUTERBOUND(#2555,.T.);
#2557=IFCFACE((#2556));
#2558=IFCPOLYLOOP((#2541,#2540,#2547,#2546));
#2559=IFCFACEOUTERBOUND(#2558,.T.);
#2560=IFCFACE((#2559));
#2561=IFCPOLYLOOP((#2538,#2541,#2546,#2545));
#2562=IFCFACEOUTERBOUND(#2561,.T.);
#2563=IFCFACE((#2562));
#2564=IFCCARTESIANPOINT((-0.042999999999996957,0.70999999999999697,0.));
#2565=IFCCARTESIANPOINT((-0.042999999999996957,0.70999999999999697,0.043000000000000003));
#2566=IFCCARTESIANPOINT((0.,0.70999999999999686,0.043000000000000003));
#2567=IFCCARTESIANPOINT((0.,0.70999999999999686,0.));
#2568=IFCPOLYLOOP((#2564,#2565,#2566,#2567));
#2569=IFCFACEOUTERBOUND(#2568,.T.);
#2570=IFCFACE((#2569));
#2571=IFCCARTESIANPOINT((-0.042999999999999212,0.045000000000000061,0.));
#2572=IFCCARTESIANPOINT((0.,0.044999999999999915,0.));
#2573=IFCCARTESIANPOINT((0.,0.044999999999999915,0.043000000000000003));
#2574=IFCCARTESIANPOINT((-0.042999999999999212,0.045000000000000061,0.043000000000000003));
#2575=IFCPOLYLOOP((#2571,#2572,#2573,#2574));
#2576=IFCFACEOUTERBOUND(#2575,.T.);
#2577=IFCFACE((#2576));
#2578=IFCPOLYLOOP((#2565,#2564,#2571,#2574));
#2579=IFCFACEOUTERBOUND(#2578,.T.);
#2580=IFCFACE((#2579));
#2581=IFCPOLYLOOP((#2566,#2565,#2574,#2573));
#2582=IFCFACEOUTERBOUND(#2581,.T.);
#2583=IFCFACE((#2582));
#2584=IFCPOLYLOOP((#2567,#2566,#2573,#2572));
#2585=IFCFACEOUTERBOUND(#2584,.T.);
#2586=IFCFACE((#2585));
#2587=IFCPOLYLOOP((#2564,#2567,#2572,#2571));
#2588=IFCFACEOUTERBOUND(#2587,.T.);
#2589=IFCFACE((#2588));
#2590=IFCCARTESIANPOINT((0.,0.,0.48499999999998777));
#2591=IFCCARTESIANPOINT((0.,0.045000000000000005,0.48499999999998777));
#2592=IFCCARTESIANPOINT((-0.044999999999999922,0.045000000000000005,0.48499999999998777));
#2593=IFCCARTESIANPOINT((-0.044999999999999922,0.,0.48499999999998777));
#2594=IFCPOLYLOOP((#2590,#2591,#2592,#2593));
#2595=IFCFACEOUTERBOUND(#2594,.T.);
#2596=IFCFACE((#2595));
#2597=IFCCARTESIANPOINT((0.,0.,0.042999999999999983));
#2598=IFCCARTESIANPOINT((-0.044999999999999922,0.,0.042999999999999983));
#2599=IFCCARTESIANPOINT((-0.044999999999999922,0.045000000000000005,0.042999999999999983));
#2600=IFCCARTESIANPOINT((0.,0.045000000000000005,0.042999999999999983));
#2601=IFCPOLYLOOP((#2597,#2598,#2599,#2600));
#2602=IFCFACEOUTERBOUND(#2601,.T.);
#2603=IFCFACE((#2602));
#2604=IFCPOLYLOOP((#2591,#2590,#2597,#2600));
#2605=IFCFACEOUTERBOUND(#2604,.T.);
#2606=IFCFACE((#2605));
#2607=IFCPOLYLOOP((#2592,#2591,#2600,#2599));
#2608=IFCFACEOUTERBOUND(#2607,.T.);
#2609=IFCFACE((#2608));
#2610=IFCPOLYLOOP((#2593,#2592,#2599,#2598));
#2611=IFCFACEOUTERBOUND(#2610,.T.);
#2612=IFCFACE((#2611));
#2613=IFCPOLYLOOP((#2590,#2593,#2598,#2597));
#2614=IFCFACEOUTERBOUND(#2613,.T.);
#2615=IFCFACE((#2614));
#2616=IFCCARTESIANPOINT((-0.22000000000000136,0.,0.48499999999998777));
#2617=IFCCARTESIANPOINT((-0.22000000000000136,0.045000000000000005,0.48499999999998777));
#2618=IFCCARTESIANPOINT((-0.26500000000000135,0.045000000000000005,0.48499999999998777));
#2619=IFCCARTESIANPOINT((-0.26500000000000135,0.,0.48499999999998777));
#2620=IFCPOLYLOOP((#2616,#2617,#2618,#2619));
#2621=IFCFACEOUTERBOUND(#2620,.T.);
#2622=IFCFACE((#2621));
#2623=IFCCARTESIANPOINT((-0.22000000000000136,0.,0.043000000000000003));
#2624=IFCCARTESIANPOINT((-0.26500000000000135,0.,0.043000000000000003));
#2625=IFCCARTESIANPOINT((-0.26500000000000135,0.045000000000000005,0.043000000000000003));
#2626=IFCCARTESIANPOINT((-0.22000000000000136,0.045000000000000005,0.043000000000000003));
#2627=IFCPOLYLOOP((#2623,#2624,#2625,#2626));
#2628=IFCFACEOUTERBOUND(#2627,.T.);
#2629=IFCFACE((#2628));
#2630=IFCPOLYLOOP((#2617,#2616,#2623,#2626));
#2631=IFCFACEOUTERBOUND(#2630,.T.);
#2632=IFCFACE((#2631));
#2633=IFCPOLYLOOP((#2618,#2617,#2626,#2625));
#2634=IFCFACEOUTERBOUND(#2633,.T.);
#2635=IFCFACE((#2634));
#2636=IFCPOLYLOOP((#2619,#2618,#2625,#2624));
#2637=IFCFACEOUTERBOUND(#2636,.T.);
#2638=IFCFACE((#2637));
#2639=IFCPOLYLOOP((#2616,#2619,#2624,#2623));
#2640=IFCFACEOUTERBOUND(#2639,.T.);
#2641=IFCFACE((#2640));
#2642=IFCCARTESIANPOINT((-0.26500000000000135,0.,0.29399999999998877));
#2643=IFCCARTESIANPOINT((-0.26500000000000135,0.045000000000000005,0.29399999999998877));
#2644=IFCCARTESIANPOINT((-0.31000000000000133,0.045000000000000005,0.29399999999998877));
#2645=IFCCARTESIANPOINT((-0.31000000000000133,0.,0.29399999999998877));
#2646=IFCPOLYLOOP((#2642,#2643,#2644,#2645));
#2647=IFCFACEOUTERBOUND(#2646,.T.);
#2648=IFCFACE((#2647));
#2649=IFCCARTESIANPOINT((-0.26500000000000135,0.,0.043000000000000003));
#2650=IFCCARTESIANPOINT((-0.31000000000000133,0.,0.043000000000000003));
#2651=IFCCARTESIANPOINT((-0.31000000000000133,0.045000000000000005,0.043000000000000003));
#2652=IFCCARTESIANPOINT((-0.26500000000000135,0.045000000000000005,0.043000000000000003));
#2653=IFCPOLYLOOP((#2649,#2650,#2651,#2652));
#2654=IFCFACEOUTERBOUND(#2653,.T.);
#2655=IFCFACE((#2654));
#2656=IFCPOLYLOOP((#2643,#2642,#2649,#2652));
#2657=IFCFACEOUTERBOUND(#2656,.T.);
#2658=IFCFACE((#2657));
#2659=IFCPOLYLOOP((#2644,#2643,#2652,#2651));
#2660=IFCFACEOUTERBOUND(#2659,.T.);
#2661=IFCFACE((#2660));
#2662=IFCPOLYLOOP((#2645,#2644,#2651,#2650));
#2663=IFCFACEOUTERBOUND(#2662,.T.);
#2664=IFCFACE((#2663));
#2665=IFCPOLYLOOP((#2642,#2645,#2650,#2649));
#2666=IFCFACEOUTERBOUND(#2665,.T.);
#2667=IFCFACE((#2666));
#2668=IFCCARTESIANPOINT((-0.64500000000000135,0.,0.29399999999998877));
#2669=IFCCARTESIANPOINT((-0.64500000000000135,0.045000000000000005,0.29399999999998877));
#2670=IFCCARTESIANPOINT((-0.69000000000000139,0.045000000000000005,0.29399999999998877));
#2671=IFCCARTESIANPOINT((-0.69000000000000139,0.,0.29399999999998877));
#2672=IFCPOLYLOOP((#2668,#2669,#2670,#2671));
#2673=IFCFACEOUTERBOUND(#2672,.T.);
#2674=IFCFACE((#2673));
#2675=IFCCARTESIANPOINT((-0.64500000000000135,0.,0.043000000000000003));
#2676=IFCCARTESIANPOINT((-0.69000000000000139,0.,0.043000000000000003));
#2677=IFCCARTESIANPOINT((-0.69000000000000139,0.045000000000000005,0.043000000000000003));
#2678=IFCCARTESIANPOINT((-0.64500000000000135,0.045000000000000005,0.043000000000000003));
#2679=IFCPOLYLOOP((#2675,#2676,#2677,#2678));
#2680=IFCFACEOUTERBOUND(#2679,.T.);
#2681=IFCFACE((#2680));
#2682=IFCPOLYLOOP((#2669,#2668,#2675,#2678));
#2683=IFCFACEOUTERBOUND(#2682,.T.);
#2684=IFCFACE((#2683));
#2685=IFCPOLYLOOP((#2670,#2669,#2678,#2677));
#2686=IFCFACEOUTERBOUND(#2685,.T.);
#2687=IFCFACE((#2686));
#2688=IFCPOLYLOOP((#2671,#2670,#2677,#2676));
#2689=IFCFACEOUTERBOUND(#2688,.T.);
#2690=IFCFACE((#2689));
#2691=IFCPOLYLOOP((#2668,#2671,#2676,#2675));
#2692=IFCFACEOUTERBOUND(#2691,.T.);
#2693=IFCFACE((#2692));
#2694=IFCCARTESIANPOINT((-0.69000000000000139,0.,0.10299999999998975));
#2695=IFCCARTESIANPOINT((-0.69000000000000139,0.045000000000000005,0.10299999999998975));
#2696=IFCCARTESIANPOINT((-0.73500000000000143,0.045000000000000005,0.10299999999998975));
#2697=IFCCARTESIANPOINT((-0.73500000000000143,0.,0.10299999999998975));
#2698=IFCPOLYLOOP((#2694,#2695,#2696,#2697));
#2699=IFCFACEOUTERBOUND(#2698,.T.);
#2700=IFCFACE((#2699));
#2701=IFCCARTESIANPOINT((-0.69000000000000139,0.,0.043000000000000003));
#2702=IFCCARTESIANPOINT((-0.73500000000000143,0.,0.043000000000000003));
#2703=IFCCARTESIANPOINT((-0.73500000000000143,0.045000000000000005,0.043000000000000003));
#2704=IFCCARTESIANPOINT((-0.69000000000000139,0.045000000000000005,0.043000000000000003));
#2705=IFCPOLYLOOP((#2701,#2702,#2703,#2704));
#2706=IFCFACEOUTERBOUND(#2705,.T.);
#2707=IFCFACE((#2706));
#2708=IFCPOLYLOOP((#2695,#2694,#2701,#2704));
#2709=IFCFACEOUTERBOUND(#2708,.T.);
#2710=IFCFACE((#2709));
#2711=IFCPOLYLOOP((#2696,#2695,#2704,#2703));
#2712=IFCFACEOUTERBOUND(#2711,.T.);
#2713=IFCFACE((#2712));
#2714=IFCPOLYLOOP((#2697,#2696,#2703,#2702));
#2715=IFCFACEOUTERBOUND(#2714,.T.);
#2716=IFCFACE((#2715));
#2717=IFCPOLYLOOP((#2694,#2697,#2702,#2701));
#2718=IFCFACEOUTERBOUND(#2717,.T.);
#2719=IFCFACE((#2718));
#2720=IFCCARTESIANPOINT((-0.84499999999999875,0.,0.10299999999998975));
#2721=IFCCARTESIANPOINT((-0.84499999999999875,0.045000000000000005,0.10299999999998975));
#2722=IFCCARTESIANPOINT((-0.88999999999999879,0.045000000000000005,0.10299999999998975));
#2723=IFCCARTESIANPOINT((-0.88999999999999879,0.,0.10299999999998975));
#2724=IFCPOLYLOOP((#2720,#2721,#2722,#2723));
#2725=IFCFACEOUTERBOUND(#2724,.T.);
#2726=IFCFACE((#2725));
#2727=IFCCARTESIANPOINT((-0.84499999999999875,0.,0.043000000000000003));
#2728=IFCCARTESIANPOINT((-0.88999999999999879,0.,0.043000000000000003));
#2729=IFCCARTESIANPOINT((-0.88999999999999879,0.045000000000000005,0.043000000000000003));
#2730=IFCCARTESIANPOINT((-0.84499999999999875,0.045000000000000005,0.043000000000000003));
#2731=IFCPOLYLOOP((#2727,#2728,#2729,#2730));
#2732=IFCFACEOUTERBOUND(#2731,.T.);
#2733=IFCFACE((#2732));
#2734=IFCPOLYLOOP((#2721,#2720,#2727,#2730));
#2735=IFCFACEOUTERBOUND(#2734,.T.);
#2736=IFCFACE((#2735));
#2737=IFCPOLYLOOP((#2722,#2721,#2730,#2729));
#2738=IFCFACEOUTERBOUND(#2737,.T.);
#2739=IFCFACE((#2738));
#2740=IFCPOLYLOOP((#2723,#2722,#2729,#2728));
#2741=IFCFACEOUTERBOUND(#2740,.T.);
#2742=IFCFACE((#2741));
#2743=IFCPOLYLOOP((#2720,#2723,#2728,#2727));
#2744=IFCFACEOUTERBOUND(#2743,.T.);
#2745=IFCFACE((#2744));
#2746=IFCCARTESIANPOINT((-0.88999999999999901,0.,0.10299999999998975));
#2747=IFCCARTESIANPOINT((-0.88999999999999901,0.,0.14599999999998975));
#2748=IFCCARTESIANPOINT((-0.88999999999999879,0.043000000000001704,0.14599999999998975));
#2749=IFCCARTESIANPOINT((-0.88999999999999879,0.043000000000001704,0.10299999999998975));
#2750=IFCPOLYLOOP((#2746,#2747,#2748,#2749));
#2751=IFCFACEOUTERBOUND(#2750,.T.);
#2752=IFCFACE((#2751));
#2753=IFCCARTESIANPOINT((-0.68999999999999895,0.,0.10299999999998975));
#2754=IFCCARTESIANPOINT((-0.68999999999999884,0.043000000000001384,0.10299999999998975));
#2755=IFCCARTESIANPOINT((-0.68999999999999884,0.043000000000001384,0.14599999999998975));
#2756=IFCCARTESIANPOINT((-0.68999999999999895,0.,0.14599999999998975));
#2757=IFCPOLYLOOP((#2753,#2754,#2755,#2756));
#2758=IFCFACEOUTERBOUND(#2757,.T.);
#2759=IFCFACE((#2758));
#2760=IFCPOLYLOOP((#2747,#2746,#2753,#2756));
#2761=IFCFACEOUTERBOUND(#2760,.T.);
#2762=IFCFACE((#2761));
#2763=IFCPOLYLOOP((#2748,#2747,#2756,#2755));
#2764=IFCFACEOUTERBOUND(#2763,.T.);
#2765=IFCFACE((#2764));
#2766=IFCPOLYLOOP((#2749,#2748,#2755,#2754));
#2767=IFCFACEOUTERBOUND(#2766,.T.);
#2768=IFCFACE((#2767));
#2769=IFCPOLYLOOP((#2746,#2749,#2754,#2753));
#2770=IFCFACEOUTERBOUND(#2769,.T.);
#2771=IFCFACE((#2770));
#2772=IFCCARTESIANPOINT((-0.27399999999999891,0.,0.48499999999998777));
#2773=IFCCARTESIANPOINT((-0.27399999999999891,0.,0.52799999999998781));
#2774=IFCCARTESIANPOINT((-0.2739999999999988,0.04300000000000033,0.52799999999998781));
#2775=IFCCARTESIANPOINT((-0.2739999999999988,0.04300000000000033,0.48499999999998777));
#2776=IFCPOLYLOOP((#2772,#2773,#2774,#2775));
#2777=IFCFACEOUTERBOUND(#2776,.T.);
#2778=IFCFACE((#2777));
#2779=IFCCARTESIANPOINT((-0.,-0.,0.48499999999998777));
#2780=IFCCARTESIANPOINT((0.,0.042999999999999886,0.48499999999998777));
#2781=IFCCARTESIANPOINT((0.,0.042999999999999886,0.52799999999998781));
#2782=IFCCARTESIANPOINT((0.,-0.,0.52799999999998781));
#2783=IFCPOLYLOOP((#2779,#2780,#2781,#2782));
#2784=IFCFACEOUTERBOUND(#2783,.T.);
#2785=IFCFACE((#2784));
#2786=IFCPOLYLOOP((#2773,#2772,#2779,#2782));
#2787=IFCFACEOUTERBOUND(#2786,.T.);
#2788=IFCFACE((#2787));
#2789=IFCPOLYLOOP((#2774,#2773,#2782,#2781));
#2790=IFCFACEOUTERBOUND(#2789,.T.);
#2791=IFCFACE((#2790));
#2792=IFCPOLYLOOP((#2775,#2774,#2781,#2780));
#2793=IFCFACEOUTERBOUND(#2792,.T.);
#2794=IFCFACE((#2793));
#2795=IFCPOLYLOOP((#2772,#2775,#2780,#2779));
#2796=IFCFACEOUTERBOUND(#2795,.T.);
#2797=IFCFACE((#2796));
#2798=IFCCARTESIANPOINT((-0.68999999999999895,0.,0.29399999999998877));
#2799=IFCCARTESIANPOINT((-0.68999999999999895,0.,0.33699999999998875));
#2800=IFCCARTESIANPOINT((-0.68999999999999884,0.043000000000001204,0.33699999999998875));
#2801=IFCCARTESIANPOINT((-0.68999999999999884,0.043000000000001225,0.29399999999998877));
#2802=IFCPOLYLOOP((#2798,#2799,#2800,#2801));
#2803=IFCFACEOUTERBOUND(#2802,.T.);
#2804=IFCFACE((#2803));
#2805=IFCCARTESIANPOINT((-0.2649999999999989,0.,0.29399999999998877));
#2806=IFCCARTESIANPOINT((-0.26499999999999885,0.043000000000000545,0.29399999999998877));
#2807=IFCCARTESIANPOINT((-0.26499999999999885,0.043000000000000531,0.33699999999998875));
#2808=IFCCARTESIANPOINT((-0.2649999999999989,0.,0.33699999999998875));
#2809=IFCPOLYLOOP((#2805,#2806,#2807,#2808));
#2810=IFCFACEOUTERBOUND(#2809,.T.);
#2811=IFCFACE((#2810));
#2812=IFCPOLYLOOP((#2799,#2798,#2805,#2808));
#2813=IFCFACEOUTERBOUND(#2812,.T.);
#2814=IFCFACE((#2813));
#2815=IFCPOLYLOOP((#2800,#2799,#2808,#2807));
#2816=IFCFACEOUTERBOUND(#2815,.T.);
#2817=IFCFACE((#2816));
#2818=IFCPOLYLOOP((#2801,#2800,#2807,#2806));
#2819=IFCFACEOUTERBOUND(#2818,.T.);
#2820=IFCFACE((#2819));
#2821=IFCPOLYLOOP((#2798,#2801,#2806,#2805));
#2822=IFCFACEOUTERBOUND(#2821,.T.);
#2823=IFCFACE((#2822));
#2824=IFCCARTESIANPOINT((-0.88999999999999901,0.,0.));
#2825=IFCCARTESIANPOINT((-0.88999999999999901,0.,0.043000000000000003));
#2826=IFCCARTESIANPOINT((-0.88999999999999879,0.043000000000001863,0.043000000000000003));
#2827=IFCCARTESIANPOINT((-0.88999999999999879,0.043000000000001863,0.));
#2828=IFCPOLYLOOP((#2824,#2825,#2826,#2827));
#2829=IFCFACEOUTERBOUND(#2828,.T.);
#2830=IFCFACE((#2829));
#2831=IFCCARTESIANPOINT((0.,0.043000000000000448,0.));
#2832=IFCCARTESIANPOINT((0.,0.043000000000000448,0.043000000000000003));
#2833=IFCCARTESIANPOINT((0.,0.,0.043000000000000003));
#2834=IFCPOLYLOOP((#3,#2831,#2832,#2833));
#2835=IFCFACEOUTERBOUND(#2834,.T.);
#2836=IFCFACE((#2835));
#2837=IFCPOLYLOOP((#2825,#2824,#3,#2833));
#2838=IFCFACEOUTERBOUND(#2837,.T.);
#2839=IFCFACE((#2838));
#2840=IFCPOLYLOOP((#2826,#2825,#2833,#2832));
#2841=IFCFACEOUTERBOUND(#2840,.T.);
#2842=IFCFACE((#2841));
#2843=IFCPOLYLOOP((#2827,#2826,#2832,#2831));
#2844=IFCFACEOUTERBOUND(#2843,.T.);
#2845=IFCFACE((#2844));
#2846=IFCPOLYLOOP((#2824,#2827,#2831,#3));
#2847=IFCFACEOUTERBOUND(#2846,.T.);
#2848=IFCFACE((#2847));
#2849=IFCCARTESIANPOINT((0.,0.75299999999999812,0.));
#2850=IFCCARTESIANPOINT((0.,0.75299999999999812,0.043000000000000003));
#2851=IFCCARTESIANPOINT((0.,0.70999999999999819,0.043000000000000003));
#2852=IFCCARTESIANPOINT((0.,0.70999999999999819,0.));
#2853=IFCPOLYLOOP((#2849,#2850,#2851,#2852));
#2854=IFCFACEOUTERBOUND(#2853,.T.);
#2855=IFCFACE((#2854));
#2856=IFCCARTESIANPOINT((-0.69999999999999851,0.75299999999999923,0.));
#2857=IFCCARTESIANPOINT((-0.69999999999999873,0.7099999999999993,0.));
#2858=IFCCARTESIANPOINT((-0.69999999999999873,0.7099999999999993,0.043000000000000003));
#2859=IFCCARTESIANPOINT((-0.69999999999999851,0.75299999999999923,0.043000000000000003));
#2860=IFCPOLYLOOP((#2856,#2857,#2858,#2859));
#2861=IFCFACEOUTERBOUND(#2860,.T.);
#2862=IFCFACE((#2861));
#2863=IFCPOLYLOOP((#2850,#2849,#2856,#2859));
#2864=IFCFACEOUTERBOUND(#2863,.T.);
#2865=IFCFACE((#2864));
#2866=IFCPOLYLOOP((#2851,#2850,#2859,#2858));
#2867=IFCFACEOUTERBOUND(#2866,.T.);
#2868=IFCFACE((#2867));
#2869=IFCPOLYLOOP((#2852,#2851,#2858,#2857));
#2870=IFCFACEOUTERBOUND(#2869,.T.);
#2871=IFCFACE((#2870));
#2872=IFCPOLYLOOP((#2849,#2852,#2857,#2856));
#2873=IFCFACEOUTERBOUND(#2872,.T.);
#2874=IFCFACE((#2873));
#2875=IFCCARTESIANPOINT((-0.73999999999999799,0.66699999999999893,0.14599999999998975));
#2876=IFCCARTESIANPOINT((-0.73999999999999799,0.66699999999999893,0.));
#2877=IFCCARTESIANPOINT((-0.73999999999999788,0.70999999999999941,-0.));
#2878=IFCCARTESIANPOINT((-0.73999999999999788,0.70999999999999963,0.14599999999998975));
#2879=IFCPOLYLOOP((#2875,#2876,#2877,#2878));
#2880=IFCFACEOUTERBOUND(#2879,.T.);
#2881=IFCFACE((#2880));
#2882=IFCCARTESIANPOINT((-0.93999999999999895,0.66699999999999915,0.14599999999998975));
#2883=IFCCARTESIANPOINT((-0.93999999999999884,0.70999999999999996,0.14599999999998975));
#2884=IFCCARTESIANPOINT((-0.93999999999999884,0.70999999999999963,-0.));
#2885=IFCCARTESIANPOINT((-0.93999999999999895,0.66699999999999915,0.));
#2886=IFCPOLYLOOP((#2882,#2883,#2884,#2885));
#2887=IFCFACEOUTERBOUND(#2886,.T.);
#2888=IFCFACE((#2887));
#2889=IFCPOLYLOOP((#2876,#2875,#2882,#2885));
#2890=IFCFACEOUTERBOUND(#2889,.T.);
#2891=IFCFACE((#2890));
#2892=IFCPOLYLOOP((#2877,#2876,#2885,#2884));
#2893=IFCFACEOUTERBOUND(#2892,.T.);
#2894=IFCFACE((#2893));
#2895=IFCPOLYLOOP((#2878,#2877,#2884,#2883));
#2896=IFCFACEOUTERBOUND(#2895,.T.);
#2897=IFCFACE((#2896));
#2898=IFCPOLYLOOP((#2875,#2878,#2883,#2882));
#2899=IFCFACEOUTERBOUND(#2898,.T.);
#2900=IFCFACE((#2899));
#2901=IFCCARTESIANPOINT((0.,2.3599999999999968,2.3600000000000123));
#2902=IFCCARTESIANPOINT((0.,2.3599999999999963,2.2469999999999852));
#2903=IFCCARTESIANPOINT((0.,2.1599999999999966,2.2469999999999857));
#2904=IFCCARTESIANPOINT((0.,2.1599999999999961,2.0559999999999854));
#2905=IFCCARTESIANPOINT((0.,1.9599999999999966,2.0559999999999863));
#2906=IFCCARTESIANPOINT((0.,1.9599999999999962,1.864999999999986));
#2907=IFCCARTESIANPOINT((0.,1.7599999999999965,1.8649999999999864));
#2908=IFCCARTESIANPOINT((0.,1.7599999999999962,1.6739999999999866));
#2909=IFCCARTESIANPOINT((0.,1.5599999999999965,1.6739999999999871));
#2910=IFCCARTESIANPOINT((0.,1.5599999999999963,1.4829999999999872));
#2911=IFCCARTESIANPOINT((0.,1.3599999999999965,1.4829999999999877));
#2912=IFCCARTESIANPOINT((0.,1.3599999999999961,1.2919999999999878));
#2913=IFCCARTESIANPOINT((0.,1.1599999999999964,1.2919999999999885));
#2914=IFCCARTESIANPOINT((0.,1.1599999999999961,1.100999999999988));
#2915=IFCCARTESIANPOINT((0.,0.95999999999999641,1.1009999999999884));
#2916=IFCCARTESIANPOINT((0.,0.95999999999999619,0.90999999999998804));
#2917=IFCCARTESIANPOINT((0.,0.75999999999999612,0.90999999999998882));
#2918=IFCCARTESIANPOINT((0.,0.75999999999999535,0.71899999999998765));
#2919=IFCCARTESIANPOINT((0.,0.75299999999999423,0.71899999999999575));
#2920=IFCCARTESIANPOINT((0.,0.75299999999999423,0.57299999999999562));
#2921=IFCCARTESIANPOINT((0.,0.77503421553662954,0.57299999999999585));
#2922=IFCCARTESIANPOINT((0.,2.6462384040183351,2.360000000000011));
#2923=IFCPOLYLOOP((#2901,#2902,#2903,#2904,#2905,#2906,#2907,#2908,#2909,#2910,#2911,#2912,#2913,#2914,#2915,#2916,#2917,#2918,#2919,#2920,#2921,#2922));
#2924=IFCFACEOUTERBOUND(#2923,.T.);
#2925=IFCFACE((#2924));
#2926=IFCCARTESIANPOINT((-0.042999999999997401,2.3599999999999968,2.3600000000000123));
#2927=IFCCARTESIANPOINT((-0.042999999999996937,2.6462384040183351,2.360000000000011));
#2928=IFCCARTESIANPOINT((-0.042999999999999983,0.77503421553662954,0.57299999999999562));
#2929=IFCCARTESIANPOINT((-0.04300000000000001,0.75299999999999423,0.57299999999999562));
#2930=IFCCARTESIANPOINT((-0.04300000000000001,0.75299999999999423,0.71899999999999575));
#2931=IFCCARTESIANPOINT((-0.042999999999999997,0.75999999999999557,0.71899999999998765));
#2932=IFCCARTESIANPOINT((-0.042999999999999997,0.75999999999999646,0.90999999999998882));
#2933=IFCCARTESIANPOINT((-0.042999999999999677,0.95999999999999641,0.90999999999998804));
#2934=IFCCARTESIANPOINT((-0.042999999999999677,0.95999999999999641,1.1009999999999884));
#2935=IFCCARTESIANPOINT((-0.042999999999999351,1.1599999999999964,1.100999999999988));
#2936=IFCCARTESIANPOINT((-0.042999999999999351,1.1599999999999964,1.2919999999999885));
#2937=IFCCARTESIANPOINT((-0.042999999999999025,1.3599999999999961,1.2919999999999878));
#2938=IFCCARTESIANPOINT((-0.042999999999999025,1.3599999999999965,1.4829999999999877));
#2939=IFCCARTESIANPOINT((-0.042999999999998699,1.5599999999999963,1.4829999999999872));
#2940=IFCCARTESIANPOINT((-0.042999999999998699,1.5599999999999965,1.6739999999999871));
#2941=IFCCARTESIANPOINT((-0.042999999999998373,1.7599999999999962,1.6739999999999866));
#2942=IFCCARTESIANPOINT((-0.042999999999998373,1.7599999999999965,1.8649999999999864));
#2943=IFCCARTESIANPOINT((-0.042999999999998054,1.9599999999999962,1.864999999999986));
#2944=IFCCARTESIANPOINT((-0.042999999999998054,1.9599999999999966,2.0559999999999863));
#2945=IFCCARTESIANPOINT((-0.042999999999997721,2.1599999999999961,2.0559999999999854));
#2946=IFCCARTESIANPOINT((-0.042999999999997721,2.1599999999999966,2.2469999999999857));
#2947=IFCCARTESIANPOINT((-0.042999999999997401,2.3599999999999963,2.2469999999999852));
#2948=IFCPOLYLOOP((#2926,#2927,#2928,#2929,#2930,#2931,#2932,#2933,#2934,#2935,#2936,#2937,#2938,#2939,#2940,#2941,#2942,#2943,#2944,#2945,#2946,#2947));
#2949=IFCFACEOUTERBOUND(#2948,.T.);
#2950=IFCFACE((#2949));
#2951=IFCPOLYLOOP((#2902,#2901,#2926,#2947));
#2952=IFCFACEOUTERBOUND(#2951,.T.);
#2953=IFCFACE((#2952));
#2954=IFCPOLYLOOP((#2903,#2902,#2947,#2946));
#2955=IFCFACEOUTERBOUND(#2954,.T.);
#2956=IFCFACE((#2955));
#2957=IFCPOLYLOOP((#2904,#2903,#2946,#2945));
#2958=IFCFACEOUTERBOUND(#2957,.T.);
#2959=IFCFACE((#2958));
#2960=IFCPOLYLOOP((#2901,#2922,#2927,#2926));
#2961=IFCFACEOUTERBOUND(#2960,.T.);
#2962=IFCFACE((#2961));
#2963=IFCPOLYLOOP((#2905,#2904,#2945,#2944));
#2964=IFCFACEOUTERBOUND(#2963,.T.);
#2965=IFCFACE((#2964));
#2966=IFCPOLYLOOP((#2906,#2905,#2944,#2943));
#2967=IFCFACEOUTERBOUND(#2966,.T.);
#2968=IFCFACE((#2967));
#2969=IFCPOLYLOOP((#2907,#2906,#2943,#2942));
#2970=IFCFACEOUTERBOUND(#2969,.T.);
#2971=IFCFACE((#2970));
#2972=IFCPOLYLOOP((#2908,#2907,#2942,#2941));
#2973=IFCFACEOUTERBOUND(#2972,.T.);
#2974=IFCFACE((#2973));
#2975=IFCPOLYLOOP((#2909,#2908,#2941,#2940));
#2976=IFCFACEOUTERBOUND(#2975,.T.);
#2977=IFCFACE((#2976));
#2978=IFCPOLYLOOP((#2910,#2909,#2940,#2939));
#2979=IFCFACEOUTERBOUND(#2978,.T.);
#2980=IFCFACE((#2979));
#2981=IFCPOLYLOOP((#2911,#2910,#2939,#2938));
#2982=IFCFACEOUTERBOUND(#2981,.T.);
#2983=IFCFACE((#2982));
#2984=IFCPOLYLOOP((#2912,#2911,#2938,#2937));
#2985=IFCFACEOUTERBOUND(#2984,.T.);
#2986=IFCFACE((#2985));
#2987=IFCPOLYLOOP((#2913,#2912,#2937,#2936));
#2988=IFCFACEOUTERBOUND(#2987,.T.);
#2989=IFCFACE((#2988));
#2990=IFCPOLYLOOP((#2914,#2913,#2936,#2935));
#2991=IFCFACEOUTERBOUND(#2990,.T.);
#2992=IFCFACE((#2991));
#2993=IFCPOLYLOOP((#2915,#2914,#2935,#2934));
#2994=IFCFACEOUTERBOUND(#2993,.T.);
#2995=IFCFACE((#2994));
#2996=IFCPOLYLOOP((#2916,#2915,#2934,#2933));
#2997=IFCFACEOUTERBOUND(#2996,.T.);
#2998=IFCFACE((#2997));
#2999=IFCPOLYLOOP((#2917,#2916,#2933,#2932));
#3000=IFCFACEOUTERBOUND(#2999,.T.);
#3001=IFCFACE((#3000));
#3002=IFCPOLYLOOP((#2918,#2917,#2932,#2931));
#3003=IFCFACEOUTERBOUND(#3002,.T.);
#3004=IFCFACE((#3003));
#3005=IFCPOLYLOOP((#2919,#2918,#2931,#2930));
#3006=IFCFACEOUTERBOUND(#3005,.T.);
#3007=IFCFACE((#3006));
#3008=IFCPOLYLOOP((#2920,#2919,#2930,#2929));
#3009=IFCFACEOUTERBOUND(#3008,.T.);
#3010=IFCFACE((#3009));
#3011=IFCPOLYLOOP((#2921,#2920,#2929,#2928));
#3012=IFCFACEOUTERBOUND(#3011,.T.);
#3013=IFCFACE((#3012));
#3014=IFCPOLYLOOP((#2922,#2921,#2928,#2927));
#3015=IFCFACEOUTERBOUND(#3014,.T.);
#3016=IFCFACE((#3015));
#3017=IFCCARTESIANPOINT((-0.60199999999999609,2.3599999999999981,2.3600000000000123));
#3018=IFCCARTESIANPOINT((-0.60199999999999609,2.3599999999999977,2.2469999999999852));
#3019=IFCCARTESIANPOINT((-0.60199999999999643,2.1599999999999979,2.2469999999999857));
#3020=IFCCARTESIANPOINT((-0.60199999999999643,2.1599999999999975,2.0559999999999854));
#3021=IFCCARTESIANPOINT((-0.60199999999999676,1.959999999999998,2.0559999999999863));
#3022=IFCCARTESIANPOINT((-0.60199999999999676,1.9599999999999975,1.864999999999986));
#3023=IFCCARTESIANPOINT((-0.60199999999999698,1.7599999999999978,1.8649999999999864));
#3024=IFCCARTESIANPOINT((-0.60199999999999698,1.7599999999999976,1.6739999999999866));
#3025=IFCCARTESIANPOINT((-0.60199999999999732,1.5599999999999978,1.6739999999999871));
#3026=IFCCARTESIANPOINT((-0.60199999999999732,1.5599999999999976,1.4829999999999872));
#3027=IFCCARTESIANPOINT((-0.60199999999999765,1.3599999999999979,1.4829999999999877));
#3028=IFCCARTESIANPOINT((-0.60199999999999765,1.3599999999999977,1.2919999999999878));
#3029=IFCCARTESIANPOINT((-0.60199999999999798,1.1599999999999977,1.2919999999999885));
#3030=IFCCARTESIANPOINT((-0.60199999999999798,1.1599999999999975,1.100999999999988));
#3031=IFCCARTESIANPOINT((-0.60199999999999843,0.95999999999999786,1.1009999999999884));
#3032=IFCCARTESIANPOINT((-0.60199999999999843,0.9599999999999973,0.90999999999998804));
#3033=IFCCARTESIANPOINT((-0.60199999999999865,0.75999999999999723,0.90999999999998882));
#3034=IFCCARTESIANPOINT((-0.60199999999999865,0.75999999999999668,0.71899999999998765));
#3035=IFCCARTESIANPOINT((-0.60199999999999876,0.7349999999999991,0.71899999999998787));
#3036=IFCCARTESIANPOINT((-0.60199999999999876,0.73499999999999854,0.57299999999998774));
#3037=IFCCARTESIANPOINT((-0.60199999999999865,0.77503421553662866,0.57299999999998774));
#3038=IFCCARTESIANPOINT((-0.60199999999999565,2.6462384040183364,2.360000000000011));
#3039=IFCPOLYLOOP((#3017,#3018,#3019,#3020,#3021,#3022,#3023,#3024,#3025,#3026,#3027,#3028,#3029,#3030,#3031,#3032,#3033,#3034,#3035,#3036,#3037,#3038));
#3040=IFCFACEOUTERBOUND(#3039,.T.);
#3041=IFCFACE((#3040));
#3042=IFCCARTESIANPOINT((-0.64499999999999602,2.3599999999999981,2.3600000000000123));
#3043=IFCCARTESIANPOINT((-0.64499999999999569,2.6462384040183364,2.360000000000011));
#3044=IFCCARTESIANPOINT((-0.64499999999999857,0.77503421553662866,0.57299999999998774));
#3045=IFCCARTESIANPOINT((-0.6449999999999988,0.73499999999999888,0.57299999999998774));
#3046=IFCCARTESIANPOINT((-0.6449999999999988,0.7349999999999991,0.71899999999998787));
#3047=IFCCARTESIANPOINT((-0.64499999999999857,0.75999999999999668,0.71899999999998765));
#3048=IFCCARTESIANPOINT((-0.64499999999999857,0.75999999999999757,0.90999999999998882));
#3049=IFCCARTESIANPOINT((-0.64499999999999835,0.95999999999999752,0.90999999999998804));
#3050=IFCCARTESIANPOINT((-0.64499999999999835,0.95999999999999786,1.1009999999999884));
#3051=IFCCARTESIANPOINT((-0.64499999999999791,1.1599999999999975,1.100999999999988));
#3052=IFCCARTESIANPOINT((-0.64499999999999791,1.1599999999999979,1.2919999999999885));
#3053=IFCCARTESIANPOINT((-0.64499999999999769,1.3599999999999977,1.2919999999999878));
#3054=IFCCARTESIANPOINT((-0.64499999999999769,1.3599999999999979,1.4829999999999877));
#3055=IFCCARTESIANPOINT((-0.64499999999999735,1.5599999999999976,1.4829999999999872));
#3056=IFCCARTESIANPOINT((-0.64499999999999735,1.5599999999999978,1.6739999999999871));
#3057=IFCCARTESIANPOINT((-0.64499999999999702,1.7599999999999976,1.6739999999999866));
#3058=IFCCARTESIANPOINT((-0.64499999999999702,1.7599999999999978,1.8649999999999864));
#3059=IFCCARTESIANPOINT((-0.64499999999999669,1.9599999999999975,1.864999999999986));
#3060=IFCCARTESIANPOINT((-0.64499999999999669,1.959999999999998,2.0559999999999863));
#3061=IFCCARTESIANPOINT((-0.64499999999999635,2.1599999999999975,2.0559999999999854));
#3062=IFCCARTESIANPOINT((-0.64499999999999635,2.1599999999999979,2.2469999999999857));
#3063=IFCCARTESIANPOINT((-0.64499999999999602,2.3599999999999977,2.2469999999999852));
#3064=IFCPOLYLOOP((#3042,#3043,#3044,#3045,#3046,#3047,#3048,#3049,#3050,#3051,#3052,#3053,#3054,#3055,#3056,#3057,#3058,#3059,#3060,#3061,#3062,#3063));
#3065=IFCFACEOUTERBOUND(#3064,.T.);
#3066=IFCFACE((#3065));
#3067=IFCPOLYLOOP((#3018,#3017,#3042,#3063));
#3068=IFCFACEOUTERBOUND(#3067,.T.);
#3069=IFCFACE((#3068));
#3070=IFCPOLYLOOP((#3019,#3018,#3063,#3062));
#3071=IFCFACEOUTERBOUND(#3070,.T.);
#3072=IFCFACE((#3071));
#3073=IFCPOLYLOOP((#3020,#3019,#3062,#3061));
#3074=IFCFACEOUTERBOUND(#3073,.T.);
#3075=IFCFACE((#3074));
#3076=IFCPOLYLOOP((#3017,#3038,#3043,#3042));
#3077=IFCFACEOUTERBOUND(#3076,.T.);
#3078=IFCFACE((#3077));
#3079=IFCPOLYLOOP((#3021,#3020,#3061,#3060));
#3080=IFCFACEOUTERBOUND(#3079,.T.);
#3081=IFCFACE((#3080));
#3082=IFCPOLYLOOP((#3022,#3021,#3060,#3059));
#3083=IFCFACEOUTERBOUND(#3082,.T.);
#3084=IFCFACE((#3083));
#3085=IFCPOLYLOOP((#3023,#3022,#3059,#3058));
#3086=IFCFACEOUTERBOUND(#3085,.T.);
#3087=IFCFACE((#3086));
#3088=IFCPOLYLOOP((#3024,#3023,#3058,#3057));
#3089=IFCFACEOUTERBOUND(#3088,.T.);
#3090=IFCFACE((#3089));
#3091=IFCPOLYLOOP((#3025,#3024,#3057,#3056));
#3092=IFCFACEOUTERBOUND(#3091,.T.);
#3093=IFCFACE((#3092));
#3094=IFCPOLYLOOP((#3026,#3025,#3056,#3055));
#3095=IFCFACEOUTERBOUND(#3094,.T.);
#3096=IFCFACE((#3095));
#3097=IFCPOLYLOOP((#3027,#3026,#3055,#3054));
#3098=IFCFACEOUTERBOUND(#3097,.T.);
#3099=IFCFACE((#3098));
#3100=IFCPOLYLOOP((#3028,#3027,#3054,#3053));
#3101=IFCFACEOUTERBOUND(#3100,.T.);
#3102=IFCFACE((#3101));
#3103=IFCPOLYLOOP((#3029,#3028,#3053,#3052));
#3104=IFCFACEOUTERBOUND(#3103,.T.);
#3105=IFCFACE((#3104));
#3106=IFCPOLYLOOP((#3030,#3029,#3052,#3051));
#3107=IFCFACEOUTERBOUND(#3106,.T.);
#3108=IFCFACE((#3107));
#3109=IFCPOLYLOOP((#3031,#3030,#3051,#3050));
#3110=IFCFACEOUTERBOUND(#3109,.T.);
#3111=IFCFACE((#3110));
#3112=IFCPOLYLOOP((#3032,#3031,#3050,#3049));
#3113=IFCFACEOUTERBOUND(#3112,.T.);
#3114=IFCFACE((#3113));
#3115=IFCPOLYLOOP((#3033,#3032,#3049,#3048));
#3116=IFCFACEOUTERBOUND(#3115,.T.);
#3117=IFCFACE((#3116));
#3118=IFCPOLYLOOP((#3034,#3033,#3048,#3047));
#3119=IFCFACEOUTERBOUND(#3118,.T.);
#3120=IFCFACE((#3119));
#3121=IFCPOLYLOOP((#3035,#3034,#3047,#3046));
#3122=IFCFACEOUTERBOUND(#3121,.T.);
#3123=IFCFACE((#3122));
#3124=IFCPOLYLOOP((#3036,#3035,#3046,#3045));
#3125=IFCFACEOUTERBOUND(#3124,.T.);
#3126=IFCFACE((#3125));
#3127=IFCPOLYLOOP((#3037,#3036,#3045,#3044));
#3128=IFCFACEOUTERBOUND(#3127,.T.);
#3129=IFCFACE((#3128));
#3130=IFCPOLYLOOP((#3038,#3037,#3044,#3043));
#3131=IFCFACEOUTERBOUND(#3130,.T.);
#3132=IFCFACE((#3131));
#3133=IFCCARTESIANPOINT((0.,2.3599999999999968,2.2919999999999852));
#3134=IFCCARTESIANPOINT((-0.69999999999999596,2.359999999999999,2.2919999999999852));
#3135=IFCCARTESIANPOINT((-0.6999999999999964,2.1099999999999994,2.2919999999999852));
#3136=IFCCARTESIANPOINT((0.,2.1099999999999968,2.2919999999999852));
#3137=IFCPOLYLOOP((#3133,#3134,#3135,#3136));
#3138=IFCFACEOUTERBOUND(#3137,.T.);
#3139=IFCFACE((#3138));
#3140=IFCCARTESIANPOINT((0.,2.3599999999999968,2.2469999999999852));
#3141=IFCCARTESIANPOINT((0.,2.1099999999999968,2.2469999999999852));
#3142=IFCCARTESIANPOINT((-0.6999999999999964,2.1099999999999994,2.2469999999999852));
#3143=IFCCARTESIANPOINT((-0.69999999999999596,2.359999999999999,2.2469999999999852));
#3144=IFCPOLYLOOP((#3140,#3141,#3142,#3143));
#3145=IFCFACEOUTERBOUND(#3144,.T.);
#3146=IFCFACE((#3145));
#3147=IFCPOLYLOOP((#3134,#3133,#3140,#3143));
#3148=IFCFACEOUTERBOUND(#3147,.T.);
#3149=IFCFACE((#3148));
#3150=IFCPOLYLOOP((#3135,#3134,#3143,#3142));
#3151=IFCFACEOUTERBOUND(#3150,.T.);
#3152=IFCFACE((#3151));
#3153=IFCPOLYLOOP((#3136,#3135,#3142,#3141));
#3154=IFCFACEOUTERBOUND(#3153,.T.);
#3155=IFCFACE((#3154));
#3156=IFCPOLYLOOP((#3133,#3136,#3141,#3140));
#3157=IFCFACEOUTERBOUND(#3156,.T.);
#3158=IFCFACE((#3157));
#3159=IFCCARTESIANPOINT((0.,2.159999999999997,2.1009999999999858));
#3160=IFCCARTESIANPOINT((-0.69999999999999629,2.1599999999999988,2.1009999999999858));
#3161=IFCCARTESIANPOINT((-0.69999999999999662,1.9099999999999995,2.1009999999999858));
#3162=IFCCARTESIANPOINT((0.,1.909999999999997,2.1009999999999858));
#3163=IFCPOLYLOOP((#3159,#3160,#3161,#3162));
#3164=IFCFACEOUTERBOUND(#3163,.T.);
#3165=IFCFACE((#3164));
#3166=IFCCARTESIANPOINT((0.,2.159999999999997,2.0559999999999854));
#3167=IFCCARTESIANPOINT((0.,1.909999999999997,2.0559999999999854));
#3168=IFCCARTESIANPOINT((-0.69999999999999662,1.9099999999999995,2.0559999999999854));
#3169=IFCCARTESIANPOINT((-0.69999999999999629,2.1599999999999988,2.0559999999999854));
#3170=IFCPOLYLOOP((#3166,#3167,#3168,#3169));
#3171=IFCFACEOUTERBOUND(#3170,.T.);
#3172=IFCFACE((#3171));
#3173=IFCPOLYLOOP((#3160,#3159,#3166,#3169));
#3174=IFCFACEOUTERBOUND(#3173,.T.);
#3175=IFCFACE((#3174));
#3176=IFCPOLYLOOP((#3161,#3160,#3169,#3168));
#3177=IFCFACEOUTERBOUND(#3176,.T.);
#3178=IFCFACE((#3177));
#3179=IFCPOLYLOOP((#3162,#3161,#3168,#3167));
#3180=IFCFACEOUTERBOUND(#3179,.T.);
#3181=IFCFACE((#3180));
#3182=IFCPOLYLOOP((#3159,#3162,#3167,#3166));
#3183=IFCFACEOUTERBOUND(#3182,.T.);
#3184=IFCFACE((#3183));
#3185=IFCCARTESIANPOINT((0.,1.9599999999999969,1.9099999999999859));
#3186=IFCCARTESIANPOINT((-0.69999999999999651,1.9599999999999989,1.9099999999999859));
#3187=IFCCARTESIANPOINT((-0.69999999999999696,1.7099999999999989,1.9099999999999859));
#3188=IFCCARTESIANPOINT((0.,1.7099999999999964,1.9099999999999859));
#3189=IFCPOLYLOOP((#3185,#3186,#3187,#3188));
#3190=IFCFACEOUTERBOUND(#3189,.T.);
#3191=IFCFACE((#3190));
#3192=IFCCARTESIANPOINT((0.,1.9599999999999969,1.864999999999986));
#3193=IFCCARTESIANPOINT((0.,1.7099999999999964,1.864999999999986));
#3194=IFCCARTESIANPOINT((-0.69999999999999696,1.7099999999999989,1.864999999999986));
#3195=IFCCARTESIANPOINT((-0.69999999999999651,1.9599999999999989,1.864999999999986));
#3196=IFCPOLYLOOP((#3192,#3193,#3194,#3195));
#3197=IFCFACEOUTERBOUND(#3196,.T.);
#3198=IFCFACE((#3197));
#3199=IFCPOLYLOOP((#3186,#3185,#3192,#3195));
#3200=IFCFACEOUTERBOUND(#3199,.T.);
#3201=IFCFACE((#3200));
#3202=IFCPOLYLOOP((#3187,#3186,#3195,#3194));
#3203=IFCFACEOUTERBOUND(#3202,.T.);
#3204=IFCFACE((#3203));
#3205=IFCPOLYLOOP((#3188,#3187,#3194,#3193));
#3206=IFCFACEOUTERBOUND(#3205,.T.);
#3207=IFCFACE((#3206));
#3208=IFCPOLYLOOP((#3185,#3188,#3193,#3192));
#3209=IFCFACEOUTERBOUND(#3208,.T.);
#3210=IFCFACE((#3209));
#3211=IFCCARTESIANPOINT((0.,1.7599999999999967,1.7189999999999865));
#3212=IFCCARTESIANPOINT((-0.69999999999999696,1.7599999999999989,1.7189999999999865));
#3213=IFCCARTESIANPOINT((-0.6999999999999974,1.5099999999999989,1.7189999999999865));
#3214=IFCCARTESIANPOINT((0.,1.5099999999999965,1.7189999999999865));
#3215=IFCPOLYLOOP((#3211,#3212,#3213,#3214));
#3216=IFCFACEOUTERBOUND(#3215,.T.);
#3217=IFCFACE((#3216));
#3218=IFCCARTESIANPOINT((0.,1.7599999999999967,1.6739999999999866));
#3219=IFCCARTESIANPOINT((0.,1.5099999999999965,1.6739999999999866));
#3220=IFCCARTESIANPOINT((-0.6999999999999974,1.5099999999999989,1.6739999999999866));
#3221=IFCCARTESIANPOINT((-0.69999999999999696,1.7599999999999989,1.6739999999999866));
#3222=IFCPOLYLOOP((#3218,#3219,#3220,#3221));
#3223=IFCFACEOUTERBOUND(#3222,.T.);
#3224=IFCFACE((#3223));
#3225=IFCPOLYLOOP((#3212,#3211,#3218,#3221));
#3226=IFCFACEOUTERBOUND(#3225,.T.);
#3227=IFCFACE((#3226));
#3228=IFCPOLYLOOP((#3213,#3212,#3221,#3220));
#3229=IFCFACEOUTERBOUND(#3228,.T.);
#3230=IFCFACE((#3229));
#3231=IFCPOLYLOOP((#3214,#3213,#3220,#3219));
#3232=IFCFACEOUTERBOUND(#3231,.T.);
#3233=IFCFACE((#3232));
#3234=IFCPOLYLOOP((#3211,#3214,#3219,#3218));
#3235=IFCFACEOUTERBOUND(#3234,.T.);
#3236=IFCFACE((#3235));
#3237=IFCCARTESIANPOINT((0.,1.5599999999999967,1.5279999999999871));
#3238=IFCCARTESIANPOINT((-0.69999999999999718,1.5599999999999989,1.5279999999999871));
#3239=IFCCARTESIANPOINT((-0.69999999999999762,1.3099999999999992,1.5279999999999871));
#3240=IFCCARTESIANPOINT((0.,1.3099999999999967,1.5279999999999871));
#3241=IFCPOLYLOOP((#3237,#3238,#3239,#3240));
#3242=IFCFACEOUTERBOUND(#3241,.T.);
#3243=IFCFACE((#3242));
#3244=IFCCARTESIANPOINT((0.,1.5599999999999967,1.4829999999999872));
#3245=IFCCARTESIANPOINT((0.,1.3099999999999967,1.4829999999999872));
#3246=IFCCARTESIANPOINT((-0.69999999999999762,1.3099999999999992,1.4829999999999872));
#3247=IFCCARTESIANPOINT((-0.69999999999999718,1.5599999999999989,1.4829999999999872));
#3248=IFCPOLYLOOP((#3244,#3245,#3246,#3247));
#3249=IFCFACEOUTERBOUND(#3248,.T.);
#3250=IFCFACE((#3249));
#3251=IFCPOLYLOOP((#3238,#3237,#3244,#3247));
#3252=IFCFACEOUTERBOUND(#3251,.T.);
#3253=IFCFACE((#3252));
#3254=IFCPOLYLOOP((#3239,#3238,#3247,#3246));
#3255=IFCFACEOUTERBOUND(#3254,.T.);
#3256=IFCFACE((#3255));
#3257=IFCPOLYLOOP((#3240,#3239,#3246,#3245));
#3258=IFCFACEOUTERBOUND(#3257,.T.);
#3259=IFCFACE((#3258));
#3260=IFCPOLYLOOP((#3237,#3240,#3245,#3244));
#3261=IFCFACEOUTERBOUND(#3260,.T.);
#3262=IFCFACE((#3261));
#3263=IFCCARTESIANPOINT((0.,1.3599999999999968,1.336999999999988));
#3264=IFCCARTESIANPOINT((-0.69999999999999762,1.359999999999999,1.336999999999988));
#3265=IFCCARTESIANPOINT((-0.69999999999999807,1.1099999999999992,1.336999999999988));
#3266=IFCCARTESIANPOINT((0.,1.1099999999999968,1.336999999999988));
#3267=IFCPOLYLOOP((#3263,#3264,#3265,#3266));
#3268=IFCFACEOUTERBOUND(#3267,.T.);
#3269=IFCFACE((#3268));
#3270=IFCCARTESIANPOINT((0.,1.3599999999999968,1.2919999999999878));
#3271=IFCCARTESIANPOINT((0.,1.1099999999999968,1.2919999999999878));
#3272=IFCCARTESIANPOINT((-0.69999999999999807,1.1099999999999992,1.2919999999999878));
#3273=IFCCARTESIANPOINT((-0.69999999999999762,1.359999999999999,1.2919999999999878));
#3274=IFCPOLYLOOP((#3270,#3271,#3272,#3273));
#3275=IFCFACEOUTERBOUND(#3274,.T.);
#3276=IFCFACE((#3275));
#3277=IFCPOLYLOOP((#3264,#3263,#3270,#3273));
#3278=IFCFACEOUTERBOUND(#3277,.T.);
#3279=IFCFACE((#3278));
#3280=IFCPOLYLOOP((#3265,#3264,#3273,#3272));
#3281=IFCFACEOUTERBOUND(#3280,.T.);
#3282=IFCFACE((#3281));
#3283=IFCPOLYLOOP((#3266,#3265,#3272,#3271));
#3284=IFCFACEOUTERBOUND(#3283,.T.);
#3285=IFCFACE((#3284));
#3286=IFCPOLYLOOP((#3263,#3266,#3271,#3270));
#3287=IFCFACEOUTERBOUND(#3286,.T.);
#3288=IFCFACE((#3287));
#3289=IFCCARTESIANPOINT((0.,1.1599999999999968,1.1459999999999879));
#3290=IFCCARTESIANPOINT((-0.69999999999999785,1.159999999999999,1.1459999999999879));
#3291=IFCCARTESIANPOINT((-0.69999999999999829,0.90999999999999914,1.1459999999999879));
#3292=IFCCARTESIANPOINT((0.,0.90999999999999681,1.1459999999999879));
#3293=IFCPOLYLOOP((#3289,#3290,#3291,#3292));
#3294=IFCFACEOUTERBOUND(#3293,.T.);
#3295=IFCFACE((#3294));
#3296=IFCCARTESIANPOINT((0.,1.1599999999999968,1.100999999999988));
#3297=IFCCARTESIANPOINT((0.,0.90999999999999681,1.100999999999988));
#3298=IFCCARTESIANPOINT((-0.69999999999999829,0.90999999999999914,1.100999999999988));
#3299=IFCCARTESIANPOINT((-0.69999999999999785,1.159999999999999,1.100999999999988));
#3300=IFCPOLYLOOP((#3296,#3297,#3298,#3299));
#3301=IFCFACEOUTERBOUND(#3300,.T.);
#3302=IFCFACE((#3301));
#3303=IFCPOLYLOOP((#3290,#3289,#3296,#3299));
#3304=IFCFACEOUTERBOUND(#3303,.T.);
#3305=IFCFACE((#3304));
#3306=IFCPOLYLOOP((#3291,#3290,#3299,#3298));
#3307=IFCFACEOUTERBOUND(#3306,.T.);
#3308=IFCFACE((#3307));
#3309=IFCPOLYLOOP((#3292,#3291,#3298,#3297));
#3310=IFCFACEOUTERBOUND(#3309,.T.);
#3311=IFCFACE((#3310));
#3312=IFCPOLYLOOP((#3289,#3292,#3297,#3296));
#3313=IFCFACEOUTERBOUND(#3312,.T.);
#3314=IFCFACE((#3313));
#3315=IFCCARTESIANPOINT((0.,0.95999999999999674,0.95499999999998819));
#3316=IFCCARTESIANPOINT((-0.69999999999999818,0.95999999999999897,0.95499999999998819));
#3317=IFCCARTESIANPOINT((-0.69999999999999851,0.70999999999999919,0.95499999999998819));
#3318=IFCCARTESIANPOINT((0.,0.70999999999999686,0.95499999999998819));
#3319=IFCPOLYLOOP((#3315,#3316,#3317,#3318));
#3320=IFCFACEOUTERBOUND(#3319,.T.);
#3321=IFCFACE((#3320));
#3322=IFCCARTESIANPOINT((0.,0.95999999999999674,0.90999999999998815));
#3323=IFCCARTESIANPOINT((0.,0.70999999999999686,0.90999999999998815));
#3324=IFCCARTESIANPOINT((-0.69999999999999851,0.70999999999999919,0.90999999999998815));
#3325=IFCCARTESIANPOINT((-0.69999999999999818,0.95999999999999897,0.90999999999998815));
#3326=IFCPOLYLOOP((#3322,#3323,#3324,#3325));
#3327=IFCFACEOUTERBOUND(#3326,.T.);
#3328=IFCFACE((#3327));
#3329=IFCPOLYLOOP((#3316,#3315,#3322,#3325));
#3330=IFCFACEOUTERBOUND(#3329,.T.);
#3331=IFCFACE((#3330));
#3332=IFCPOLYLOOP((#3317,#3316,#3325,#3324));
#3333=IFCFACEOUTERBOUND(#3332,.T.);
#3334=IFCFACE((#3333));
#3335=IFCPOLYLOOP((#3318,#3317,#3324,#3323));
#3336=IFCFACEOUTERBOUND(#3335,.T.);
#3337=IFCFACE((#3336));
#3338=IFCPOLYLOOP((#3315,#3318,#3323,#3322));
#3339=IFCFACEOUTERBOUND(#3338,.T.);
#3340=IFCFACE((#3339));
#3341=IFCCARTESIANPOINT((0.,0.75999999999999668,0.7639999999999878));
#3342=IFCCARTESIANPOINT((-0.6999999999999984,0.75999999999999901,0.7639999999999878));
#3343=IFCCARTESIANPOINT((-0.69999999999999851,0.70999999999999941,0.7639999999999878));
#3344=IFCCARTESIANPOINT((-0.71999999999999809,0.70999999999999941,0.7639999999999878));
#3345=IFCCARTESIANPOINT((0.,0.30999999999999678,0.7639999999999878));
#3346=IFCPOLYLOOP((#3341,#3342,#3343,#3344,#3345));
#3347=IFCFACEOUTERBOUND(#3346,.T.);
#3348=IFCFACE((#3347));
#3349=IFCCARTESIANPOINT((0.,0.75999999999999668,0.71899999999998776));
#3350=IFCCARTESIANPOINT((0.,0.30999999999999678,0.71899999999998776));
#3351=IFCCARTESIANPOINT((-0.71999999999999809,0.70999999999999941,0.71899999999998776));
#3352=IFCCARTESIANPOINT((-0.69999999999999851,0.70999999999999941,0.71899999999998776));
#3353=IFCCARTESIANPOINT((-0.6999999999999984,0.75999999999999901,0.71899999999998776));
#3354=IFCPOLYLOOP((#3349,#3350,#3351,#3352,#3353));
#3355=IFCFACEOUTERBOUND(#3354,.T.);
#3356=IFCFACE((#3355));
#3357=IFCPOLYLOOP((#3342,#3341,#3349,#3353));
#3358=IFCFACEOUTERBOUND(#3357,.T.);
#3359=IFCFACE((#3358));
#3360=IFCPOLYLOOP((#3345,#3344,#3351,#3350));
#3361=IFCFACEOUTERBOUND(#3360,.T.);
#3362=IFCFACE((#3361));
#3363=IFCPOLYLOOP((#3341,#3345,#3350,#3349));
#3364=IFCFACEOUTERBOUND(#3363,.T.);
#3365=IFCFACE((#3364));
#3366=IFCPOLYLOOP((#3343,#3342,#3353,#3352));
#3367=IFCFACEOUTERBOUND(#3366,.T.);
#3368=IFCFACE((#3367));
#3369=IFCPOLYLOOP((#3344,#3343,#3352,#3351));
#3370=IFCFACEOUTERBOUND(#3369,.T.);
#3371=IFCFACE((#3370));
#3372=IFCCARTESIANPOINT((-0.,-0.,0.57299999999998774));
#3373=IFCCARTESIANPOINT((0.,0.3599999999999976,0.57299999999998774));
#3374=IFCCARTESIANPOINT((-0.69999999999999896,0.76458531523826234,0.57299999999998774));
#3375=IFCCARTESIANPOINT((-0.69999999999999896,0.70999999999999941,0.57299999999998774));
#3376=IFCCARTESIANPOINT((-0.73999999999999788,0.70999999999999941,0.57299999999998774));
#3377=IFCCARTESIANPOINT((-0.33499999999999991,-0.,0.57299999999998774));
#3378=IFCPOLYLOOP((#3372,#3373,#3374,#3375,#3376,#3377));
#3379=IFCFACEOUTERBOUND(#3378,.T.);
#3380=IFCFACE((#3379));
#3381=IFCCARTESIANPOINT((0.,-0.,0.52799999999998781));
#3382=IFCCARTESIANPOINT((-0.33499999999999991,-0.,0.52799999999998781));
#3383=IFCCARTESIANPOINT((-0.73999999999999788,0.70999999999999941,0.52799999999998781));
#3384=IFCCARTESIANPOINT((-0.69999999999999896,0.70999999999999941,0.52799999999998781));
#3385=IFCCARTESIANPOINT((-0.69999999999999896,0.76458531523826234,0.52799999999998781));
#3386=IFCCARTESIANPOINT((0.,0.3599999999999976,0.52799999999998781));
#3387=IFCPOLYLOOP((#3381,#3382,#3383,#3384,#3385,#3386));
#3388=IFCFACEOUTERBOUND(#3387,.T.);
#3389=IFCFACE((#3388));
#3390=IFCPOLYLOOP((#3373,#3372,#3381,#3386));
#3391=IFCFACEOUTERBOUND(#3390,.T.);
#3392=IFCFACE((#3391));
#3393=IFCPOLYLOOP((#3374,#3373,#3386,#3385));
#3394=IFCFACEOUTERBOUND(#3393,.T.);
#3395=IFCFACE((#3394));
#3396=IFCPOLYLOOP((#3377,#3376,#3383,#3382));
#3397=IFCFACEOUTERBOUND(#3396,.T.);
#3398=IFCFACE((#3397));
#3399=IFCPOLYLOOP((#3372,#3377,#3382,#3381));
#3400=IFCFACEOUTERBOUND(#3399,.T.);
#3401=IFCFACE((#3400));
#3402=IFCPOLYLOOP((#3375,#3374,#3385,#3384));
#3403=IFCFACEOUTERBOUND(#3402,.T.);
#3404=IFCFACE((#3403));
#3405=IFCPOLYLOOP((#3376,#3375,#3384,#3383));
#3406=IFCFACEOUTERBOUND(#3405,.T.);
#3407=IFCFACE((#3406));
#3408=IFCCARTESIANPOINT((-0.2649999999999989,-0.,0.38199999999998874));
#3409=IFCCARTESIANPOINT((-0.6999999999999984,0.75499999999999934,0.38199999999998874));
#3410=IFCCARTESIANPOINT((-0.69999999999999851,0.70999999999999941,0.38199999999998874));
#3411=IFCCARTESIANPOINT((-0.73999999999999788,0.70999999999999952,0.38199999999998874));
#3412=IFCCARTESIANPOINT((-0.73999999999999899,-0.,0.38199999999998874));
#3413=IFCPOLYLOOP((#3408,#3409,#3410,#3411,#3412));
#3414=IFCFACEOUTERBOUND(#3413,.T.);
#3415=IFCFACE((#3414));
#3416=IFCCARTESIANPOINT((-0.2649999999999989,-0.,0.33699999999998875));
#3417=IFCCARTESIANPOINT((-0.73999999999999899,-0.,0.33699999999998875));
#3418=IFCCARTESIANPOINT((-0.73999999999999788,0.70999999999999952,0.33699999999998875));
#3419=IFCCARTESIANPOINT((-0.69999999999999851,0.70999999999999941,0.33699999999998875));
#3420=IFCCARTESIANPOINT((-0.6999999999999984,0.75499999999999934,0.33699999999998875));
#3421=IFCPOLYLOOP((#3416,#3417,#3418,#3419,#3420));
#3422=IFCFACEOUTERBOUND(#3421,.T.);
#3423=IFCFACE((#3422));
#3424=IFCPOLYLOOP((#3409,#3408,#3416,#3420));
#3425=IFCFACEOUTERBOUND(#3424,.T.);
#3426=IFCFACE((#3425));
#3427=IFCPOLYLOOP((#3410,#3409,#3420,#3419));
#3428=IFCFACEOUTERBOUND(#3427,.T.);
#3429=IFCFACE((#3428));
#3430=IFCPOLYLOOP((#3411,#3410,#3419,#3418));
#3431=IFCFACEOUTERBOUND(#3430,.T.);
#3432=IFCFACE((#3431));
#3433=IFCPOLYLOOP((#3412,#3411,#3418,#3417));
#3434=IFCFACEOUTERBOUND(#3433,.T.);
#3435=IFCFACE((#3434));
#3436=IFCPOLYLOOP((#3408,#3412,#3417,#3416));
#3437=IFCFACEOUTERBOUND(#3436,.T.);
#3438=IFCFACE((#3437));
#3439=IFCCARTESIANPOINT((-0.68999999999999895,0.,0.14599999999998975));
#3440=IFCCARTESIANPOINT((-0.93999999999999895,-0.,0.14599999999998975));
#3441=IFCCARTESIANPOINT((-0.93999999999999895,0.70999999999999919,0.14599999999998975));
#3442=IFCCARTESIANPOINT((-0.68999999999999895,0.70999999999999919,0.14599999999998975));
#3443=IFCPOLYLOOP((#3439,#3440,#3441,#3442));
#3444=IFCFACEOUTERBOUND(#3443,.T.);
#3445=IFCFACE((#3444));
#3446=IFCCARTESIANPOINT((-0.68999999999999895,0.,0.19099999999998973));
#3447=IFCCARTESIANPOINT((-0.68999999999999895,0.70999999999999919,0.19099999999998973));
#3448=IFCCARTESIANPOINT((-0.93999999999999895,0.70999999999999919,0.19099999999998973));
#3449=IFCCARTESIANPOINT((-0.93999999999999895,0.,0.19099999999998973));
#3450=IFCPOLYLOOP((#3446,#3447,#3448,#3449));
#3451=IFCFACEOUTERBOUND(#3450,.T.);
#3452=IFCFACE((#3451));
#3453=IFCPOLYLOOP((#3447,#3446,#3439,#3442));
#3454=IFCFACEOUTERBOUND(#3453,.T.);
#3455=IFCFACE((#3454));
#3456=IFCPOLYLOOP((#3448,#3447,#3442,#3441));
#3457=IFCFACEOUTERBOUND(#3456,.T.);
#3458=IFCFACE((#3457));
#3459=IFCPOLYLOOP((#3449,#3448,#3441,#3440));
#3460=IFCFACEOUTERBOUND(#3459,.T.);
#3461=IFCFACE((#3460));
#3462=IFCPOLYLOOP((#3446,#3449,#3440,#3439));
#3463=IFCFACEOUTERBOUND(#3462,.T.);
#3464=IFCFACE((#3463));
#3465=IFCCLOSEDSHELL((#2250,#2257,#2260,#2263,#2266,#2269));
#3466=IFCFACETEDBREP(#3465);
#3467=IFCCOLOURRGB($,0.25882352941176473,0.13333333333333333,0.047058823529411764);
#3468=IFCSURFACESTYLERENDERING(#3467,0.,$,$,$,$,IFCNORMALISEDRATIOMEASURE(0.5),IFCSPECULAREXPONENT(64.),.NOTDEFINED.);
#3469=IFCSURFACESTYLE('Madera Nogal',.BOTH.,(#3468));
#3470=IFCPRESENTATIONSTYLEASSIGNMENT((#3469));
#3471=IFCSTYLEDITEM(#3466,(#3470),$);
#3472=IFCCLOSEDSHELL((#2276,#2283,#2286,#2289,#2304,#2313,#2318,#2321,#2324,#2327,#2332,#2335,#2338,#2343,#2346,#2349,#2352,#2355));
#3473=IFCFACETEDBREP(#3472);
#3474=IFCSTYLEDITEM(#3473,(#3470),$);
#3475=IFCCLOSEDSHELL((#2362,#2369,#2372,#2375,#2378,#2381));
#3476=IFCFACETEDBREP(#3475);
#3477=IFCSTYLEDITEM(#3476,(#3470),$);
#3478=IFCCLOSEDSHELL((#2388,#2395,#2398,#2401,#2404,#2407));
#3479=IFCFACETEDBREP(#3478);
#3480=IFCSTYLEDITEM(#3479,(#3470),$);
#3481=IFCCLOSEDSHELL((#2414,#2421,#2424,#2427,#2430,#2433));
#3482=IFCFACETEDBREP(#3481);
#3483=IFCSTYLEDITEM(#3482,(#3470),$);
#3484=IFCCLOSEDSHELL((#2440,#2447,#2450,#2453,#2456,#2459));
#3485=IFCFACETEDBREP(#3484);
#3486=IFCSTYLEDITEM(#3485,(#3470),$);
#3487=IFCCLOSEDSHELL((#2466,#2473,#2476,#2479,#2482,#2485));
#3488=IFCFACETEDBREP(#3487);
#3489=IFCSTYLEDITEM(#3488,(#3470),$);
#3490=IFCCLOSEDSHELL((#2492,#2499,#2502,#2505,#2508,#2511));
#3491=IFCFACETEDBREP(#3490);
#3492=IFCSTYLEDITEM(#3491,(#3470),$);
#3493=IFCCLOSEDSHELL((#2518,#2525,#2528,#2531,#2534,#2537));
#3494=IFCFACETEDBREP(#3493);
#3495=IFCSTYLEDITEM(#3494,(#3470),$);
#3496=IFCCLOSEDSHELL((#2544,#2551,#2554,#2557,#2560,#2563));
#3497=IFCFACETEDBREP(#3496);
#3498=IFCSTYLEDITEM(#3497,(#3470),$);
#3499=IFCCLOSEDSHELL((#2570,#2577,#2580,#2583,#2586,#2589));
#3500=IFCFACETEDBREP(#3499);
#3501=IFCSTYLEDITEM(#3500,(#3470),$);
#3502=IFCCLOSEDSHELL((#2596,#2603,#2606,#2609,#2612,#2615));
#3503=IFCFACETEDBREP(#3502);
#3504=IFCSTYLEDITEM(#3503,(#3470),$);
#3505=IFCCLOSEDSHELL((#2622,#2629,#2632,#2635,#2638,#2641));
#3506=IFCFACETEDBREP(#3505);
#3507=IFCSTYLEDITEM(#3506,(#3470),$);
#3508=IFCCLOSEDSHELL((#2648,#2655,#2658,#2661,#2664,#2667));
#3509=IFCFACETEDBREP(#3508);
#3510=IFCSTYLEDITEM(#3509,(#3470),$);
#3511=IFCCLOSEDSHELL((#2674,#2681,#2684,#2687,#2690,#2693));
#3512=IFCFACETEDBREP(#3511);
#3513=IFCSTYLEDITEM(#3512,(#3470),$);
#3514=IFCCLOSEDSHELL((#2700,#2707,#2710,#2713,#2716,#2719));
#3515=IFCFACETEDBREP(#3514);
#3516=IFCSTYLEDITEM(#3515,(#3470),$);
#3517=IFCCLOSEDSHELL((#2726,#2733,#2736,#2739,#2742,#2745));
#3518=IFCFACETEDBREP(#3517);
#3519=IFCSTYLEDITEM(#3518,(#3470),$);
#3520=IFCCLOSEDSHELL((#2752,#2759,#2762,#2765,#2768,#2771));
#3521=IFCFACETEDBREP(#3520);
#3522=IFCSTYLEDITEM(#3521,(#3470),$);
#3523=IFCCLOSEDSHELL((#2778,#2785,#2788,#2791,#2794,#2797));
#3524=IFCFACETEDBREP(#3523);
#3525=IFCSTYLEDITEM(#3524,(#3470),$);
#3526=IFCCLOSEDSHELL((#2804,#2811,#2814,#2817,#2820,#2823));
#3527=IFCFACETEDBREP(#3526);
#3528=IFCSTYLEDITEM(#3527,(#3470),$);
#3529=IFCCLOSEDSHELL((#2830,#2836,#2839,#2842,#2845,#2848));
#3530=IFCFACETEDBREP(#3529);
#3531=IFCSTYLEDITEM(#3530,(#3470),$);
#3532=IFCCLOSEDSHELL((#2855,#2862,#2865,#2868,#2871,#2874));
#3533=IFCFACETEDBREP(#3532);
#3534=IFCSTYLEDITEM(#3533,(#3470),$);
#3535=IFCCLOSEDSHELL((#2881,#2888,#2891,#2894,#2897,#2900));
#3536=IFCFACETEDBREP(#3535);
#3537=IFCSTYLEDITEM(#3536,(#3470),$);
#3538=IFCCLOSEDSHELL((#2925,#2950,#2953,#2956,#2959,#2962,#2965,#2968,#2971,#2974,#2977,#2980,#2983,#2986,#2989,#2992,#2995,#2998,#3001,#3004,#3007,#3010,#3013,#3016));
#3539=IFCFACETEDBREP(#3538);
#3540=IFCSTYLEDITEM(#3539,(#3470),$);
#3541=IFCCLOSEDSHELL((#3041,#3066,#3069,#3072,#3075,#3078,#3081,#3084,#3087,#3090,#3093,#3096,#3099,#3102,#3105,#3108,#3111,#3114,#3117,#3120,#3123,#3126,#3129,#3132));
#3542=IFCFACETEDBREP(#3541);
#3543=IFCSTYLEDITEM(#3542,(#3470),$);
#3544=IFCCLOSEDSHELL((#3139,#3146,#3149,#3152,#3155,#3158));
#3545=IFCFACETEDBREP(#3544);
#3546=IFCSTYLEDITEM(#3545,(#3470),$);
#3547=IFCCLOSEDSHELL((#3165,#3172,#3175,#3178,#3181,#3184));
#3548=IFCFACETEDBREP(#3547);
#3549=IFCSTYLEDITEM(#3548,(#3470),$);
#3550=IFCCLOSEDSHELL((#3191,#3198,#3201,#3204,#3207,#3210));
#3551=IFCFACETEDBREP(#3550);
#3552=IFCSTYLEDITEM(#3551,(#3470),$);
#3553=IFCCLOSEDSHELL((#3217,#3224,#3227,#3230,#3233,#3236));
#3554=IFCFACETEDBREP(#3553);
#3555=IFCSTYLEDITEM(#3554,(#3470),$);
#3556=IFCCLOSEDSHELL((#3243,#3250,#3253,#3256,#3259,#3262));
#3557=IFCFACETEDBREP(#3556);
#3558=IFCSTYLEDITEM(#3557,(#3470),$);
#3559=IFCCLOSEDSHELL((#3269,#3276,#3279,#3282,#3285,#3288));
#3560=IFCFACETEDBREP(#3559);
#3561=IFCSTYLEDITEM(#3560,(#3470),$);
#3562=IFCCLOSEDSHELL((#3295,#3302,#3305,#3308,#3311,#3314));
#3563=IFCFACETEDBREP(#3562);
#3564=IFCSTYLEDITEM(#3563,(#3470),$);
#3565=IFCCLOSEDSHELL((#3321,#3328,#3331,#3334,#3337,#3340));
#3566=IFCFACETEDBREP(#3565);
#3567=IFCSTYLEDITEM(#3566,(#3470),$);
#3568=IFCCLOSEDSHELL((#3348,#3356,#3359,#3362,#3365,#3368,#3371));
#3569=IFCFACETEDBREP(#3568);
#3570=IFCSTYLEDITEM(#3569,(#3470),$);
#3571=IFCCLOSEDSHELL((#3380,#3389,#3392,#3395,#3398,#3401,#3404,#3407));
#3572=IFCFACETEDBREP(#3571);
#3573=IFCSTYLEDITEM(#3572,(#3470),$);
#3574=IFCCLOSEDSHELL((#3415,#3423,#3426,#3429,#3432,#3435,#3438));
#3575=IFCFACETEDBREP(#3574);
#3576=IFCSTYLEDITEM(#3575,(#3470),$);
#3577=IFCCLOSEDSHELL((#3445,#3452,#3455,#3458,#3461,#3464));
#3578=IFCFACETEDBREP(#3577);
#3579=IFCSTYLEDITEM(#3578,(#3470),$);
#3580=IFCSHAPEREPRESENTATION(#26,'Body','Brep',(#3466,#3473,#3476,#3479,#3482,#3485,#3488,#3491,#3494,#3497,#3500,#3503,#3506,#3509,#3512,#3515,#3518,#3521,#3524,#3527,#3530,#3533,#3536,#3539,#3542,#3545,#3548,#3551,#3554,#3557,#3560,#3563,#3566,#3569,#3572,#3575,#3578));
#3581=IFCAXIS2PLACEMENT3D(#3,$,$);
#3582=IFCREPRESENTATIONMAP(#3581,#3580);
#3583=IFCBUILDINGELEMENTPROXYTYPE('0i4ixs_qz3rfJKp3nH4gFh',#18,'IA41 - Escalera:IA41 - Escalera',$,$,(#3631,#3632,#3633,#3634,#3635),(#3582),'156704',$,.NOTDEFINED.);
#3584=IFCMATERIAL('Madera Nogal');
#3585=IFCPRESENTATIONSTYLEASSIGNMENT((#3469));
#3586=IFCSTYLEDITEM($,(#3585),$);
#3587=IFCSTYLEDREPRESENTATION(#24,'Style','Material',(#3586));
#3588=IFCMATERIALDEFINITIONREPRESENTATION($,$,(#3587),#3584);
#3589=IFCMAPPEDITEM(#3582,#1718);
#3590=IFCSHAPEREPRESENTATION(#26,'Body','MappedRepresentation',(#3589));
#3591=IFCPRODUCTDEFINITIONSHAPE($,$,(#3590));
#3592=IFCCARTESIANPOINT((4.0717997725589123,1.3499999999985151,0.));
#3593=IFCAXIS2PLACEMENT3D(#3592,$,$);
#3594=IFCLOCALPLACEMENT(#36,#3593);
#3595=IFCBUILDINGELEMENTPROXY('0i4ixs_qz3rfJKp3nH4gGY',#18,'IA41 - Escalera:IA41 - Escalera:156649',$,'IA41 - Escalera:IA41 - Escalera',#3594,#3591,'156649',$);
#3596=IFCPROPERTYSINGLEVALUE('Reference',$,IFCIDENTIFIER('IA41 - Escalera'),$);
#3597=IFCPROPERTYSET('025ILCXWxu$MjhJEQeLt5A',#18,'Pset_BuildingElementProxyCommon',$,(#3596));
#3598=IFCPROPERTYSET('2Kv92dmwnHpX1l3lzVN7dI',#18,'Pset_QuantityTakeOff',$,(#3596));
#3599=IFCRELDEFINESBYPROPERTIES('10uEABGexZVA5eIF1DorLb',#18,$,$,(#3595),#3597);
#3600=IFCRELDEFINESBYPROPERTIES('0hSCyp8amAm0iqdbNcvrkM',#18,$,$,(#3595),#3598);
#3601=IFCPROPERTYSINGLEVALUE('Categor\X\EDa',$,IFCLABEL('Modelos gen\X\E9ricos'),$);
#3602=IFCPROPERTYSINGLEVALUE('Familia',$,IFCLABEL('IA41 - Escalera'),$);
#3603=IFCPROPERTYSINGLEVALUE('Familia y tipo',$,IFCLABEL('IA41 - Escalera: IA41 - Escalera'),$);
#3604=IFCPROPERTYSINGLEVALUE('ID de tipo',$,IFCLABEL('156704'),$);
#3605=IFCPROPERTYSINGLEVALUE('Tipo',$,IFCLABEL('IA41 - Escalera'),$);
#3606=IFCPROPERTYSINGLEVALUE('Anfitri\X\F3n',$,IFCTEXT('Nivel : Nivel 1'),$);
#3607=IFCPROPERTYSINGLEVALUE('Desfase desde el anfitri\X\F3n',$,IFCLENGTHMEASURE(0.),$);
#3608=IFCPROPERTYSINGLEVALUE('Elevaci\X\F3n desde el nivel',$,IFCLENGTHMEASURE(0.),$);
#3609=IFCPROPERTYSINGLEVALUE('Se mueve con elementos cercanos',$,IFCBOOLEAN(.F.),$);
#3610=IFCPROPERTYSINGLEVALUE('Altura ultima contrahuella',$,IFCLENGTHMEASURE(0.15000000000000002),$);
#3611=IFCPROPERTYSINGLEVALUE('\X\C1rea',$,IFCAREAMEASURE(6.5299325886372834),$);
#3612=IFCPROPERTYSINGLEVALUE('Distancia ultima contrahuella',$,IFCLENGTHMEASURE(0.),$);
#3613=IFCPROPERTYSINGLEVALUE('Holgura superior',$,IFCLENGTHMEASURE(0.068000000000022515),$);
#3614=IFCPROPERTYSINGLEVALUE('Volumen',$,IFCVOLUMEMEASURE(0.20777212081341861),$);
#3615=IFCPROPERTYSINGLEVALUE('4D_Partida_Macro',$,IFCTEXT('Escalera'),$);
#3616=IFCPROPERTYSINGLEVALUE('Nariz superior',$,IFCBOOLEAN(.T.),$);
#3617=IFCPROPERTYSINGLEVALUE('Nombre de familia',$,IFCTEXT('IA41 - Escalera'),$);
#3618=IFCPROPERTYSINGLEVALUE('Elevaci\X\F3n por defecto',$,IFCLENGTHMEASURE(0.),$);
#3619=IFCPROPERTYSINGLEVALUE('Alto escalera',$,IFCLENGTHMEASURE(2.48),$);
#3620=IFCPROPERTYSINGLEVALUE('Ancho camino escala',$,IFCLENGTHMEASURE(0.70000000000000007),$);
#3621=IFCPROPERTYSINGLEVALUE('Distancia a limones',$,IFCLENGTHMEASURE(0.054999999999999952),$);
#3622=IFCPROPERTYSINGLEVALUE('Espesor 1',$,IFCLENGTHMEASURE(0.044999999999999998),$);
#3623=IFCPROPERTYSINGLEVALUE('Largo escalera',$,IFCLENGTHMEASURE(2.6299999999999999),$);
#3624=IFCPROPERTYSINGLEVALUE('Nombre de tipo',$,IFCTEXT('IA41 - Escalera'),$);
#3625=IFCPROPERTYSINGLEVALUE('SB_MAT_Material1',$,IFCLABEL('Madera Nogal'),$);
#3626=IFCPROPERTYSET('14gtieYwJ7FkjtbEvuRY96',#18,'Otros',$,(#3601,#3602,#3603,#3604,#3605));
#3627=IFCPROPERTYSET('2nr2GeLU_ekFFhGwTSo2Ny',#18,'Restricciones',$,(#349,#3606,#3607,#3608,#3609));
#3628=IFCPROPERTYSET('01gaa87yl4oLWgioVFa$C1',#18,'Cotas',$,(#3610,#3611,#3612,#3613,#3614));
#3629=IFCPROPERTYSET('1gQHs0$WHnJYDCngjRyXDx',#18,'Proceso por fases',$,(#129));
#3630=IFCPROPERTYSET('3dx6dHHaLeWPJhQk0hbUqB',#18,'Texto',$,(#3615));
#3631=IFCPROPERTYSET('37MayqIsYtFYWj_AgGOGIw',#18,'Otros',$,(#3601,#3616,#3617));
#3632=IFCPROPERTYSET('38VUcaOPl0uvmjrspfvw53',#18,'Restricciones',$,(#3618));
#3633=IFCPROPERTYSET('2$6CSw1pTjxwnmN7goj7RI',#18,'Cotas',$,(#3619,#3620,#3621,#3622,#3623));
#3634=IFCPROPERTYSET('0Z434MLyyRU9TQahaYLMXS',#18,'Datos de identidad',$,(#3624));
#3635=IFCPROPERTYSET('0SLkjxyCogtlJJvZhNyXZ8',#18,'Materiales y acabados',$,(#3625));
#3636=IFCCARTESIANPOINT((3.2517997725443371,3.070899999998848,0.));
#3637=IFCAXIS2PLACEMENT3D(#3636,#9,#8);
#3638=IFCLOCALPLACEMENT(#40,#3637);
#3639=IFCCARTESIANPOINT((1.720900000000336,0.));
#3640=IFCPOLYLINE((#4,#3639));
#3641=IFCSHAPEREPRESENTATION(#25,'Axis','Curve2D',(#3640));
#3642=IFCPRODUCTDEFINITIONSHAPE($,$,(#3641,#3649));
#3643=IFCCARTESIANPOINT((0.86045000000016802,0.));
#3644=IFCAXIS2PLACEMENT2D(#3643,#12);
#3645=IFCRECTANGLEPROFILEDEF(.AREA.,$,#3644,1.720900000000336,0.060000000000000435);
#3646=IFCAXIS2PLACEMENT3D(#3,$,$);
#3647=IFCEXTRUDEDAREASOLID(#3645,#3646,#9,2.2999999999999989);
#3648=IFCSTYLEDITEM(#3647,(#68),$);
#3649=IFCSHAPEREPRESENTATION(#26,'Body','SweptSolid',(#3647));
#3650=IFCWALLSTANDARDCASE('0i4ixs_qz3rfJKp3nH4gi9',#18,'Muro b\X\E1sico:60mm:158914',$,'Muro b\X\E1sico:60mm',#3638,#3642,'158914');
#3651=IFCQUANTITYLENGTH('Height',$,$,2.2999999999999989);
#3652=IFCQUANTITYLENGTH('Length',$,$,1.720900000000336);
#3653=IFCQUANTITYLENGTH('Width',$,$,0.059999999999999998);
#3654=IFCQUANTITYAREA('GrossFootprintArea',$,$,0.1032540000000209);
#3655=IFCQUANTITYVOLUME('GrossVolume',$,$,0.23748420000004636);
#3656=IFCQUANTITYAREA('GrossSideArea',$,$,3.9580700000007725);
#3657=IFCQUANTITYAREA('NetSideArea',$,$,3.958070000000772);
#3658=IFCQUANTITYVOLUME('NetVolume',$,$,0.23748420000004122);
#3659=IFCELEMENTQUANTITY('0fVzfb2u5wOcp69pwVVQ7l',#18,'BaseQuantities',$,$,(#3651,#3652,#3653,#3654,#3655,#3656,#3657,#3658));
#3660=IFCRELDEFINESBYPROPERTIES('2OripDd1C65Ub3pmdGTcSa',#18,$,$,(#3650),#3659);
#3661=IFCMATERIALLAYERSETUSAGE(#1304,.AXIS2.,.NEGATIVE.,0.029999999999999999);
#3662=IFCPROPERTYSET('1wbLpU6WlvatDjyUyhVfbT',#18,'Pset_QuantityTakeOff',$,(#1307));
#3663=IFCPROPERTYSINGLEVALUE('Reference',$,IFCLABEL('60mm'),$);
#3664=IFCPROPERTYSET('21zSz7AwpaEV2hYg51BiQ$',#18,'Pset_ReinforcementBarPitchOfWall',$,(#3663));
#3665=IFCPROPERTYSET('1vsgRqDPTMN5KgZwnRqdJ8',#18,'Pset_WallCommon',$,(#95,#96,#97,#1307));
#3666=IFCPROPERTYSINGLEVALUE('Montaje de muro',$,IFCLABEL('60mm'),$);
#3667=IFCPROPERTYSINGLEVALUE('Longitud - Centro a centro',$,IFCLENGTHMEASURE(1.8159000000003229),$);
#3668=IFCPROPERTYSINGLEVALUE('Anchura',$,IFCLENGTHMEASURE(0.059999999999999998),$);
#3669=IFCPROPERTYSINGLEVALUE('\X\C1rea',$,IFCAREAMEASURE(3.958070000000772),$);
#3670=IFCPROPERTYSINGLEVALUE('Volumen',$,IFCVOLUMEMEASURE(0.23748420000004122),$);
#3671=IFCPROPERTYSET('3u2PMvC3hDnIB52$yrH9Xc',#18,'Cantidades de muro por montaje',$,(#3666,#3667,#3668,#3669,#3670));
#3672=IFCRELDEFINESBYPROPERTIES('2xrp_j3iFlvrkgDwLCf$I3',#18,$,$,(#3650),#3662);
#3673=IFCRELDEFINESBYPROPERTIES('3zBFoTyoAmZFt_YoYtfXxy',#18,$,$,(#3650),#3664);
#3674=IFCRELDEFINESBYPROPERTIES('2FEFNCk85MeTB$douWuTPP',#18,$,$,(#3650),#3665);
#3675=IFCRELDEFINESBYPROPERTIES('09cWBaLb5FEsceSJdbrRUR',#18,$,$,(#3650),#3671);
#3676=IFCPROPERTYSINGLEVALUE('Altura desconectada',$,IFCLENGTHMEASURE(2.2999999999999998),$);
#3677=IFCPROPERTYSINGLEVALUE('\X\C1rea',$,IFCAREAMEASURE(3.958070000000772),$);
#3678=IFCPROPERTYSINGLEVALUE('Longitud',$,IFCLENGTHMEASURE(1.8159000000003229),$);
#3679=IFCPROPERTYSINGLEVALUE('Volumen',$,IFCVOLUMEMEASURE(0.23748420000004122),$);
#3680=IFCPROPERTYSET('0jzBxNfAVBlUioNPKhgCQK',#18,'Otros',$,(#109,#110,#1322,#1323,#1324));
#3681=IFCPROPERTYSET('0Gp_MuycEehVCs4LgrJmJe',#18,'Restricciones',$,(#115,#116,#117,#118,#119,#120,#121,#123,#558,#1018,#3676));
#3682=IFCPROPERTYSET('268ahJFeMf$CUDpW$KTEoi',#18,'Cotas',$,(#3677,#3678,#3679));
#3683=IFCPROPERTYSET('0cRL7HpyF4af72kqAArUQE',#18,'Proceso por fases',$,(#129));
#3684=IFCPROPERTYSET('0YwU4UzSvVrBZUKD3ey0oc',#18,'Estructura',$,(#130,#131));
#3685=IFCPROPERTYSET('3dN5oq7WEQ1DbO3rtJX5Zm',#18,'Definici\X\F3n de secci\X\F3n transversal',$,(#132));
#3686=IFCMAPPEDITEM(#1703,#1718);
#3687=IFCSHAPEREPRESENTATION(#26,'Body','MappedRepresentation',(#3686));
#3688=IFCPRODUCTDEFINITIONSHAPE($,$,(#3687));
#3689=IFCCARTESIANPOINT((3.111280324780767,3.1308999999986487,0.));
#3690=IFCAXIS2PLACEMENT3D(#3689,#9,#6);
#3692=IFCDOOR('0i4ixs_qz3rfJKp3nH4giN',#18,'Simple-A ras:0762 x 2032mm:158940',$,'Simple-A ras:0762 x 2032mm',#4814,#3688,'158940',1.9999999999999996,0.73999999999999966);
#3693=IFCPROPERTYSET('1K5m0I8SyE0XERf_nlobNy',#18,'Pset_DoorCommon',$,(#709,#1727));
#3694=IFCPROPERTYSET('0FdPTgsTrCQ1igqRRCB2Ws',#18,'Pset_QuantityTakeOff',$,(#709));
#3695=IFCPROPERTYSINGLEVALUE('Descripci\X\F3n de puerta',$,IFCLABEL('Simple-A ras'),$);
#3696=IFCPROPERTYSINGLEVALUE('Tipo',$,IFCLABEL('0762 x 2032mm'),$);
#3697=IFCPROPERTYSINGLEVALUE('Anchura',$,IFCLENGTHMEASURE(0.73999999999999988),$);
#3698=IFCPROPERTYSINGLEVALUE('Altura',$,IFCLENGTHMEASURE(1.9999999999999998),$);
#3699=IFCPROPERTYSINGLEVALUE('Grosor',$,IFCLENGTHMEASURE(0.050999999999999997),$);
#3700=IFCPROPERTYSINGLEVALUE('Tipo de puerta',$,IFCTEXT('26'),$);
#3701=IFCPROPERTYSET('1h2qdGiTr6zrsGWe7oNx2L',#18,'Cantidades de puertas',$,(#3695,#3696,#3697,#3698,#3699,#3700));
#3702=IFCRELDEFINESBYPROPERTIES('01tm49lGjn9Jm51Tz4wsJH',#18,$,$,(#3692),#3693);
#3703=IFCRELDEFINESBYPROPERTIES('2c6ZMLCIjTuIgr5i_0K$qL',#18,$,$,(#3692),#3694);
#3704=IFCRELDEFINESBYPROPERTIES('3lfxugxSQOEC$xkQnnpUCe',#18,$,$,(#3692),#3701);
#3705=IFCQUANTITYLENGTH('Height','',$,1.9999999999999998);
#3706=IFCQUANTITYLENGTH('Width','',$,0.73999999999999988);
#3707=IFCQUANTITYAREA('Area','',$,1.4799999999999998);
#3708=IFCELEMENTQUANTITY('078mIkrsRUd1vVsUXlGgGG',#18,'BaseQuantities',$,$,(#3705,#3706,#3707));
#3709=IFCRELDEFINESBYPROPERTIES('1xcd8r5_0j5CjLWhoGmMtU',#18,$,$,(#3692),#3708);
#3710=IFCPROPERTYSINGLEVALUE('Altura de extremo inicial',$,IFCLENGTHMEASURE(1.9999999999999998),$);
#3711=IFCPROPERTYSINGLEVALUE('ID de anfitri\X\F3n',$,IFCLABEL('155225'),$);
#3712=IFCPROPERTYSINGLEVALUE('\X\C1rea',$,IFCAREAMEASURE(2.6117239999999784),$);
#3713=IFCPROPERTYSINGLEVALUE('Volumen',$,IFCVOLUMEMEASURE(0.094069599999999434),$);
#3714=IFCPROPERTYSINGLEVALUE('Marca',$,IFCTEXT('3'),$);
#3715=IFCPROPERTYSET('1Z9A7qoqzvuO20aEGqHgsJ',#18,'Otros',$,(#342,#343,#737,#739,#740,#3710,#3711));
#3716=IFCPROPERTYSET('2D5SHHgcAoo1cKyDNLG_89',#18,'Restricciones',$,(#348,#1747));
#3717=IFCPROPERTYSET('3Q9P$w5AxKiHOnloRl3Cwh',#18,'Cotas',$,(#3712,#3713));
#3718=IFCPROPERTYSET('2$o2R__D8ghwANVLYkzoob',#18,'Datos de identidad',$,(#3714));
#3719=IFCPROPERTYSET('2AU_CMzfxCkB4svLDjiQth',#18,'Proceso por fases',$,(#129));
#3720=IFCAXIS2PLACEMENT3D(#3,$,$);
#3721=IFCLOCALPLACEMENT(#40,#3720);
#3722=IFCCARTESIANPOINT((-2.9745750000000233,-2.5798498294191878));
#3723=IFCCARTESIANPOINT((3.9737250000036211,-2.5798498294191878));
#3724=IFCCARTESIANPOINT((3.9737250000036211,1.4369499431466846));
#3725=IFCCARTESIANPOINT((0.68042499999819284,1.4369499431466846));
#3726=IFCCARTESIANPOINT((0.68042499999819284,0.64694994313206777));
#3727=IFCCARTESIANPOINT((-1.6795750000017904,0.64694994313206777));
#3728=IFCCARTESIANPOINT((-1.6795750000017904,0.49594994314043583));
#3729=IFCCARTESIANPOINT((-2.9745750000000233,0.49594994314043583));
#3730=IFCPOLYLINE((#3722,#3723,#3724,#3725,#3726,#3727,#3728,#3729,#3722));
#3731=IFCARBITRARYCLOSEDPROFILEDEF(.AREA.,$,#3730);
#3732=IFCCARTESIANPOINT((2.6348498294122278,3.0295750000003054,0.));
#3733=IFCAXIS2PLACEMENT3D(#3732,#10,#7);
#3734=IFCEXTRUDEDAREASOLID(#3731,#3733,#9,0.15000000000000002);
#3735=IFCCOLOURRGB($,0.75294117647058822,0.75294117647058822,0.75294117647058822);
#3736=IFCSURFACESTYLERENDERING(#3735,0.,$,$,$,$,IFCNORMALISEDRATIOMEASURE(0.5),IFCSPECULAREXPONENT(128.),.NOTDEFINED.);
#3737=IFCSURFACESTYLE('Hormig\X\F3n, moldeado in situ',.BOTH.,(#3736));
#3738=IFCPRESENTATIONSTYLEASSIGNMENT((#3737));
#3739=IFCSTYLEDITEM(#3734,(#3738),$);
#3740=IFCSHAPEREPRESENTATION(#26,'Body','SweptSolid',(#3734));
#3741=IFCPRODUCTDEFINITIONSHAPE($,$,(#3740));
#3742=IFCSLAB('0i4ixs_qz3rfJKp3nH4ggs',#18,'Suelo:Hormig\X\F3n-362 mm comercial:159101',$,'Suelo:Hormig\X\F3n-362 mm comercial',#3721,#3741,'159101',.FLOOR.);
#3743=IFCSLABTYPE('3kSL0VGKv3gxJCujeqtueU',#18,'Suelo:Hormig\X\F3n-362 mm comercial',$,$,(#3802,#3803,#3804,#3805,#3806,#3807,#3809),$,'1244',$,.FLOOR.);
#3744=IFCMATERIAL('Hormig\X\F3n, moldeado in situ');
#3745=IFCPRESENTATIONSTYLEASSIGNMENT((#3737));
#3746=IFCSTYLEDITEM($,(#3745),$);
#3747=IFCSTYLEDREPRESENTATION(#24,'Style','Material',(#3746));
#3748=IFCMATERIALDEFINITIONREPRESENTATION($,$,(#3747),#3744);
#3749=IFCMATERIALLAYER(#3744,0.14999999999999997,$);
#3750=IFCMATERIALLAYERSET((#3749),'Suelo:Hormig\X\F3n-362 mm comercial');
#3751=IFCMATERIALLAYERSETUSAGE(#3750,.AXIS3.,.POSITIVE.,0.);
#3752=IFCPROPERTYSINGLEVALUE('Reference',$,IFCIDENTIFIER('Hormig\X\F3n-362 mm comercial'),$);
#3753=IFCPROPERTYSET('0kfwhNvKgHeYhshXKRy49S',#18,'Pset_QuantityTakeOff',$,(#3752));
#3754=IFCPROPERTYSINGLEVALUE('Reference',$,IFCLABEL('Hormig\X\F3n-362 mm comercial'),$);
#3755=IFCPROPERTYSET('19kjb0NEopncRApKD2FHnY',#18,'Pset_ReinforcementBarPitchOfSlab',$,(#3754));
#3756=IFCPROPERTYSINGLEVALUE('PitchAngle',$,IFCPLANEANGLEMEASURE(0.),$);
#3757=IFCPROPERTYSET('2YX_IwG2pnakYJJbkQlQpS',#18,'Pset_SlabCommon',$,(#97,#1727,#3752,#3756));
#3758=IFCPROPERTYSINGLEVALUE('Montaje de suelo',$,IFCLABEL('Hormig\X\F3n-362 mm comercial'),$);
#3759=IFCPROPERTYSINGLEVALUE('\X\C1rea (definida por modelador)',$,IFCAREAMEASURE(24.826934859693182),$);
#3760=IFCPROPERTYSET('36s5WZWMahO49Bk1gI9iXV',#18,'Cantidades de suelo por montaje',$,(#3758,#3759));
#3761=IFCRELDEFINESBYPROPERTIES('2yOogv66aE14CXgdOntDVc',#18,$,$,(#3742),#3753);
#3762=IFCRELDEFINESBYPROPERTIES('0Moex5IuXzQQjebLuscTHV',#18,$,$,(#3742),#3755);
#3763=IFCRELDEFINESBYPROPERTIES('0KfFCj$x2Pa07Lzg0Ir09M',#18,$,$,(#3742),#3757);
#3764=IFCRELDEFINESBYPROPERTIES('2NDxUAlhUBJm7nZiXWOwPu',#18,$,$,(#3742),#3760);
#3765=IFCQUANTITYLENGTH('Perimeter','',$,21.930199545139033);
#3766=IFCQUANTITYAREA('GrossArea','',$,24.826934859693175);
#3767=IFCQUANTITYAREA('NetArea','',$,24.826934859693182);
#3768=IFCQUANTITYVOLUME('GrossVolume','',$,3.7240402289539776);
#3769=IFCQUANTITYVOLUME('NetVolume','',$,3.7240402289539776);
#3770=IFCELEMENTQUANTITY('30HJJ2kSTwvE_CdjtZ9SgU',#18,'BaseQuantities',$,$,(#3765,#3766,#3767,#3768,#3769));
#3771=IFCRELDEFINESBYPROPERTIES('112AH6BRXXZaCllu$4wFf2',#18,$,$,(#3742),#3770);
#3772=IFCPROPERTYSINGLEVALUE('Categor\X\EDa',$,IFCLABEL('Suelos'),$);
#3773=IFCPROPERTYSINGLEVALUE('Familia',$,IFCLABEL('Suelo'),$);
#3774=IFCPROPERTYSINGLEVALUE('Familia y tipo',$,IFCLABEL('Suelo: Hormig\X\F3n-362 mm comercial'),$);
#3775=IFCPROPERTYSINGLEVALUE('ID de tipo',$,IFCLABEL('1244'),$);
#3776=IFCPROPERTYSINGLEVALUE('Tipo',$,IFCLABEL('Hormig\X\F3n-362 mm comercial'),$);
#3777=IFCPROPERTYSINGLEVALUE('Desfase de altura desde nivel',$,IFCLENGTHMEASURE(0.),$);
#3778=IFCPROPERTYSINGLEVALUE('\X\C1rea',$,IFCAREAMEASURE(24.826934859693182),$);
#3779=IFCPROPERTYSINGLEVALUE('Elevaci\X\F3n en parte inferior',$,IFCLENGTHMEASURE(2.2919999999999878),$);
#3780=IFCPROPERTYSINGLEVALUE('Elevaci\X\F3n en parte inferior de n\X\FAcleo',$,IFCLENGTHMEASURE(2.2919999999999878),$);
#3781=IFCPROPERTYSINGLEVALUE('Elevaci\X\F3n en parte superior',$,IFCLENGTHMEASURE(2.4419999999999877),$);
#3782=IFCPROPERTYSINGLEVALUE('Elevaci\X\F3n en parte superior de n\X\FAcleo',$,IFCLENGTHMEASURE(2.4419999999999877),$);
#3783=IFCPROPERTYSINGLEVALUE('Grosor',$,IFCLENGTHMEASURE(0.14999999999999997),$);
#3784=IFCPROPERTYSINGLEVALUE('Per\X\EDmetro',$,IFCLENGTHMEASURE(21.930199545139033),$);
#3785=IFCPROPERTYSINGLEVALUE('Volumen',$,IFCVOLUMEMEASURE(3.7240402289539776),$);
#3786=IFCPROPERTYSINGLEVALUE('Tiene asociaci\X\F3n',$,IFCBOOLEAN(.F.),$);
#3787=IFCPROPERTYSINGLEVALUE('Nombre de familia',$,IFCTEXT('Suelo'),$);
#3788=IFCPROPERTYSINGLEVALUE('Grosor predeterminado',$,IFCLENGTHMEASURE(0.14999999999999997),$);
#3789=IFCPROPERTYSINGLEVALUE('Nombre de tipo',$,IFCTEXT('Hormig\X\F3n-362 mm comercial'),$);
#3790=IFCPROPERTYSINGLEVALUE('Material estructural',$,IFCLABEL('Hormig\X\F3n, moldeado in situ'),$);
#3791=IFCPROPERTYSINGLEVALUE('Coeficiente de transferencia de calor (U)',$,IFCTHERMALTRANSMITTANCEMEASURE(6.9733333333333345),$);
#3792=IFCDERIVEDUNITELEMENT(#373,-2);
#3793=IFCDERIVEDUNIT((#370,#372,#3792),.USERDEFINED.,'Heat Capacity Per Area');
#3794=IFCPROPERTYSINGLEVALUE('Masa t\X\E9rmica',$,IFCREAL(226664.99999999991),#3793);
#3795=IFCPROPERTYSINGLEVALUE('Resistencia t\X\E9rmica (R)',$,IFCTHERMALRESISTANCEMEASURE(0.14340344168260036),$);
#3796=IFCPROPERTYSET('35duTXKIV5WiI5CzwWY03p',#18,'Otros',$,(#3772,#3773,#3774,#3775,#3776));
#3797=IFCPROPERTYSET('2bDrZFrOYuUw0tcBtScz8x',#18,'Restricciones',$,(#115,#123,#1747,#3777));
#3798=IFCPROPERTYSET('1CauUljekKSJ9eKoqkNGLh',#18,'Cotas',$,(#3778,#3779,#3780,#3781,#3782,#3783,#3784,#3785));
#3799=IFCPROPERTYSET('1ufgCzDH5ImDgG_YJdBTsN',#18,'Datos de identidad',$,(#3786));
#3800=IFCPROPERTYSET('2n8kRUcQL6SAK6IWFe_H6r',#18,'Proceso por fases',$,(#129));
#3801=IFCPROPERTYSET('076Smk03hk1cbr0i2SWHSd',#18,'Estructura',$,(#130));
#3802=IFCPROPERTYSET('0Ej5U4Ya3is2OCCtlB23pN',#18,'Otros',$,(#3772,#3787));
#3803=IFCPROPERTYSET('25NA6kUkw4QT7AdDed6k6U',#18,'Construcci\X\F3n',$,(#355,#3788));
#3804=IFCPROPERTYSET('2ZvQ$dJ8nDuQR97MpqLBSG',#18,'Gr\X\E1ficos',$,(#138));
#3805=IFCPROPERTYSET('0s_1eJ5whUsgHl9_AJgzRV',#18,'Datos de identidad',$,(#3789));
#3806=IFCPROPERTYSET('1ViPl6xA8zosF0u68uPUvd',#18,'Materiales y acabados',$,(#3790));
#3807=IFCPROPERTYSET('1gx677DNhgl2WD4TnNxxvF',#18,'Propiedades anal\X\EDticas',$,(#140,#141,#3791,#3794,#3795));
#3808=IFCPROPERTYSINGLEVALUE('ThermalTransmittance',$,IFCTHERMALTRANSMITTANCEMEASURE(6.9733333333333345),$);
#3809=IFCPROPERTYSET('2DlVhTYPd6qwvlbUDSR70Z',#18,'Pset_SlabCommon',$,(#3808));
#3810=IFCAXIS2PLACEMENT3D(#3,$,$);
#3811=IFCLOCALPLACEMENT(#36,#3810);
#3812=IFCCARTESIANPOINT((-2.8344333333339624,-2.5375331817085054));
#3813=IFCCARTESIANPOINT((4.3738666666696924,-2.5375331817085054));
#3814=IFCCARTESIANPOINT((4.3738666666696924,1.739266590857377));
#3815=IFCCARTESIANPOINT((-1.5394333333357295,1.739266590857377));
#3816=IFCCARTESIANPOINT((-1.5394333333357295,0.7982665908511285));
#3817=IFCCARTESIANPOINT((-2.8344333333339624,0.7982665908511285));
#3818=IFCPOLYLINE((#3812,#3813,#3814,#3815,#3816,#3817,#3812));
#3819=IFCARBITRARYCLOSEDPROFILEDEF(.AREA.,$,#3818);
#3820=IFCCARTESIANPOINT((2.4625331817015401,2.7594333333342393,0.));
#3821=IFCAXIS2PLACEMENT3D(#3820,#10,#7);
#3822=IFCEXTRUDEDAREASOLID(#3819,#3821,#9,0.14999999999999997);
#3823=IFCSTYLEDITEM(#3822,(#3738),$);
#3824=IFCSHAPEREPRESENTATION(#26,'Body','SweptSolid',(#3822));
#3825=IFCPRODUCTDEFINITIONSHAPE($,$,(#3824));
#3826=IFCSLAB('0i4ixs_qz3rfJKp3nH4geK',#18,'Suelo:Hormig\X\F3n-362 mm comercial:159199',$,'Suelo:Hormig\X\F3n-362 mm comercial',#3811,#3825,'159199',.FLOOR.);
#3827=IFCMATERIALLAYERSETUSAGE(#3750,.AXIS3.,.POSITIVE.,0.);
#3828=IFCPROPERTYSET('1JBBKD6pCNRq5BW$osI27f',#18,'Pset_QuantityTakeOff',$,(#3752));
#3829=IFCPROPERTYSINGLEVALUE('Reference',$,IFCLABEL('Hormig\X\F3n-362 mm comercial'),$);
#3830=IFCPROPERTYSET('31DPa76B_rq80xRX9vN2Nv',#18,'Pset_ReinforcementBarPitchOfSlab',$,(#3829));
#3831=IFCPROPERTYSET('0wNiJ2zMjQq_XBJ891v4Zd',#18,'Pset_SlabCommon',$,(#97,#1727,#3752,#3756));
#3832=IFCPROPERTYSINGLEVALUE('Montaje de suelo',$,IFCLABEL('Hormig\X\F3n-362 mm comercial'),$);
#3833=IFCPROPERTYSINGLEVALUE('\X\C1rea (definida por modelador)',$,IFCAREAMEASURE(29.609860800595854),$);
#3834=IFCPROPERTYSET('0zTuI7XFls8PNsRwTT8qsK',#18,'Cantidades de suelo por montaje',$,(#3832,#3833));
#3835=IFCRELDEFINESBYPROPERTIES('2mJXrC7Z6e4SB$IhVrhLoD',#18,$,$,(#3826),#3828);
#3836=IFCRELDEFINESBYPROPERTIES('0VEwagGhPo2KbNB0ghmbNF',#18,$,$,(#3826),#3830);
#3837=IFCRELDEFINESBYPROPERTIES('0t2Qe149cU7AP5Z2_9EhSA',#18,$,$,(#3826),#3831);
#3838=IFCRELDEFINESBYPROPERTIES('0SW3xNOBNhJvyUn_jcO0my',#18,$,$,(#3826),#3834);
#3839=IFCQUANTITYLENGTH('Perimeter','',$,22.970199545139074);
#3840=IFCQUANTITYAREA('GrossArea','',$,29.60986080059585);
#3841=IFCQUANTITYAREA('NetArea','',$,29.609860800595854);
#3842=IFCQUANTITYVOLUME('GrossVolume','',$,4.441479120089376);
#3843=IFCQUANTITYVOLUME('NetVolume','',$,4.4414791200893768);
#3844=IFCELEMENTQUANTITY('0y871EEcMFjvGjLOoeG6Fa',#18,'BaseQuantities',$,$,(#3839,#3840,#3841,#3842,#3843));
#3845=IFCRELDEFINESBYPROPERTIES('0mgXkFW7U28anDsSHC1Vmd',#18,$,$,(#3826),#3844);
#3846=IFCPROPERTYSINGLEVALUE('\X\C1rea',$,IFCAREAMEASURE(29.609860800595854),$);
#3847=IFCPROPERTYSINGLEVALUE('Elevaci\X\F3n en parte inferior',$,IFCLENGTHMEASURE(-0.14999999999999997),$);
#3848=IFCPROPERTYSINGLEVALUE('Elevaci\X\F3n en parte inferior de n\X\FAcleo',$,IFCLENGTHMEASURE(-0.14999999999999997),$);
#3849=IFCPROPERTYSINGLEVALUE('Elevaci\X\F3n en parte superior',$,IFCLENGTHMEASURE(0.),$);
#3850=IFCPROPERTYSINGLEVALUE('Elevaci\X\F3n en parte superior de n\X\FAcleo',$,IFCLENGTHMEASURE(0.),$);
#3851=IFCPROPERTYSINGLEVALUE('Grosor',$,IFCLENGTHMEASURE(0.14999999999999997),$);
#3852=IFCPROPERTYSINGLEVALUE('Per\X\EDmetro',$,IFCLENGTHMEASURE(22.970199545139074),$);
#3853=IFCPROPERTYSINGLEVALUE('Volumen',$,IFCVOLUMEMEASURE(4.4414791200893768),$);
#3854=IFCPROPERTYSET('3gXJipCkqtcosokzrjUNBG',#18,'Otros',$,(#3772,#3773,#3774,#3775,#3776));
#3855=IFCPROPERTYSET('0ESoxJMUMT8UrDLSXNPOIf',#18,'Restricciones',$,(#115,#123,#349,#3777));
#3856=IFCPROPERTYSET('0qWKpkLiLD2BUT0vFsk0m_',#18,'Cotas',$,(#3846,#3847,#3848,#3849,#3850,#3851,#3852,#3853));
#3857=IFCPROPERTYSET('1TuQLF5jULzULHh1BAndZY',#18,'Datos de identidad',$,(#3786));
#3858=IFCPROPERTYSET('0e8Q8_raYLcZMzkcwqzOIR',#18,'Proceso por fases',$,(#129));
#3859=IFCPROPERTYSET('1WQIAvBp6XOflP9eF4qLCy',#18,'Estructura',$,(#130));
#3860=IFCCARTESIANPOINT((-0.44599999999999995,-1.0569999999999988));
#3861=IFCCARTESIANPOINT((0.44599999999999979,-1.0569999999999988));
#3862=IFCCARTESIANPOINT((0.44599999999999979,1.0190000000000003));
#3863=IFCCARTESIANPOINT((0.36999999999999972,1.0190000000000003));
#3864=IFCCARTESIANPOINT((0.36999999999999972,-0.98100000000000165));
#3865=IFCCARTESIANPOINT((-0.36999999999999961,-0.98100000000000165));
#3866=IFCCARTESIANPOINT((-0.36999999999999961,1.0190000000000003));
#3867=IFCCARTESIANPOINT((-0.44599999999999995,1.0190000000000003));
#3868=IFCPOLYLINE((#3860,#3861,#3862,#3863,#3864,#3865,#3866,#3867,#3860));
#3869=IFCARBITRARYCLOSEDPROFILEDEF(.AREA.,'0762 x 2032mm',#3868);
#3870=IFCCARTESIANPOINT((0.37000000000000083,0.08299999999999931,1.0190000000000003));
#3871=IFCAXIS2PLACEMENT3D(#3870,#7,#5);
#3872=IFCEXTRUDEDAREASOLID(#3869,#3871,#9,0.024999999999994454);
#3873=IFCCARTESIANPOINT((-1.0569999999999995,-0.44599999999999707));
#3874=IFCCARTESIANPOINT((1.0189999999999995,-0.44599999999999707));
#3875=IFCCARTESIANPOINT((1.0189999999999995,-0.37000000000000732));
#3876=IFCCARTESIANPOINT((-0.98099999999999954,-0.37000000000000732));
#3877=IFCCARTESIANPOINT((-0.98099999999999954,0.37000000000000177));
#3878=IFCCARTESIANPOINT((1.0189999999999995,0.37000000000000177));
#3879=IFCCARTESIANPOINT((1.0189999999999995,0.44600000000000262));
#3880=IFCCARTESIANPOINT((-1.0569999999999995,0.44600000000000262));
#3881=IFCPOLYLINE((#3873,#3874,#3875,#3876,#3877,#3878,#3879,#3880,#3873));
#3882=IFCARBITRARYCLOSEDPROFILEDEF(.AREA.,'0762 x 2032mm',#3881);
#3883=IFCCARTESIANPOINT((0.37000000000000305,-0.025000000000006246,1.0189999999999995));
#3884=IFCAXIS2PLACEMENT3D(#3883,#7,#10);
#3885=IFCEXTRUDEDAREASOLID(#3882,#3884,#9,0.02500000000000557);
#3886=IFCCARTESIANPOINT((0.,0.));
#3887=IFCAXIS2PLACEMENT2D(#3886,#11);
#3888=IFCRECTANGLEPROFILEDEF(.AREA.,'0762 x 2032mm',#3887,0.051000000000000004,0.73999999999999977);
#3889=IFCCARTESIANPOINT((0.3700000000000005,0.057499999999999316,0.));
#3890=IFCAXIS2PLACEMENT3D(#3889,#9,#7);
#3891=IFCEXTRUDEDAREASOLID(#3888,#3890,#9,1.9999999999999991);
#3892=IFCSTYLEDITEM(#3872,(#1693),$);
#3893=IFCSTYLEDITEM(#3885,(#1693),$);
#3894=IFCSTYLEDITEM(#3891,(#1699),$);
#3895=IFCSHAPEREPRESENTATION(#26,'Body','SweptSolid',(#3872,#3885,#3891));
#3896=IFCAXIS2PLACEMENT3D(#3,$,$);
#3897=IFCREPRESENTATIONMAP(#3896,#3895);
#3898=IFCDOORLININGPROPERTIES('0i4ixs_qz3rfJKp3rH4hOS',#18,'Simple-A ras:0762 x 2032mm:160215',$,$,$,$,$,$,$,$,$,$,$,$);
#3899=IFCDOORPANELPROPERTIES('0i4ixs_qz3rfJKp3vH4hOS',#18,'Simple-A ras:0762 x 2032mm:160215:1',$,$,.NOTDEFINED.,$,.NOTDEFINED.,$);
#3900=IFCDOORSTYLE('2u7_7Kl7mur3emvPYWRTkh',#18,'Simple-A ras:0762 x 2032mm',$,$,(#763,#764,#765,#766,#767,#768,#3898,#3899,#3936),(#3897),'67183',.NOTDEFINED.,.NOTDEFINED.,.F.,.F.);
#3901=IFCMAPPEDITEM(#3897,#1718);
#3902=IFCSHAPEREPRESENTATION(#26,'Body','MappedRepresentation',(#3901));
#3903=IFCPRODUCTDEFINITIONSHAPE($,$,(#3902));
#3904=IFCCARTESIANPOINT((1.0245690999927293,5.1300000000039798,0.));
#3905=IFCAXIS2PLACEMENT3D(#3904,$,$);
#3907=IFCDOOR('0i4ixs_qz3rfJKp3nH4hOS',#18,'Simple-A ras:0762 x 2032mm:160215',$,'Simple-A ras:0762 x 2032mm',#4694,#3903,'160215',1.9999999999999993,0.73999999999999966);
#3908=IFCPROPERTYSET('1yYxQnjf0JuFRIdbkwpCZu',#18,'Pset_DoorCommon',$,(#709,#1727));
#3909=IFCPROPERTYSET('14cYj25FJaN03tUTV8zQgN',#18,'Pset_QuantityTakeOff',$,(#709));
#3910=IFCPROPERTYSINGLEVALUE('Descripci\X\F3n de puerta',$,IFCLABEL('Simple-A ras'),$);
#3911=IFCPROPERTYSINGLEVALUE('Tipo',$,IFCLABEL('0762 x 2032mm'),$);
#3912=IFCPROPERTYSINGLEVALUE('Anchura',$,IFCLENGTHMEASURE(0.73999999999999988),$);
#3913=IFCPROPERTYSINGLEVALUE('Altura',$,IFCLENGTHMEASURE(1.9999999999999998),$);
#3914=IFCPROPERTYSINGLEVALUE('Grosor',$,IFCLENGTHMEASURE(0.050999999999999997),$);
#3915=IFCPROPERTYSINGLEVALUE('Tipo de puerta',$,IFCTEXT('26'),$);
#3916=IFCPROPERTYSET('37rZYrpiaO__0z5wAejTzh',#18,'Cantidades de puertas',$,(#3910,#3911,#3912,#3913,#3914,#3915));
#3917=IFCRELDEFINESBYPROPERTIES('0yPCBWO9V3y7OEyF3$KpHR',#18,$,$,(#3907),#3908);
#3918=IFCRELDEFINESBYPROPERTIES('3B9TdYBulm1efyjECPuoUS',#18,$,$,(#3907),#3909);
#3919=IFCRELDEFINESBYPROPERTIES('1mU_HdnP5OqeBNbJutHKmT',#18,$,$,(#3907),#3916);
#3920=IFCQUANTITYLENGTH('Height','',$,1.9999999999999998);
#3921=IFCQUANTITYLENGTH('Width','',$,0.73999999999999988);
#3922=IFCQUANTITYAREA('Area','',$,1.4799999999999998);
#3923=IFCELEMENTQUANTITY('19YaKCU5CLMcJ4UFC5D205',#18,'BaseQuantities',$,$,(#3920,#3921,#3922));
#3924=IFCRELDEFINESBYPROPERTIES('3D7x3koTwzvUn2cdua$f8A',#18,$,$,(#3907),#3923);
#3925=IFCPROPERTYSINGLEVALUE('Altura de extremo inicial',$,IFCLENGTHMEASURE(1.9999999999999998),$);
#3926=IFCPROPERTYSINGLEVALUE('ID de anfitri\X\F3n',$,IFCLABEL('153611'),$);
#3927=IFCPROPERTYSINGLEVALUE('\X\C1rea',$,IFCAREAMEASURE(2.6117239999999784),$);
#3928=IFCPROPERTYSINGLEVALUE('Volumen',$,IFCVOLUMEMEASURE(0.094069599999999434),$);
#3929=IFCPROPERTYSINGLEVALUE('Marca',$,IFCTEXT('4'),$);
#3930=IFCPROPERTYSET('1LrdlsfLS3RHQXqVhl0uhd',#18,'Otros',$,(#342,#343,#737,#739,#740,#3925,#3926));
#3931=IFCPROPERTYSET('1j51UWlSieeBIvc02FTTrA',#18,'Restricciones',$,(#348,#349));
#3932=IFCPROPERTYSET('0WrcHQIZsDePGoxZEwRTBz',#18,'Cotas',$,(#3927,#3928));
#3933=IFCPROPERTYSET('0pthv2SGbOejEwO6fX2bkd',#18,'Datos de identidad',$,(#3929));
#3934=IFCPROPERTYSET('2kzqcBiD4ZUL3TW0JFoC9C',#18,'Proceso por fases',$,(#129));
#3935=IFCPROPERTYSINGLEVALUE('ThermalTransmittance',$,IFCTHERMALTRANSMITTANCEMEASURE(3.7021000000000002),$);
#3936=IFCPROPERTYSET('0VAQZU3PlVSm00PipQ2JLL',#18,'Pset_DoorCommon',$,(#3935));
#3937=IFCMAPPEDITEM(#3897,#1718);
#3938=IFCSHAPEREPRESENTATION(#26,'Body','MappedRepresentation',(#3937));
#3939=IFCPRODUCTDEFINITIONSHAPE($,$,(#3938));
#3940=IFCCARTESIANPOINT((2.6777997725588305,4.3900000000040116,0.));
#3941=IFCAXIS2PLACEMENT3D(#3940,#9,#7);
#3943=IFCDOOR('0i4ixs_qz3rfJKp3nH4hNr',#18,'Simple-A ras:0762 x 2032mm:160318',$,'Simple-A ras:0762 x 2032mm',#4714,#3939,'160318',1.9999999999999993,0.73999999999999966);
#3944=IFCPROPERTYSET('3FnmitlLzfcxUGe4tcoFe3',#18,'Pset_DoorCommon',$,(#709,#1727));
#3945=IFCPROPERTYSET('1X2_Hk5GjGo6p68c56gAgf',#18,'Pset_QuantityTakeOff',$,(#709));
#3946=IFCPROPERTYSINGLEVALUE('Descripci\X\F3n de puerta',$,IFCLABEL('Simple-A ras'),$);
#3947=IFCPROPERTYSINGLEVALUE('Tipo',$,IFCLABEL('0762 x 2032mm'),$);
#3948=IFCPROPERTYSINGLEVALUE('Anchura',$,IFCLENGTHMEASURE(0.73999999999999988),$);
#3949=IFCPROPERTYSINGLEVALUE('Altura',$,IFCLENGTHMEASURE(1.9999999999999998),$);
#3950=IFCPROPERTYSINGLEVALUE('Grosor',$,IFCLENGTHMEASURE(0.050999999999999997),$);
#3951=IFCPROPERTYSINGLEVALUE('Tipo de puerta',$,IFCTEXT('26'),$);
#3952=IFCPROPERTYSET('0kUzaTseYU3iPHu7y8_8Sg',#18,'Cantidades de puertas',$,(#3946,#3947,#3948,#3949,#3950,#3951));
#3953=IFCRELDEFINESBYPROPERTIES('0MMAkVBivY7rjerliiX_5$',#18,$,$,(#3943),#3944);
#3954=IFCRELDEFINESBYPROPERTIES('2ohpC6Rvruw6qvZKG2BAW$',#18,$,$,(#3943),#3945);
#3955=IFCRELDEFINESBYPROPERTIES('2lGdsZhFRUN5YZvUoHJJt7',#18,$,$,(#3943),#3952);
#3956=IFCQUANTITYLENGTH('Height','',$,1.9999999999999998);
#3957=IFCQUANTITYLENGTH('Width','',$,0.73999999999999988);
#3958=IFCQUANTITYAREA('Area','',$,1.4799999999999998);
#3959=IFCELEMENTQUANTITY('07epYmK5kqbcI1GZuk2QVv',#18,'BaseQuantities',$,$,(#3956,#3957,#3958));
#3960=IFCRELDEFINESBYPROPERTIES('0gO8DXlQ1UHPkypMQdqqFu',#18,$,$,(#3943),#3959);
#3961=IFCCARTESIANPOINT((-0.501,-1.0569999999999988));
#3962=IFCCARTESIANPOINT((0.50099999999999956,-1.0569999999999988));
#3963=IFCCARTESIANPOINT((0.50099999999999956,1.0190000000000003));
#3964=IFCCARTESIANPOINT((0.4250000000000001,1.0190000000000003));
#3965=IFCCARTESIANPOINT((0.4250000000000001,-0.98100000000000165));
#3966=IFCCARTESIANPOINT((-0.42499999999999971,-0.98100000000000165));
#3967=IFCCARTESIANPOINT((-0.42499999999999971,1.0190000000000003));
#3968=IFCCARTESIANPOINT((-0.501,1.0190000000000003));
#3969=IFCPOLYLINE((#3961,#3962,#3963,#3964,#3965,#3966,#3967,#3968,#3961));
#3970=IFCARBITRARYCLOSEDPROFILEDEF(.AREA.,'85x200',#3969);
#3971=IFCCARTESIANPOINT((0.42500000000000004,0.15499999999998981,1.0190000000000003));
#3972=IFCAXIS2PLACEMENT3D(#3971,#8,#6);
#3973=IFCEXTRUDEDAREASOLID(#3970,#3972,#9,0.024999999999994454);
#3974=IFCCARTESIANPOINT((-1.0569999999999995,-0.500999999999997));
#3975=IFCCARTESIANPOINT((1.0189999999999995,-0.500999999999997));
#3976=IFCCARTESIANPOINT((1.0189999999999995,-0.42500000000000726));
#3977=IFCCARTESIANPOINT((-0.98099999999999954,-0.42500000000000726));
#3978=IFCCARTESIANPOINT((-0.98099999999999954,0.42500000000000171));
#3979=IFCCARTESIANPOINT((1.0189999999999995,0.42500000000000171));
#3980=IFCCARTESIANPOINT((1.0189999999999995,0.50100000000000255));
#3981=IFCCARTESIANPOINT((-1.0569999999999995,0.50100000000000255));
#3982=IFCPOLYLINE((#3974,#3975,#3976,#3977,#3978,#3979,#3980,#3981,#3974));
#3983=IFCARBITRARYCLOSEDPROFILEDEF(.AREA.,'85x200',#3982);
#3984=IFCCARTESIANPOINT((0.42499999999999793,-0.,1.0189999999999995));
#3985=IFCAXIS2PLACEMENT3D(#3984,#8,#10);
#3986=IFCEXTRUDEDAREASOLID(#3983,#3985,#9,0.025000000000005577);
#3987=IFCCARTESIANPOINT((0.,3.4694469519536142E-018));
#3988=IFCAXIS2PLACEMENT2D(#3987,#11);
#3989=IFCRECTANGLEPROFILEDEF(.AREA.,'85x200',#3988,0.84999999999999976,0.051000000000000004);
#3990=IFCCARTESIANPOINT((0.42500000000000043,0.10449999999999536,0.));
#3991=IFCAXIS2PLACEMENT3D(#3990,$,$);
#3992=IFCEXTRUDEDAREASOLID(#3989,#3991,#9,1.9999999999999991);
#3993=IFCSTYLEDITEM(#3973,(#1693),$);
#3994=IFCSTYLEDITEM(#3986,(#1693),$);
#3995=IFCSTYLEDITEM(#3992,(#1699),$);
#3996=IFCSHAPEREPRESENTATION(#26,'Body','SweptSolid',(#3973,#3986,#3992));
#3997=IFCAXIS2PLACEMENT3D(#3,$,$);
#3998=IFCREPRESENTATIONMAP(#3997,#3996);
#3999=IFCDOORLININGPROPERTIES('0i4ixs_qz3rfJKp3rH4hLP',#18,'Simple-A ras:85x200:160402',$,$,$,$,$,$,$,$,$,$,$,$);
#4000=IFCDOORPANELPROPERTIES('0i4ixs_qz3rfJKp3vH4hLP',#18,'Simple-A ras:85x200:160402:1',$,$,.SWINGING.,$,.NOTDEFINED.,$);
#4001=IFCDOORSTYLE('3C6JbCW0k2JfrJLFz62glR',#18,'Simple-A ras:85x200',$,$,(#390,#391,#392,#393,#394,#395,#3999,#4000,#4027),(#3998),'160612',.SINGLE_SWING_LEFT.,.NOTDEFINED.,.F.,.F.);
#4002=IFCMAPPEDITEM(#3998,#1718);
#4003=IFCSHAPEREPRESENTATION(#26,'Body','MappedRepresentation',(#4002));
#4004=IFCPRODUCTDEFINITIONSHAPE($,$,(#4003));
#4005=IFCCARTESIANPOINT((3.2607997725528004,0.37600000000381978,0.));
#4006=IFCAXIS2PLACEMENT3D(#4005,#9,#7);
#4008=IFCDOOR('0i4ixs_qz3rfJKp3nH4hLP',#18,'Simple-A ras:85x200:160402',$,'Simple-A ras:85x200',#4654,#4004,'160402',1.9999999999999993,0.84999999999999976);
#4009=IFCPROPERTYSET('2hIPy5$0bmKFZej_f_0mj1',#18,'Pset_DoorCommon',$,(#314,#1727));
#4010=IFCPROPERTYSET('0xNozbJBLoeapeBX1U_PcN',#18,'Pset_QuantityTakeOff',$,(#314));
#4011=IFCPROPERTYSINGLEVALUE('Descripci\X\F3n de puerta',$,IFCLABEL('Simple-A ras'),$);
#4012=IFCPROPERTYSINGLEVALUE('Tipo',$,IFCLABEL('85x200'),$);
#4013=IFCPROPERTYSINGLEVALUE('Anchura',$,IFCLENGTHMEASURE(0.84999999999999998),$);
#4014=IFCPROPERTYSINGLEVALUE('Altura',$,IFCLENGTHMEASURE(1.9999999999999998),$);
#4015=IFCPROPERTYSINGLEVALUE('Grosor',$,IFCLENGTHMEASURE(0.050999999999999997),$);
#4016=IFCPROPERTYSINGLEVALUE('Tipo de puerta',$,IFCTEXT('30'),$);
#4017=IFCPROPERTYSET('1okgJ8RxZ0EnwqMMUgRN96',#18,'Cantidades de puertas',$,(#4011,#4012,#4013,#4014,#4015,#4016));
#4018=IFCRELDEFINESBYPROPERTIES('2ZVgkovfM8pRcdgnY9WCcq',#18,$,$,(#4008),#4009);
#4019=IFCRELDEFINESBYPROPERTIES('2G93TcVmv3XVuoMK8Bq1XA',#18,$,$,(#4008),#4010);
#4020=IFCRELDEFINESBYPROPERTIES('1Agc5pekSzHP5qJP9DZXnm',#18,$,$,(#4008),#4017);
#4021=IFCQUANTITYLENGTH('Height','',$,1.9999999999999998);
#4022=IFCQUANTITYLENGTH('Width','',$,0.84999999999999998);
#4023=IFCQUANTITYAREA('Area','',$,1.6999999999999997);
#4024=IFCELEMENTQUANTITY('2KwA6z8$FFIcBima_NpbrQ',#18,'BaseQuantities',$,$,(#4021,#4022,#4023));
#4025=IFCRELDEFINESBYPROPERTIES('27VwMYckJ2m_mK_Z54gZZl',#18,$,$,(#4008),#4024);
#4026=IFCPROPERTYSINGLEVALUE('ThermalTransmittance',$,IFCTHERMALTRANSMITTANCEMEASURE(3.7021000000000002),$);
#4027=IFCPROPERTYSET('0$QLBd$o2l69m7s7hlkAMe',#18,'Pset_DoorCommon',$,(#4026));
#4028=IFCMAPPEDITEM(#1897,#1718);
#4029=IFCSHAPEREPRESENTATION(#26,'Body','MappedRepresentation',(#4028));
#4030=IFCPRODUCTDEFINITIONSHAPE($,$,(#4029));
#4031=IFCCARTESIANPOINT((2.34290000000337,0.055000000000277063,1.));
#4032=IFCAXIS2PLACEMENT3D(#4031,#9,#6);
#4034=IFCWINDOW('0i4ixs_qz3rfJKp3nH4hGR',#18,'Fijo:1500x1000:160720',$,'Fijo:1500x1000',#4674,#4030,'160720',0.99999999999999512,1.4999999999999984);
#4035=IFCPROPERTYSET('2ckFWKxhTrkEXffxoZ4UB4',#18,'Pset_QuantityTakeOff',$,(#1918));
#4036=IFCPROPERTYSET('1OVCq3FlvX5TEKe_woluHf',#18,'Pset_WindowCommon',$,(#95,#1918));
#4037=IFCPROPERTYSINGLEVALUE('Descripci\X\F3n de ventana',$,IFCLABEL('Fijo'),$);
#4038=IFCPROPERTYSINGLEVALUE('Tipo',$,IFCLABEL('1500x1000'),$);
#4039=IFCPROPERTYSINGLEVALUE('Anchura',$,IFCLENGTHMEASURE(1.4999999999999998),$);
#4040=IFCPROPERTYSINGLEVALUE('Altura',$,IFCLENGTHMEASURE(0.99999999999999989),$);
#4041=IFCPROPERTYSINGLEVALUE('Tipo de ventana',$,IFCTEXT('19'),$);
#4042=IFCPROPERTYSET('26MTZ9GPMNaluKkYmTyxw6',#18,'Cantidades de ventanas',$,(#4037,#4038,#4039,#4040,#4041));
#4043=IFCRELDEFINESBYPROPERTIES('1dyiz7ctnbBYwXlGvWFFIl',#18,$,$,(#4034),#4035);
#4044=IFCRELDEFINESBYPROPERTIES('1Nxv84pP0aIhKez6SNCLBn',#18,$,$,(#4034),#4036);
#4045=IFCRELDEFINESBYPROPERTIES('2sxTjTqNyeAXiA641vMuEU',#18,$,$,(#4034),#4042);
#4046=IFCQUANTITYLENGTH('Height','',$,0.99999999999999989);
#4047=IFCQUANTITYLENGTH('Width','',$,1.4999999999999998);
#4048=IFCQUANTITYAREA('Area','',$,1.4999999999999998);
#4049=IFCELEMENTQUANTITY('3tn10wL$62hKpd1zZ8nR4I',#18,'BaseQuantities',$,$,(#4046,#4047,#4048));
#4050=IFCRELDEFINESBYPROPERTIES('3kB9EIctk1u6Lb$bnR1c7Q',#18,$,$,(#4034),#4049);
#4051=IFCPROPERTYSINGLEVALUE('Altura de extremo inicial',$,IFCLENGTHMEASURE(2.0000000000000062),$);
#4052=IFCPROPERTYSINGLEVALUE('ID de anfitri\X\F3n',$,IFCLABEL('153184'),$);
#4053=IFCPROPERTYSINGLEVALUE('Altura de antepecho',$,IFCLENGTHMEASURE(1.0000000000000062),$);
#4054=IFCPROPERTYSINGLEVALUE('\X\C1rea',$,IFCAREAMEASURE(2.525084000000096),$);
#4055=IFCPROPERTYSINGLEVALUE('Volumen',$,IFCVOLUMEMEASURE(0.039795100000001769),$);
#4056=IFCPROPERTYSINGLEVALUE('Marca',$,IFCTEXT('5'),$);
#4057=IFCPROPERTYSET('3QeWSn$uYDOwkgagj912ue',#18,'Otros',$,(#1936,#1937,#1938,#1940,#1941,#4051,#4052));
#4058=IFCPROPERTYSET('2nQbEvQRMjyqssiryLp3ZP',#18,'Restricciones',$,(#349,#4053));
#4059=IFCPROPERTYSET('0M8r94lmYDJjoNo2CwR5Ps',#18,'Cotas',$,(#4054,#4055));
#4060=IFCPROPERTYSET('3tbFuhvaIsg7B5zy_ehlcB',#18,'Datos de identidad',$,(#4056));
#4061=IFCPROPERTYSET('3r1qWJeGfIQNVR2rEeE4yI',#18,'Proceso por fases',$,(#129));
#4062=IFCCARTESIANPOINT((0.,0.));
#4063=IFCAXIS2PLACEMENT2D(#4062,#11);
#4064=IFCRECTANGLEPROFILEDEF(.AREA.,'1140x1000 2',#4063,0.011999999999999997,1.0139999999999967);
#4065=IFCCARTESIANPOINT((0.57000000000000495,0.089000000000001814,0.062999999999985137));
#4066=IFCAXIS2PLACEMENT3D(#4065,#9,#8);
#4067=IFCEXTRUDEDAREASOLID(#4064,#4066,#9,0.87400000000000411);
#4068=IFCCARTESIANPOINT((-0.55099999999999971,-0.48100000000000109));
#4069=IFCCARTESIANPOINT((0.55099999999999971,-0.48100000000000109));
#4070=IFCCARTESIANPOINT((0.55099999999999971,0.48100000000000109));
#4071=IFCCARTESIANPOINT((-0.55099999999999971,0.48100000000000109));
#4072=IFCPOLYLINE((#4068,#4069,#4070,#4071,#4068));
#4073=IFCCARTESIANPOINT((-0.50699999999999945,-0.43700000000000161));
#4074=IFCCARTESIANPOINT((-0.50699999999999945,0.43700000000000244));
#4075=IFCCARTESIANPOINT((0.50699999999999723,0.43700000000000244));
#4076=IFCCARTESIANPOINT((0.50699999999999723,-0.43700000000000161));
#4077=IFCPOLYLINE((#4073,#4074,#4075,#4076,#4073));
#4078=IFCARBITRARYPROFILEDEFWITHVOIDS(.AREA.,'1140x1000 2',#4072,(#4077));
#4079=IFCCARTESIANPOINT((0.57000000000000606,0.066999999999974399,0.49999999999998757));
#4080=IFCAXIS2PLACEMENT3D(#4079,#7,#5);
#4081=IFCEXTRUDEDAREASOLID(#4078,#4080,#9,0.044000000000027441);
#4082=IFCCARTESIANPOINT((-0.56999999999999951,-0.49999999999999545));
#4083=IFCCARTESIANPOINT((0.56999999999999951,-0.49999999999999545));
#4084=IFCCARTESIANPOINT((0.56999999999999951,0.49999999999999573));
#4085=IFCCARTESIANPOINT((-0.56999999999999951,0.49999999999999573));
#4086=IFCPOLYLINE((#4082,#4083,#4084,#4085,#4082));
#4087=IFCCARTESIANPOINT((-0.55100000000000093,-0.48099999999998055));
#4088=IFCCARTESIANPOINT((-0.55100000000000093,0.48100000000002169));
#4089=IFCCARTESIANPOINT((0.55099999999999838,0.48100000000002169));
#4090=IFCCARTESIANPOINT((0.55099999999999838,-0.48099999999998055));
#4091=IFCPOLYLINE((#4087,#4088,#4089,#4090,#4087));
#4092=IFCARBITRARYPROFILEDEFWITHVOIDS(.AREA.,'1140x1000 2',#4086,(#4091));
#4093=IFCCARTESIANPOINT((0.57000000000000739,0.066999999999974399,0.50000000000000822));
#4094=IFCAXIS2PLACEMENT3D(#4093,#7,#5);
#4095=IFCEXTRUDEDAREASOLID(#4092,#4094,#9,0.063000000000027437);
#4096=IFCCARTESIANPOINT((-0.56999999999999995,-0.49999999999999489));
#4097=IFCCARTESIANPOINT((0.56999999999999995,-0.49999999999999489));
#4098=IFCCARTESIANPOINT((0.56999999999999995,0.49999999999999517));
#4099=IFCCARTESIANPOINT((-0.56999999999999995,0.49999999999999517));
#4100=IFCPOLYLINE((#4096,#4097,#4098,#4099,#4096));
#4101=IFCCARTESIANPOINT((-0.5379999999999997,-0.46799999999998132));
#4102=IFCCARTESIANPOINT((-0.5379999999999997,0.46800000000001979));
#4103=IFCCARTESIANPOINT((0.53799999999999981,0.46800000000001979));
#4104=IFCCARTESIANPOINT((0.53799999999999981,-0.46799999999998132));
#4105=IFCPOLYLINE((#4101,#4102,#4103,#4104,#4101));
#4106=IFCARBITRARYPROFILEDEFWITHVOIDS(.AREA.,'1140x1000 2',#4100,(#4105));
#4107=IFCCARTESIANPOINT((0.57000000000000783,0.,0.50000000000000766));
#4108=IFCAXIS2PLACEMENT3D(#4107,#7,#5);
#4109=IFCEXTRUDEDAREASOLID(#4106,#4108,#9,0.066999999999972568);
#4110=IFCSTYLEDITEM(#4067,(#1886),$);
#4111=IFCSTYLEDITEM(#4081,(#1891),$);
#4112=IFCSTYLEDITEM(#4095,(#1891),$);
#4113=IFCSTYLEDITEM(#4109,(#1891),$);
#4114=IFCSHAPEREPRESENTATION(#26,'Body','SweptSolid',(#4067,#4081,#4095,#4109));
#4115=IFCAXIS2PLACEMENT3D(#3,$,$);
#4116=IFCREPRESENTATIONMAP(#4115,#4114);
#4117=IFCWINDOWLININGPROPERTIES('0i4ixs_qz3rfJKp3rH4hEr',#18,'Fijo:1140x1000 2:160894',$,$,$,$,$,$,$,$,$,$);
#4118=IFCWINDOWSTYLE('2bW0zihqtAO7N8altM4ei1',#18,'Fijo:1140x1000 2',$,$,(#4117,#4170,#4171,#4172,#4173,#4174,#4175,#4177),(#4116),'160891',.NOTDEFINED.,.NOTDEFINED.,.F.,.F.);
#4119=IFCMAPPEDITEM(#4116,#1718);
#4120=IFCSHAPEREPRESENTATION(#26,'Body','MappedRepresentation',(#4119));
#4121=IFCPRODUCTDEFINITIONSHAPE($,$,(#4120));
#4122=IFCCARTESIANPOINT((1.9867997725530342,7.1333000000039304,1.));
#4123=IFCAXIS2PLACEMENT3D(#4122,#9,#6);
#4125=IFCWINDOW('0i4ixs_qz3rfJKp3nH4hEr',#18,'Fijo:1140x1000 2:160894',$,'Fijo:1140x1000 2',#4614,#4121,'160894',0.99999999999999512,1.1399999999999986);
#4126=IFCPROPERTYSINGLEVALUE('Reference',$,IFCIDENTIFIER('1140x1000 2'),$);
#4127=IFCPROPERTYSET('2u6MT1kQLMCJ$Zfvjl8T_o',#18,'Pset_QuantityTakeOff',$,(#4126));
#4128=IFCPROPERTYSET('3V0Fo6g61vQO4us5XPJoHJ',#18,'Pset_WindowCommon',$,(#95,#4126));
#4129=IFCPROPERTYSINGLEVALUE('Descripci\X\F3n de ventana',$,IFCLABEL('Fijo'),$);
#4130=IFCPROPERTYSINGLEVALUE('Tipo',$,IFCLABEL('1140x1000 2'),$);
#4131=IFCPROPERTYSINGLEVALUE('Anchura',$,IFCLENGTHMEASURE(1.1399999999999999),$);
#4132=IFCPROPERTYSINGLEVALUE('Altura',$,IFCLENGTHMEASURE(0.99999999999999989),$);
#4133=IFCPROPERTYSINGLEVALUE('Tipo de ventana',$,IFCTEXT('22'),$);
#4134=IFCPROPERTYSET('0D0ZlWXmy5yV8IEHt7XXwW',#18,'Cantidades de ventanas',$,(#4129,#4130,#4131,#4132,#4133));
#4135=IFCRELDEFINESBYPROPERTIES('1Ewn433Qv5qYTKx$A1Sg4m',#18,$,$,(#4125),#4127);
#4136=IFCRELDEFINESBYPROPERTIES('3$qTl6pE3yWzNdzQwgfM$O',#18,$,$,(#4125),#4128);
#4137=IFCRELDEFINESBYPROPERTIES('1$KgyGu3x9HNAgPvYfGZYe',#18,$,$,(#4125),#4134);
#4138=IFCQUANTITYLENGTH('Height','',$,0.99999999999999989);
#4139=IFCQUANTITYLENGTH('Width','',$,1.1399999999999999);
#4140=IFCQUANTITYAREA('Area','',$,1.1399999999999997);
#4141=IFCELEMENTQUANTITY('2pKjMZ88myPCz6UR5cTVyq',#18,'BaseQuantities',$,$,(#4138,#4139,#4140));
#4142=IFCRELDEFINESBYPROPERTIES('2GusJ8r8SGawAnZqJPYjyE',#18,$,$,(#4125),#4141);
#4143=IFCPROPERTYSINGLEVALUE('Altura de extremo inicial',$,IFCLENGTHMEASURE(2.0000000000000062),$);
#4144=IFCPROPERTYSINGLEVALUE('Familia y tipo',$,IFCLABEL('Fijo: 1140x1000 2'),$);
#4145=IFCPROPERTYSINGLEVALUE('ID de anfitri\X\F3n',$,IFCLABEL('152892'),$);
#4146=IFCPROPERTYSINGLEVALUE('ID de tipo',$,IFCLABEL('160891'),$);
#4147=IFCPROPERTYSINGLEVALUE('Tipo',$,IFCLABEL('1140x1000 2'),$);
#4148=IFCPROPERTYSINGLEVALUE('Altura de antepecho',$,IFCLENGTHMEASURE(1.0000000000000062),$);
#4149=IFCPROPERTYSINGLEVALUE('\X\C1rea',$,IFCAREAMEASURE(2.0124440000000847),$);
#4150=IFCPROPERTYSINGLEVALUE('Volumen',$,IFCVOLUMEMEASURE(0.032219980000001723),$);
#4151=IFCPROPERTYSINGLEVALUE('Marca',$,IFCTEXT('6'),$);
#4152=IFCPROPERTYSINGLEVALUE('Nombre de familia',$,IFCTEXT('Fijo'),$);
#4153=IFCPROPERTYSINGLEVALUE('Altura',$,IFCLENGTHMEASURE(0.99999999999999989),$);
#4154=IFCPROPERTYSINGLEVALUE('Altura de antepecho por defecto',$,IFCLENGTHMEASURE(0.99999999999999989),$);
#4155=IFCPROPERTYSINGLEVALUE('Anchura',$,IFCLENGTHMEASURE(1.1399999999999999),$);
#4156=IFCPROPERTYSINGLEVALUE('Incrustaci\X\F3n de ventana',$,IFCLENGTHMEASURE(0.018999999999999996),$);
#4157=IFCPROPERTYSINGLEVALUE('Marca de tipo',$,IFCTEXT('22'),$);
#4158=IFCPROPERTYSINGLEVALUE('Nombre de tipo',$,IFCTEXT('1140x1000 2'),$);
#4159=IFCPROPERTYSINGLEVALUE('N\X\FAmero OmniClass',$,IFCTEXT('23.30.20.17.11'),$);
#4160=IFCPROPERTYSINGLEVALUE('T\X\EDtulo OmniClass',$,IFCTEXT('Fixed Windows'),$);
#4161=IFCPROPERTYSINGLEVALUE('Coeficiente de incremento de calor solar',$,IFCREAL(0.78000000000000003),$);
#4162=IFCPROPERTYSINGLEVALUE('Coeficiente de transferencia de calor (U)',$,IFCTHERMALTRANSMITTANCEMEASURE(3.6886000000000001),$);
#4163=IFCPROPERTYSINGLEVALUE('Construcci\X\F3n anal\X\EDtica',$,IFCTEXT('1/8 en cristalera simple Pilkington'),$);
#4164=IFCPROPERTYSINGLEVALUE('Resistencia t\X\E9rmica (R)',$,IFCTHERMALRESISTANCEMEASURE(0.27110556850837714),$);
#4165=IFCPROPERTYSET('17xn0SXytzyu4ZAtHqM62D',#18,'Otros',$,(#1936,#1937,#4143,#4144,#4145,#4146,#4147));
#4166=IFCPROPERTYSET('0K_uSUiQY5klNx3qBMiYbZ',#18,'Restricciones',$,(#349,#4148));
#4167=IFCPROPERTYSET('0CgLt62RSGXGyJAFLlmutg',#18,'Cotas',$,(#4149,#4150));
#4168=IFCPROPERTYSET('0n_FjvpnFjq74clMcDs6H_',#18,'Datos de identidad',$,(#4151));
#4169=IFCPROPERTYSET('0iPEaG5uSFJyAc40kP$_pV',#18,'Proceso por fases',$,(#129));
#4170=IFCPROPERTYSET('1VBZf0nrV$rQNDplHjOI0p',#18,'Otros',$,(#1936,#4152));
#4171=IFCPROPERTYSET('2VGUOfd$R2tvNo$FhNfeuk',#18,'Construcci\X\F3n',$,(#354));
#4172=IFCPROPERTYSET('21E$sqgmhhv00VNmskOrfb',#18,'Cotas',$,(#4153,#4154,#4155,#4156));
#4173=IFCPROPERTYSET('1D$xTDcq4EFHRihEHsKTeq',#18,'Datos de identidad',$,(#4157,#4158,#4159,#4160));
#4174=IFCPROPERTYSET('2BMeDoMtjsXqTJhDe4IwnD',#18,'Materiales y acabados',$,(#1955,#1956,#1957,#1958));
#4175=IFCPROPERTYSET('0IH8ycjYKrfYzNJWkidd0l',#18,'Propiedades anal\X\EDticas',$,(#378,#1963,#4161,#4162,#4163,#4164));
#4176=IFCPROPERTYSINGLEVALUE('ThermalTransmittance',$,IFCTHERMALTRANSMITTANCEMEASURE(3.6886000000000001),$);
#4177=IFCPROPERTYSET('30eJyWrVpHteXqA9af0Lbr',#18,'Pset_WindowCommon',$,(#4176));
#4178=IFCMAPPEDITEM(#2147,#1718);
#4179=IFCSHAPEREPRESENTATION(#26,'Body','MappedRepresentation',(#4178));
#4180=IFCPRODUCTDEFINITIONSHAPE($,$,(#4179));
#4181=IFCCARTESIANPOINT((3.787799772559111,7.1333000000039295,1.));
#4182=IFCAXIS2PLACEMENT3D(#4181,#9,#6);
#4184=IFCWINDOW('0i4ixs_qz3rfJKp3nH4hBw',#18,'Fijo:550x1000:161073',$,'Fijo:550x1000',#4634,#4180,'161073',0.99999999999999512,0.50499999999999945);
#4185=IFCPROPERTYSET('2kUAy64iA4MFe8aP0oVS9O',#18,'Pset_QuantityTakeOff',$,(#2157));
#4186=IFCPROPERTYSET('0VmVdT3gnD4ybRp4FbZj83',#18,'Pset_WindowCommon',$,(#95,#2157));
#4187=IFCPROPERTYSINGLEVALUE('Descripci\X\F3n de ventana',$,IFCLABEL('Fijo'),$);
#4188=IFCPROPERTYSINGLEVALUE('Tipo',$,IFCLABEL('550x1000'),$);
#4189=IFCPROPERTYSINGLEVALUE('Anchura',$,IFCLENGTHMEASURE(0.505),$);
#4190=IFCPROPERTYSINGLEVALUE('Altura',$,IFCLENGTHMEASURE(0.99999999999999989),$);
#4191=IFCPROPERTYSINGLEVALUE('Tipo de ventana',$,IFCTEXT('21'),$);
#4192=IFCPROPERTYSET('3Tl4K49qgqev6C9gkcN29m',#18,'Cantidades de ventanas',$,(#4187,#4188,#4189,#4190,#4191));
#4193=IFCRELDEFINESBYPROPERTIES('2RZlalPYkE0Pv4Xs6DHfdk',#18,$,$,(#4184),#4185);
#4194=IFCRELDEFINESBYPROPERTIES('0f9L_0KRGz11ObLPPVHMIU',#18,$,$,(#4184),#4186);
#4195=IFCRELDEFINESBYPROPERTIES('3mZzYwT2cJpeyrWBhw94QR',#18,$,$,(#4184),#4192);
#4196=IFCQUANTITYLENGTH('Height','',$,0.99999999999999989);
#4197=IFCQUANTITYLENGTH('Width','',$,0.505);
#4198=IFCQUANTITYAREA('Area','',$,0.50499999999999989);
#4199=IFCELEMENTQUANTITY('3K4EjTLUvNjVyeMaJRt7qr',#18,'BaseQuantities',$,$,(#4196,#4197,#4198));
#4200=IFCRELDEFINESBYPROPERTIES('1A$UcBqjstR4rsHgUK3I2C',#18,$,$,(#4184),#4199);
#4201=IFCPROPERTYSINGLEVALUE('Altura de extremo inicial',$,IFCLENGTHMEASURE(2.0000000000000062),$);
#4202=IFCPROPERTYSINGLEVALUE('Altura de antepecho',$,IFCLENGTHMEASURE(1.0000000000000062),$);
#4203=IFCPROPERTYSINGLEVALUE('\X\C1rea',$,IFCAREAMEASURE(1.1082040000000639),$);
#4204=IFCPROPERTYSINGLEVALUE('Volumen',$,IFCVOLUMEMEASURE(0.018858310000001599),$);
#4205=IFCPROPERTYSINGLEVALUE('Marca',$,IFCTEXT('7'),$);
#4206=IFCPROPERTYSET('3UFBbrX0Gbr6NsvFE0pXdI',#18,'Otros',$,(#1936,#1937,#2175,#2176,#2177,#4145,#4201));
#4207=IFCPROPERTYSET('3m31XqbkGMiuG$4PW$GgL1',#18,'Restricciones',$,(#349,#4202));
#4208=IFCPROPERTYSET('0PVDeugkXurFBYnla7l1yT',#18,'Cotas',$,(#4203,#4204));
#4209=IFCPROPERTYSET('0PSKNTVx60APoYiQMlEmUq',#18,'Datos de identidad',$,(#4205));
#4210=IFCPROPERTYSET('2BAHatB5cp52EP9ZKYmqIE',#18,'Proceso por fases',$,(#129));
#4211=IFCPROPERTYSINGLEVALUE('AboveGround',$,IFCLOGICAL(.U.),$);
#4212=IFCPROPERTYSET('2Y2$w597eytuPG98dNqKgq',#18,'Pset_BuildingStoreyCommon',$,(#4211));
#4213=IFCRELDEFINESBYPROPERTIES('0tx_O3nqhzh2RGx7v_Zkw8',#18,$,$,(#37),#4212);
#4214=IFCPROPERTYSINGLEVALUE('Categor\X\EDa',$,IFCLABEL('Niveles'),$);
#4215=IFCPROPERTYSINGLEVALUE('Familia',$,IFCLABEL('Nivel'),$);
#4216=IFCPROPERTYSINGLEVALUE('Familia y tipo',$,IFCLABEL('Nivel: Extremo inicial 8 mm'),$);
#4217=IFCPROPERTYSINGLEVALUE('ID de tipo',$,IFCLABEL('349'),$);
#4218=IFCPROPERTYSINGLEVALUE('Tipo',$,IFCLABEL('Extremo inicial 8 mm'),$);
#4219=IFCPROPERTYSINGLEVALUE('Elevaci\X\F3n',$,IFCLENGTHMEASURE(0.),$);
#4220=IFCPROPERTYSINGLEVALUE('Altura de c\X\E1lculo',$,IFCLENGTHMEASURE(0.),$);
#4221=IFCPROPERTYSINGLEVALUE('Nombre',$,IFCTEXT('Nivel 1'),$);
#4222=IFCPROPERTYSINGLEVALUE('Planta de edificio',$,IFCBOOLEAN(.T.),$);
#4223=IFCPROPERTYSINGLEVALUE('Nombre de familia',$,IFCTEXT('Nivel'),$);
#4224=IFCPROPERTYSINGLEVALUE('Base de elevaci\X\F3n',$,IFCIDENTIFIER('Punto base del proyecto'),$);
#4225=IFCPROPERTYSINGLEVALUE('Color',$,IFCINTEGER(0),$);
#4226=IFCPROPERTYSINGLEVALUE('Grosor de l\X\EDnea',$,IFCIDENTIFIER('1'),$);
#4227=IFCPROPERTYSINGLEVALUE('Patr\X\F3n de l\X\EDnea',$,IFCLABEL('S\X\F3lido'),$);
#4228=IFCPROPERTYSINGLEVALUE('S\X\EDmbolo',$,IFCLABEL('Extremo inicial de nivel - C\X\EDrculo'),$);
#4229=IFCPROPERTYSINGLEVALUE('S\X\EDmbolo en extremo 1 por defecto',$,IFCBOOLEAN(.F.),$);
#4230=IFCPROPERTYSINGLEVALUE('S\X\EDmbolo en extremo 2 por defecto',$,IFCBOOLEAN(.T.),$);
#4231=IFCPROPERTYSINGLEVALUE('Nombre de tipo',$,IFCTEXT('Extremo inicial 8 mm'),$);
#4232=IFCPROPERTYSET('0tOSrY3Y8UxIoP5vUg9VKe',#18,'Otros',$,(#4214,#4215,#4216,#4217,#4218));
#4233=IFCPROPERTYSET('1ldjPrTwHwQ4tXSM0kh$Xb',#18,'Restricciones',$,(#4219));
#4234=IFCPROPERTYSET('0G13JGdtIka0GpKSbYG9BD',#18,'Cotas',$,(#4220));
#4235=IFCPROPERTYSET('04OP3X2PRixuYR3qWEjsnU',#18,'Datos de identidad',$,(#130,#4221,#4222));
#4236=IFCPROPERTYSET('30ywHIewDUrORDm0UIpsb0',#18,'Otros(Tipo)',$,(#4214,#4223));
#4237=IFCPROPERTYSET('0i3fTWGfP33cgsfV2j631m',#18,'Restricciones(Tipo)',$,(#4224));
#4238=IFCPROPERTYSET('1kT4cQ5ow_Th$TyC8quCRg',#18,'Gr\X\E1ficos(Tipo)',$,(#4225,#4226,#4227,#4228,#4229,#4230));
#4239=IFCPROPERTYSET('1oQ6lLXUh3ZAigqTsv_3yD',#18,'Datos de identidad(Tipo)',$,(#4231));
#4240=IFCRELCONTAINEDINSPATIALSTRUCTURE('3Aw$FV5MbAufEo59tkoNgA',#18,$,$,(#71,#167,#217,#267,#410,#460,#522,#602,#666,#794,#856,#941,#3595,#3826,#3907,#3943,#4008,#4034,#4125,#4184),#37);
#4241=IFCPROPERTYSET('151Ln0Fjb92Z3sCKU6wotL',#18,'Pset_BuildingStoreyCommon',$,(#4211));
#4242=IFCRELDEFINESBYPROPERTIES('3iRLjTf7fAvUvgRj26q3nU',#18,$,$,(#41),#4241);
#4243=IFCPROPERTYSINGLEVALUE('Elevaci\X\F3n',$,IFCLENGTHMEASURE(2.4419999999999877),$);
#4244=IFCPROPERTYSINGLEVALUE('Nombre',$,IFCTEXT('Nivel 2'),$);
#4245=IFCPROPERTYSET('3oRYVYQXI7tYMswHGcsVXy',#18,'Otros',$,(#4214,#4215,#4216,#4217,#4218));
#4246=IFCPROPERTYSET('3z1uBxvrDwhc$jFGJGkMae',#18,'Restricciones',$,(#4243));
#4247=IFCPROPERTYSET('2hSJGneJkipR_fA36iYsQx',#18,'Cotas',$,(#4220));
#4248=IFCPROPERTYSET('0CUqsyPkrD31JjNEFDz5Z4',#18,'Datos de identidad',$,(#130,#4222,#4244));
#4249=IFCRELCONTAINEDINSPATIALSTRUCTURE('3kSL0VGKv3gxJCujiqtuJj',#18,$,$,(#991,#1042,#1092,#1142,#1192,#1242,#1292,#1357,#1407,#1457,#1515,#1568,#1622,#1726,#1805,#1917,#2040,#2156,#2214,#3650,#3692,#3742),#41);
#4250=IFCRELAGGREGATES('3ZkkhJIEnoN0JwO4J_dIER',#18,$,$,#29,(#44));
#4251=IFCRELAGGREGATES('0XiFkFpbR0rY5phXr5ItXQ',#18,$,$,#44,(#34));
#4252=IFCRELAGGREGATES('0bEVwXRmbBleAvzFSJirAn',#18,$,$,#34,(#37,#41));
#4253=IFCPROPERTYSINGLEVALUE('NumberOfStoreys',$,IFCINTEGER(2),$);
#4254=IFCPROPERTYSINGLEVALUE('IsLandmarked',$,IFCLOGICAL(.U.),$);
#4255=IFCPROPERTYSET('17h1P3LMPehRCqUz9gMttR',#18,'Pset_BuildingCommon',$,(#4253,#4254));
#4256=IFCRELDEFINESBYPROPERTIES('2wzNneJMwLf0Kii6OGNn79',#18,$,$,(#34),#4255);
#4257=IFCRELASSOCIATESMATERIAL('2M5NzOxqbWEDg9Vl0lTnbg',#18,$,$,(#71),#89);
#4258=IFCRELASSOCIATESMATERIAL('3KC5bJUicl$jLPy5CnSymE',#18,$,$,(#167),#178);
#4259=IFCRELASSOCIATESMATERIAL('1mXRxZuW9SAGXNNQw_cN4C',#18,$,$,(#217),#228);
#4260=IFCRELASSOCIATESMATERIAL('39gwmR4L9OyeFctNDeofQl',#18,$,$,(#267),#303);
#4261=IFCRELASSOCIATESMATERIAL('0GhpgpE56XtK9aNelh8tDV',#18,$,$,(#410),#421);
#4262=IFCRELASSOCIATESMATERIAL('2UR7e4ncUU2b6GPEoO0w$u',#18,$,$,(#460),#471);
#4263=IFCRELASSOCIATESMATERIAL('0ORMCoiHdd$wO97PcDtCJY',#18,$,$,(#522),#535);
#4264=IFCRELASSOCIATESMATERIAL('0i0DfiJucPy8q1qZA_DHWw',#18,$,$,(#602),#613);
#4265=IFCRELASSOCIATESMATERIAL('2r4zsO07MkU7458yfJOSEo',#18,$,$,(#666),#698);
#4266=IFCRELASSOCIATESMATERIAL('3XJwpOi0ZlyysKdcX9nJVn',#18,$,$,(#794),#805);
#4267=IFCRELASSOCIATESMATERIAL('3GUtdnsvmGuhhny9AcWwmT',#18,$,$,(#856),#883);
#4268=IFCRELASSOCIATESMATERIAL('0LfweM1DDCcbrENDvCqIx8',#18,$,$,(#941),#952);
#4269=IFCRELASSOCIATESMATERIAL('0zKkSMpIsoKe8jMs_ssCc9',#18,$,$,(#991),#1002);
#4270=IFCRELASSOCIATESMATERIAL('2GqMpX7L1asIJQpivd0LaN',#18,$,$,(#1042),#1053);
#4271=IFCRELASSOCIATESMATERIAL('0$ovlMvMNplsTQ2hHHyeBO',#18,$,$,(#1092),#1103);
#4272=IFCRELASSOCIATESMATERIAL('2zSsCzMfJb2_SI8aSFm1ED',#18,$,$,(#1142),#1153);
#4273=IFCRELASSOCIATESMATERIAL('1$GrE7cuSbl5H5B9VW$P6I',#18,$,$,(#1192),#1203);
#4274=IFCRELASSOCIATESMATERIAL('1trwmCqeenZ8dzvB2swxJo',#18,$,$,(#1242),#1253);
#4275=IFCRELASSOCIATESMATERIAL('2AJy1t$i$cnqKJ7CqOKYpu',#18,$,$,(#1292),#1305);
#4276=IFCRELASSOCIATESMATERIAL('06h_fbZlWwTUIfH4xHh_mM',#18,$,$,(#1357),#1368);
#4277=IFCRELASSOCIATESMATERIAL('3MTfXumh_x20_Pt0ju5tpn',#18,$,$,(#1407),#1418);
#4278=IFCRELASSOCIATESMATERIAL('3fNljSiKJ57M85CZzMR9dD',#18,$,$,(#1457),#1468);
#4279=IFCRELASSOCIATESMATERIAL('0sMm7HVqOpgrG3BCYcnaKN',#18,$,$,(#1515),#1526);
#4280=IFCRELASSOCIATESMATERIAL('0eYtHin3HDeEgkPsroEi$C',#18,$,$,(#1568),#1579);
#4281=IFCRELASSOCIATESMATERIAL('3sty1sPSjMCF1w9i1t49NS',#18,$,$,(#1622),#1633);
#4282=IFCRELASSOCIATESMATERIAL('2rosXdVZHX6pYKt80nOtju',#18,$,$,(#1706,#1726,#1798,#1805,#3692,#3900,#3907,#3943,#4001,#4008),#1717);
#4283=IFCRELASSOCIATESMATERIAL('386pxXuEhtyepq9rt8y0in',#18,$,$,(#1899,#1917,#2033,#2040,#2149,#2156,#2214,#4034,#4118,#4125,#4184),#1910);
#4284=IFCRELASSOCIATESMATERIAL('0j5RoFkolyKaEMq1PnVBQz',#18,$,$,(#3650),#3661);
#4285=IFCRELASSOCIATESMATERIAL('3lRHYMqp0VGU0uvHjFSxbK',#18,$,$,(#3742),#3751);
#4286=IFCRELASSOCIATESMATERIAL('03a0QLmL3NQm9R_yuD2mKV',#18,$,$,(#3826),#3827);
#4287=IFCRELASSOCIATESMATERIAL('1ZFedqIfa$bDV2i_s7wmGN',#18,$,$,(#90),#88);
#4288=IFCRELASSOCIATESMATERIAL('21PUgADkKsuYYwlW_h_I1W',#18,$,$,(#536),#534);
#4289=IFCRELASSOCIATESMATERIAL('1rNMbRzCMglCNBcujTDhka',#18,$,$,(#1306),#1304);
#4290=IFCRELASSOCIATESMATERIAL('1GfIkQ6T8j6RLc7LhVsFVw',#18,$,$,(#3583,#3595),#3584);
#4291=IFCRELASSOCIATESMATERIAL('3JFbWJxmVqPf5ONAYERqub',#18,$,$,(#3743),#3750);
#4292=IFCRELDEFINESBYTYPE('0UxHX6v26WQFotBexg1IqM',#18,$,$,(#71,#167,#217,#267,#410,#460,#991,#1042,#1092,#1142,#1192,#1242),#90);
#4293=IFCRELDEFINESBYTYPE('2LuCBnpQZo_uUWjSoW$_ga',#18,$,$,(#522,#602,#666,#794,#856,#941,#1568,#1622),#536);
#4294=IFCRELDEFINESBYTYPE('1FU2RIYIinx_1rP1eJRzeW',#18,$,$,(#1292,#1357,#1407,#1457,#1515,#3650),#1306);
#4295=IFCRELDEFINESBYTYPE('3jXDFDc2MMJynanDkznCDM',#18,$,$,(#1726,#3692),#1706);
#4296=IFCRELDEFINESBYTYPE('1jUNr8oCWdWf1a0VKaWO6z',#18,$,$,(#1805),#1798);
#4297=IFCRELDEFINESBYTYPE('36LC0bTtag2D3fYT5QXfbr',#18,$,$,(#1917,#4034),#1899);
#4298=IFCRELDEFINESBYTYPE('1okDf48JAm_dCbUGzpvEnP',#18,$,$,(#2040),#2033);
#4299=IFCRELDEFINESBYTYPE('1GTZYQ2FCE$wJk4YUFPAiP',#18,$,$,(#2156,#2214,#4184),#2149);
#4300=IFCRELDEFINESBYTYPE('1ML17S4VFwwl29mWu1PUJw',#18,$,$,(#3595),#3583);
#4301=IFCRELDEFINESBYTYPE('0FItHzxDGZFFluft1Stb9K',#18,$,$,(#3742,#3826),#3743);
#4302=IFCRELDEFINESBYTYPE('3LSrbnXfzCM56By4RJyhll',#18,$,$,(#3907,#3943),#3900);
#4303=IFCRELDEFINESBYTYPE('1e_TADaPSxXtCll2w6SEHx',#18,$,$,(#4008),#4001);
#4304=IFCRELDEFINESBYTYPE('2r05FvEuh9_sV6_EADDECJ',#18,$,$,(#4125),#4118);
#4305=IFCRELDEFINESBYPROPERTIES('3ef1H4py6AWueKV7yHJbix',#18,$,$,(#37),#4232);
#4306=IFCRELDEFINESBYPROPERTIES('3eG_cZYM2cxKNsFVxwjYBj',#18,$,$,(#37),#4233);
#4307=IFCRELDEFINESBYPROPERTIES('2ULtPCn0yDKACgRhrvAt4R',#18,$,$,(#37),#4234);
#4308=IFCRELDEFINESBYPROPERTIES('0D1YyDnPqe$855IreVe4uL',#18,$,$,(#37),#4235);
#4309=IFCRELDEFINESBYPROPERTIES('2sufXAoUoonXPTnLHLW1Il',#18,$,$,(#41),#4245);
#4310=IFCRELDEFINESBYPROPERTIES('2VD5UndHO0C8h$TqBIVgEo',#18,$,$,(#41),#4246);
#4311=IFCRELDEFINESBYPROPERTIES('0XgpU4TnW52mEfVm9AjiID',#18,$,$,(#41),#4247);
#4312=IFCRELDEFINESBYPROPERTIES('0oacT2f7rJ$RKGQLA$CMaD',#18,$,$,(#41),#4248);
#4313=IFCRELDEFINESBYPROPERTIES('21I9GImNHZzIiRaWTOpHEE',#18,$,$,(#34,#44),#52);
#4314=IFCRELDEFINESBYPROPERTIES('3fu797keRVLfIQYLo1qLbO',#18,$,$,(#71),#142);
#4315=IFCRELDEFINESBYPROPERTIES('0BrXLEjPvi9YQ8nAyMDMIP',#18,$,$,(#71),#143);
#4316=IFCRELDEFINESBYPROPERTIES('2_6I6zoERYT1kuYXLbvxWN',#18,$,$,(#71),#144);
#4317=IFCRELDEFINESBYPROPERTIES('2GAWBsVXiBrZ04PPieIbol',#18,$,$,(#71),#145);
#4318=IFCRELDEFINESBYPROPERTIES('1P9Jksdn_rzsgIaj7Wofb0',#18,$,$,(#71),#146);
#4319=IFCRELDEFINESBYPROPERTIES('3N5Aw_SdpRBGIyu9zos4T0',#18,$,$,(#71),#147);
#4320=IFCRELDEFINESBYPROPERTIES('3gqVmSWT3FgRXrWeQ8v4ZA',#18,$,$,(#167),#197);
#4321=IFCRELDEFINESBYPROPERTIES('0w0TzcHPtlS7B55TZ4X2I_',#18,$,$,(#167),#198);
#4322=IFCRELDEFINESBYPROPERTIES('0KEZSD18cd5hRLdQRlIyiq',#18,$,$,(#167),#199);
#4323=IFCRELDEFINESBYPROPERTIES('2G2BvuVnUKQsXzMFSY4bqQ',#18,$,$,(#167),#200);
#4324=IFCRELDEFINESBYPROPERTIES('1DVcLLNnlrg0sC5tj2ZEGF',#18,$,$,(#167),#201);
#4325=IFCRELDEFINESBYPROPERTIES('2dokvzcaHDUJVwmATT9gvv',#18,$,$,(#167),#202);
#4326=IFCRELDEFINESBYPROPERTIES('2RXWX6yyFl5SDEiUAqLreN',#18,$,$,(#217),#247);
#4327=IFCRELDEFINESBYPROPERTIES('15SSXanVG7qvrO1mAUbWtM',#18,$,$,(#217),#248);
#4328=IFCRELDEFINESBYPROPERTIES('2EQO0GefQjdGCHFXWxF1hK',#18,$,$,(#217),#249);
#4329=IFCRELDEFINESBYPROPERTIES('1bLzzKKlsYbWalDUNRuMkv',#18,$,$,(#217),#250);
#4330=IFCRELDEFINESBYPROPERTIES('0cFZehIqUDyR4w3siL9rXv',#18,$,$,(#217),#251);
#4331=IFCRELDEFINESBYPROPERTIES('3kvmFZ0YsiK9QDgUkUbYeK',#18,$,$,(#217),#252);
#4332=IFCRELDEFINESBYPROPERTIES('0QqRPl4UnOJjBYNfzQxupi',#18,$,$,(#267),#335);
#4333=IFCRELDEFINESBYPROPERTIES('2iivrAadH2OgfRR82oX9JB',#18,$,$,(#267),#336);
#4334=IFCRELDEFINESBYPROPERTIES('15PwWzLGQ$ycwEd33_6RoS',#18,$,$,(#267),#337);
#4335=IFCRELDEFINESBYPROPERTIES('2_LS9SVzBBa0vKkEl2XH58',#18,$,$,(#267),#338);
#4336=IFCRELDEFINESBYPROPERTIES('1v65tJHGhjBqXiCa1lyEgJ',#18,$,$,(#267),#339);
#4337=IFCRELDEFINESBYPROPERTIES('36NPc$Dl5_yu$IlJTsq_d1',#18,$,$,(#267),#340);
#4338=IFCRELDEFINESBYPROPERTIES('2anmw8YFXhMWDT$nj1bnBI',#18,$,$,(#410),#440);
#4339=IFCRELDEFINESBYPROPERTIES('3WWueTTpmSNrSiaHoznNMK',#18,$,$,(#410),#441);
#4340=IFCRELDEFINESBYPROPERTIES('3c2Yu202we0edMStgNtDT8',#18,$,$,(#410),#442);
#4341=IFCRELDEFINESBYPROPERTIES('2oA0pd9BPYHtrsCHiqZwYo',#18,$,$,(#410),#443);
#4342=IFCRELDEFINESBYPROPERTIES('2x4P8FDf2QHmdx103RyG5y',#18,$,$,(#410),#444);
#4343=IFCRELDEFINESBYPROPERTIES('3hPS3UDEl5UsNNWDTyjvl_',#18,$,$,(#410),#445);
#4344=IFCRELDEFINESBYPROPERTIES('23CTTgUjEw0YJtFOy357gg',#18,$,$,(#460),#490);
#4345=IFCRELDEFINESBYPROPERTIES('1b$bKC$DHll3VtcJgPeRSw',#18,$,$,(#460),#491);
#4346=IFCRELDEFINESBYPROPERTIES('3iuygr60_iXPDam2J$pOF1',#18,$,$,(#460),#492);
#4347=IFCRELDEFINESBYPROPERTIES('1vkg6544hVRFcH5XyQ$yXd',#18,$,$,(#460),#493);
#4348=IFCRELDEFINESBYPROPERTIES('0wuF2_TB$jIeXbycVHyzX1',#18,$,$,(#460),#494);
#4349=IFCRELDEFINESBYPROPERTIES('1q0MQWIcrigsCPzTbioitv',#18,$,$,(#460),#495);
#4350=IFCRELDEFINESBYPROPERTIES('0pVy$WZbndBVtymDiTXwdB',#18,$,$,(#522),#565);
#4351=IFCRELDEFINESBYPROPERTIES('0B9x0HR0LWujp_4SrObgjf',#18,$,$,(#522),#566);
#4352=IFCRELDEFINESBYPROPERTIES('1tuH$uDshEoZeLQYBxVdIN',#18,$,$,(#522),#567);
#4353=IFCRELDEFINESBYPROPERTIES('1HD30qL$FZZmSPPfrCCU99',#18,$,$,(#522),#568);
#4354=IFCRELDEFINESBYPROPERTIES('1l1PtZCHO1LTx9OCkEHlLK',#18,$,$,(#522),#569);
#4355=IFCRELDEFINESBYPROPERTIES('0ZUFgnemaaNsDA2E6w_KAc',#18,$,$,(#522),#570);
#4356=IFCRELDEFINESBYPROPERTIES('20oXrYqdXb0hGJThUgvTbu',#18,$,$,(#602),#632);
#4357=IFCRELDEFINESBYPROPERTIES('2dMIip1t6joXP1WSUOgyfn',#18,$,$,(#602),#633);
#4358=IFCRELDEFINESBYPROPERTIES('2mf4g4UbU0CB$PHwfO1zkj',#18,$,$,(#602),#634);
#4359=IFCRELDEFINESBYPROPERTIES('3ZM$8lw2_B3ixATJGMm4OW',#18,$,$,(#602),#635);
#4360=IFCRELDEFINESBYPROPERTIES('0VB7xTl1pATZhleIl9BPAj',#18,$,$,(#602),#636);
#4361=IFCRELDEFINESBYPROPERTIES('28safc1GjQZPmOgWVmTImE',#18,$,$,(#602),#637);
#4362=IFCRELDEFINESBYPROPERTIES('1PGz7jWrU9$9xDmfP3LSiM',#18,$,$,(#666),#730);
#4363=IFCRELDEFINESBYPROPERTIES('0ppD7YmOyMy17Gc96In_ve',#18,$,$,(#666),#731);
#4364=IFCRELDEFINESBYPROPERTIES('1UqJcledwGyupDaDh7D6Vo',#18,$,$,(#666),#732);
#4365=IFCRELDEFINESBYPROPERTIES('32GF6TQSXRB4IxfgycUA$f',#18,$,$,(#666),#733);
#4366=IFCRELDEFINESBYPROPERTIES('0emmPjrKcYMtC0vQ83voLm',#18,$,$,(#666),#734);
#4367=IFCRELDEFINESBYPROPERTIES('1RiMneoNKrs9nYvXU4NGMp',#18,$,$,(#666),#735);
#4368=IFCRELDEFINESBYPROPERTIES('1iKatkyvRDRBxtmjufRWgq',#18,$,$,(#794),#824);
#4369=IFCRELDEFINESBYPROPERTIES('0r25jbBjH8OccOcIVMJ08d',#18,$,$,(#794),#825);
#4370=IFCRELDEFINESBYPROPERTIES('18BUKFMStMF6WSWwolHCl0',#18,$,$,(#794),#826);
#4371=IFCRELDEFINESBYPROPERTIES('1EpolgEHRK2rXetjYUyN8a',#18,$,$,(#794),#827);
#4372=IFCRELDEFINESBYPROPERTIES('1BWIjn4DMO6wgqc3md4x0y',#18,$,$,(#794),#828);
#4373=IFCRELDEFINESBYPROPERTIES('3XxU0xFfSZsGn5ctLMYUkb',#18,$,$,(#794),#829);
#4374=IFCRELDEFINESBYPROPERTIES('3lRvVCDg6S6rnqXYfPAV5d',#18,$,$,(#856),#906);
#4375=IFCRELDEFINESBYPROPERTIES('2WEg5cY_$rwAE5yfnsKusp',#18,$,$,(#856),#907);
#4376=IFCRELDEFINESBYPROPERTIES('0trqv5KVZemob$3w4sBQx3',#18,$,$,(#856),#908);
#4377=IFCRELDEFINESBYPROPERTIES('12hJ11Yw4_ipShPIKm3QeC',#18,$,$,(#856),#909);
#4378=IFCRELDEFINESBYPROPERTIES('2ahHe0EXtD4fl75sxt0lsZ',#18,$,$,(#856),#910);
#4379=IFCRELDEFINESBYPROPERTIES('12g0WvkFCt$G32pTy7rD8I',#18,$,$,(#856),#911);
#4380=IFCRELDEFINESBYPROPERTIES('2oitf$bxZxggsNXFejWXB7',#18,$,$,(#941),#971);
#4381=IFCRELDEFINESBYPROPERTIES('2SxFtY76w2DTB5CF$exdeI',#18,$,$,(#941),#972);
#4382=IFCRELDEFINESBYPROPERTIES('0Xqp3JgBsjIPLzUKtnWpQ9',#18,$,$,(#941),#973);
#4383=IFCRELDEFINESBYPROPERTIES('3ZDzlGTfsnQFH4qEL5FGP7',#18,$,$,(#941),#974);
#4384=IFCRELDEFINESBYPROPERTIES('1Urw12mMPFSOAea9LuMckw',#18,$,$,(#941),#975);
#4385=IFCRELDEFINESBYPROPERTIES('17$o4uAd6f0rHS8hDPfqNN',#18,$,$,(#941),#976);
#4386=IFCRELDEFINESBYPROPERTIES('1R04qPnNWMQs1Kp0NQ1zKw',#18,$,$,(#991),#1022);
#4387=IFCRELDEFINESBYPROPERTIES('13LHfq3yURcpF_IEgLmDDb',#18,$,$,(#991),#1023);
#4388=IFCRELDEFINESBYPROPERTIES('0QRqIjqgA8AfsQybDw5GDG',#18,$,$,(#991),#1024);
#4389=IFCRELDEFINESBYPROPERTIES('2Pw8K4uxITlSKssRq9gxko',#18,$,$,(#991),#1025);
#4390=IFCRELDEFINESBYPROPERTIES('3yVaF1WQ5mnmbaPc5kxEfC',#18,$,$,(#991),#1026);
#4391=IFCRELDEFINESBYPROPERTIES('1JfK_Eceh46c8EUchBEflh',#18,$,$,(#991),#1027);
#4392=IFCRELDEFINESBYPROPERTIES('0NBU$J46ug4aPl3wQvNtiG',#18,$,$,(#1042),#1072);
#4393=IFCRELDEFINESBYPROPERTIES('2luWGU$_OWR471s2hxGqdp',#18,$,$,(#1042),#1073);
#4394=IFCRELDEFINESBYPROPERTIES('2QKiTuMnJR8XitK8jF_t6a',#18,$,$,(#1042),#1074);
#4395=IFCRELDEFINESBYPROPERTIES('2$Gfr0vO8jNHJ0q9i7Z2qm',#18,$,$,(#1042),#1075);
#4396=IFCRELDEFINESBYPROPERTIES('13RjjiHlp_VdKwQJCM0eZm',#18,$,$,(#1042),#1076);
#4397=IFCRELDEFINESBYPROPERTIES('3B0WkXQyeIgKDIyFigTDvm',#18,$,$,(#1042),#1077);
#4398=IFCRELDEFINESBYPROPERTIES('2WHAszyVGxzFHXgdHTVGLM',#18,$,$,(#1092),#1122);
#4399=IFCRELDEFINESBYPROPERTIES('3fTCueAIOBz9808ww6j$PF',#18,$,$,(#1092),#1123);
#4400=IFCRELDEFINESBYPROPERTIES('1VCZtHpDmak0gNKYVEA7hV',#18,$,$,(#1092),#1124);
#4401=IFCRELDEFINESBYPROPERTIES('26X1AHuzrUMlwfvbB29Uab',#18,$,$,(#1092),#1125);
#4402=IFCRELDEFINESBYPROPERTIES('3uatCrhjIEaUQHRf_janbw',#18,$,$,(#1092),#1126);
#4403=IFCRELDEFINESBYPROPERTIES('1Ukz3mIJwFM_GCCDFfTsWS',#18,$,$,(#1092),#1127);
#4404=IFCRELDEFINESBYPROPERTIES('0lx6Z5m3WJy17aKmXG1ib2',#18,$,$,(#1142),#1172);
#4405=IFCRELDEFINESBYPROPERTIES('2wGMMtgoyBLOhrBrqeOGOX',#18,$,$,(#1142),#1173);
#4406=IFCRELDEFINESBYPROPERTIES('3y1qouOln7IoRy3fPmxinn',#18,$,$,(#1142),#1174);
#4407=IFCRELDEFINESBYPROPERTIES('1W0H1RvLoHRcPhccB8$rkt',#18,$,$,(#1142),#1175);
#4408=IFCRELDEFINESBYPROPERTIES('0gbpZUxTAoNSCPZfOaTYd2',#18,$,$,(#1142),#1176);
#4409=IFCRELDEFINESBYPROPERTIES('20DPJ$hXl9mXK_x4rAiy40',#18,$,$,(#1142),#1177);
#4410=IFCRELDEFINESBYPROPERTIES('33DXaPoxSZC621Ckh4CHXS',#18,$,$,(#1192),#1222);
#4411=IFCRELDEFINESBYPROPERTIES('2e$qUv0L27CdwBT8Ri7Ayf',#18,$,$,(#1192),#1223);
#4412=IFCRELDEFINESBYPROPERTIES('1KFwjS6OJLVfVMqciepEoE',#18,$,$,(#1192),#1224);
#4413=IFCRELDEFINESBYPROPERTIES('26BBO2S2_dgsbWmGWdFXdd',#18,$,$,(#1192),#1225);
#4414=IFCRELDEFINESBYPROPERTIES('06YpoDB_1vd1weuzf3y3iW',#18,$,$,(#1192),#1226);
#4415=IFCRELDEFINESBYPROPERTIES('0BXQNMjwBg59IOS9RCE6XF',#18,$,$,(#1192),#1227);
#4416=IFCRELDEFINESBYPROPERTIES('32jHJnVHiu3CS9JEnz1H8E',#18,$,$,(#1242),#1272);
#4417=IFCRELDEFINESBYPROPERTIES('34yPOno9QHJsNWxq9Ma8nm',#18,$,$,(#1242),#1273);
#4418=IFCRELDEFINESBYPROPERTIES('3YXmC_WleAlpfrIqHd$tWL',#18,$,$,(#1242),#1274);
#4419=IFCRELDEFINESBYPROPERTIES('0NruwX$F$LwZJuKWlIAM9Z',#18,$,$,(#1242),#1275);
#4420=IFCRELDEFINESBYPROPERTIES('3D5ntwiiDJ1JVreS426a7g',#18,$,$,(#1242),#1276);
#4421=IFCRELDEFINESBYPROPERTIES('16ObODPtiBH8MIH731asM$',#18,$,$,(#1242),#1277);
#4422=IFCRELDEFINESBYPROPERTIES('3I$TY$Cuqo7Ou$GSjeT6io',#18,$,$,(#1292),#1332);
#4423=IFCRELDEFINESBYPROPERTIES('2GM4JiTi5FgU5uy90inVHD',#18,$,$,(#1292),#1333);
#4424=IFCRELDEFINESBYPROPERTIES('3jX3xK0yQbptPZoJgodVeP',#18,$,$,(#1292),#1334);
#4425=IFCRELDEFINESBYPROPERTIES('0qtAt5MKo3Vhr8bpymHmM3',#18,$,$,(#1292),#1335);
#4426=IFCRELDEFINESBYPROPERTIES('3rbWZ7nmRvophdhyAZyJ$f',#18,$,$,(#1292),#1336);
#4427=IFCRELDEFINESBYPROPERTIES('3UdKm0nPid2BdXNgr_ZQOO',#18,$,$,(#1292),#1337);
#4428=IFCRELDEFINESBYPROPERTIES('1cwfdSaYxw6ejZew1fXRLv',#18,$,$,(#1357),#1387);
#4429=IFCRELDEFINESBYPROPERTIES('13WU$TqUG6Vq7XokFqS94x',#18,$,$,(#1357),#1388);
#4430=IFCRELDEFINESBYPROPERTIES('3ph92P1kiC8w7YrBKZ4Gaf',#18,$,$,(#1357),#1389);
#4431=IFCRELDEFINESBYPROPERTIES('09aWwPs0BBJ86L8LgW_h8c',#18,$,$,(#1357),#1390);
#4432=IFCRELDEFINESBYPROPERTIES('3xOERYX1iiWI4$qc5l8zvz',#18,$,$,(#1357),#1391);
#4433=IFCRELDEFINESBYPROPERTIES('1CRqOAR4PuRMCxXRI0Tkr6',#18,$,$,(#1357),#1392);
#4434=IFCRELDEFINESBYPROPERTIES('1BqRV0CyzcJfNfohhPFDfu',#18,$,$,(#1407),#1437);
#4435=IFCRELDEFINESBYPROPERTIES('1ikyixrJXw3RN_81aoSNVa',#18,$,$,(#1407),#1438);
#4436=IFCRELDEFINESBYPROPERTIES('2_JcFca2qa5jQWMLSTdxp8',#18,$,$,(#1407),#1439);
#4437=IFCRELDEFINESBYPROPERTIES('3Vb7xvidHdPoGIqZL1T2$W',#18,$,$,(#1407),#1440);
#4438=IFCRELDEFINESBYPROPERTIES('3uDsqTtYR5ARnp7DPxh6y1',#18,$,$,(#1407),#1441);
#4439=IFCRELDEFINESBYPROPERTIES('1mqV9p1Y0IirDCGKwxyK9r',#18,$,$,(#1407),#1442);
#4440=IFCRELDEFINESBYPROPERTIES('2LFQtM3O_RHvriMkNf01IN',#18,$,$,(#1457),#1487);
#4441=IFCRELDEFINESBYPROPERTIES('1OfOj5ybsM$IojHuT_GQh7',#18,$,$,(#1457),#1488);
#4442=IFCRELDEFINESBYPROPERTIES('1plpOUk84499rMjFCY6IRD',#18,$,$,(#1457),#1489);
#4443=IFCRELDEFINESBYPROPERTIES('0kQWO3WvdC6hq4F4Owda8x',#18,$,$,(#1457),#1490);
#4444=IFCRELDEFINESBYPROPERTIES('2RJ4RrQkaFT5FMFbnfF472',#18,$,$,(#1457),#1491);
#4445=IFCRELDEFINESBYPROPERTIES('0lzi7crMtN_mifsg714XCc',#18,$,$,(#1457),#1492);
#4446=IFCRELDEFINESBYPROPERTIES('19SDqaVTfycsBBKt6M0axQ',#18,$,$,(#1515),#1545);
#4447=IFCRELDEFINESBYPROPERTIES('1Ni7m$RUM3IHe6v_0UAZeC',#18,$,$,(#1515),#1546);
#4448=IFCRELDEFINESBYPROPERTIES('0Hrq3z4pcM_Vt5g1JMKxZP',#18,$,$,(#1515),#1547);
#4449=IFCRELDEFINESBYPROPERTIES('3jcsNUBtoCiuPBOTbosZY0',#18,$,$,(#1515),#1548);
#4450=IFCRELDEFINESBYPROPERTIES('0LkMurTmr876tlaAgpMefa',#18,$,$,(#1515),#1549);
#4451=IFCRELDEFINESBYPROPERTIES('3F2ifV2QAEXayjDaTWw4wo',#18,$,$,(#1515),#1550);
#4452=IFCRELDEFINESBYPROPERTIES('1Sizk6fg0kxJkZdbErGc_L',#18,$,$,(#1568),#1598);
#4453=IFCRELDEFINESBYPROPERTIES('0omplTAuO$LmTS1Xb4X8tg',#18,$,$,(#1568),#1599);
#4454=IFCRELDEFINESBYPROPERTIES('2BAqIOG3I5pOoVk8rno7ix',#18,$,$,(#1568),#1600);
#4455=IFCRELDEFINESBYPROPERTIES('2Xdohrxf6o54dhsdzu8aTC',#18,$,$,(#1568),#1601);
#4456=IFCRELDEFINESBYPROPERTIES('1OMIkYq1hY_9YRqjYbn9lU',#18,$,$,(#1568),#1602);
#4457=IFCRELDEFINESBYPROPERTIES('3YSxQjtcyzRwDGybAjeqWD',#18,$,$,(#1568),#1603);
#4458=IFCRELDEFINESBYPROPERTIES('25v2mfDnDclAT1ov$iimqU',#18,$,$,(#1622),#1652);
#4459=IFCRELDEFINESBYPROPERTIES('2tw$$Plj$8$Zlm$_p0Ezy0',#18,$,$,(#1622),#1653);
#4460=IFCRELDEFINESBYPROPERTIES('1KTGASBld__DlYPlV2L$hA',#18,$,$,(#1622),#1654);
#4461=IFCRELDEFINESBYPROPERTIES('2nC2d7yzgLPxqItqgmynyl',#18,$,$,(#1622),#1655);
#4462=IFCRELDEFINESBYPROPERTIES('0t_MAPLvxf53NWdviPh6_m',#18,$,$,(#1622),#1656);
#4463=IFCRELDEFINESBYPROPERTIES('2OlGFl9jmiWSfOWRADi1qD',#18,$,$,(#1622),#1657);
#4464=IFCRELDEFINESBYPROPERTIES('1EHrC2z7gL1uVZ3anYgu8g',#18,$,$,(#1726),#1751);
#4465=IFCRELDEFINESBYPROPERTIES('2rMGJFC4_CJ6kHQBVaL_66',#18,$,$,(#1726),#1752);
#4466=IFCRELDEFINESBYPROPERTIES('2U8eewPvrLr6Izgmfh4uhn',#18,$,$,(#1726),#1753);
#4467=IFCRELDEFINESBYPROPERTIES('28JEYiqF4KZvUZ7FxWBmVX',#18,$,$,(#1726),#1754);
#4468=IFCRELDEFINESBYPROPERTIES('1pEBzgxVFSzPZQ93H0nC0M',#18,$,$,(#1726),#1755);
#4469=IFCRELDEFINESBYPROPERTIES('2QxlLlRCv8BAhigA85S27b',#18,$,$,(#1805),#1828);
#4470=IFCRELDEFINESBYPROPERTIES('1P8RLaQOAqQ0sl6jE80Dhj',#18,$,$,(#1805),#1829);
#4471=IFCRELDEFINESBYPROPERTIES('3pPR5jITJ8Uqm_03XbJ7l8',#18,$,$,(#1805),#1830);
#4472=IFCRELDEFINESBYPROPERTIES('2ADlHO2D09VNUu6ZPg2gbg',#18,$,$,(#1805),#1831);
#4473=IFCRELDEFINESBYPROPERTIES('27ITIJby$vTTlvWU$_Q_hY',#18,$,$,(#1805),#1832);
#4474=IFCRELDEFINESBYPROPERTIES('3RanZOfwU_65bQZIySWO9T',#18,$,$,(#1917),#1964);
#4475=IFCRELDEFINESBYPROPERTIES('3QXZZauVNxweDs$FSt9gum',#18,$,$,(#1917),#1965);
#4476=IFCRELDEFINESBYPROPERTIES('2PaZ$iCh59130MHT8nJKN3',#18,$,$,(#1917),#1966);
#4477=IFCRELDEFINESBYPROPERTIES('3Btv0viQ0aRUcFgfrtMYCd',#18,$,$,(#1917),#1967);
#4478=IFCRELDEFINESBYPROPERTIES('2egTEL9ilR5a0WaXaRaOCn',#18,$,$,(#1917),#1968);
#4479=IFCRELDEFINESBYPROPERTIES('0r0kxidD3cAwj5PlosDlWC',#18,$,$,(#2040),#2080);
#4480=IFCRELDEFINESBYPROPERTIES('3zzttaOY1CT6tNetL4W1RK',#18,$,$,(#2040),#2081);
#4481=IFCRELDEFINESBYPROPERTIES('2sbhaB1k4dlqyfJXYeElJS',#18,$,$,(#2040),#2082);
#4482=IFCRELDEFINESBYPROPERTIES('0dC8n7pHF9mKZo$bCswxUJ',#18,$,$,(#2040),#2083);
#4483=IFCRELDEFINESBYPROPERTIES('2vmZUT35scrJaxtrii3fln',#18,$,$,(#2040),#2084);
#4484=IFCRELDEFINESBYPROPERTIES('0e7EKz8IMc4wF1wJqRC0gj',#18,$,$,(#2156),#2195);
#4485=IFCRELDEFINESBYPROPERTIES('2n_Vwqyuz7VooQPLwxvbAz',#18,$,$,(#2156),#2196);
#4486=IFCRELDEFINESBYPROPERTIES('0nbrqiGl_ZnSfDlC$UtL_c',#18,$,$,(#2156),#2197);
#4487=IFCRELDEFINESBYPROPERTIES('2b_9Np02R9nzIkJpayh9Yt',#18,$,$,(#2156),#2198);
#4488=IFCRELDEFINESBYPROPERTIES('3vkV4BnWa80Z1ZJ1dH52d0',#18,$,$,(#2156),#2199);
#4489=IFCRELDEFINESBYPROPERTIES('1wBn6zKPaPQYAN38yKnIhl',#18,$,$,(#2214),#2237);
#4490=IFCRELDEFINESBYPROPERTIES('1q4nguNljeUhgEfywnv7zE',#18,$,$,(#2214),#2238);
#4491=IFCRELDEFINESBYPROPERTIES('35fH2CwSUD_TYijd9RW6q1',#18,$,$,(#2214),#2239);
#4492=IFCRELDEFINESBYPROPERTIES('1YziIxxwLEXUvR5E5CHwRi',#18,$,$,(#2214),#2240);
#4493=IFCRELDEFINESBYPROPERTIES('0KsA1KQSLkHMdDt9U9YlTR',#18,$,$,(#2214),#2241);
#4494=IFCRELDEFINESBYPROPERTIES('3dedz7h4732j20rD76414c',#18,$,$,(#3595),#3626);
#4495=IFCRELDEFINESBYPROPERTIES('252qTR0G7u$DRWQAZJlkMp',#18,$,$,(#3595),#3627);
#4496=IFCRELDEFINESBYPROPERTIES('31tWRPKyGwRWD6IUZFkjLt',#18,$,$,(#3595),#3628);
#4497=IFCRELDEFINESBYPROPERTIES('0k2Yl7aVCc3YGXzzXwwHh9',#18,$,$,(#3595),#3629);
#4498=IFCRELDEFINESBYPROPERTIES('0Ofa4zMgwLPuAGz7rZ$VBe',#18,$,$,(#3595),#3630);
#4499=IFCRELDEFINESBYPROPERTIES('0$Kb68kgrm0O7nxxulG4m7',#18,$,$,(#3650),#3680);
#4500=IFCRELDEFINESBYPROPERTIES('3uhFJBCnKqYTsFQ4HfkuAD',#18,$,$,(#3650),#3681);
#4501=IFCRELDEFINESBYPROPERTIES('1y3$LNJAOf9mrslUpQGC5o',#18,$,$,(#3650),#3682);
#4502=IFCRELDEFINESBYPROPERTIES('3SuXBjaBOdKtxNvjt1pSfw',#18,$,$,(#3650),#3683);
#4503=IFCRELDEFINESBYPROPERTIES('3Tk5aV_THhETtaCDKn9Xgo',#18,$,$,(#3650),#3684);
#4504=IFCRELDEFINESBYPROPERTIES('09zhhwQ4i8Edad8s5Ol$8f',#18,$,$,(#3650),#3685);
#4505=IFCRELDEFINESBYPROPERTIES('2luA7IZOU_3IJO1OBKa90F',#18,$,$,(#3692),#3715);
#4506=IFCRELDEFINESBYPROPERTIES('3imisSfhm9$SMxyefRUDCd',#18,$,$,(#3692),#3716);
#4507=IFCRELDEFINESBYPROPERTIES('0RBocDRv_Mj4L$veuyIVMb',#18,$,$,(#3692),#3717);
#4508=IFCRELDEFINESBYPROPERTIES('1RlCLcjIcQhgx$7k_8n5Dz',#18,$,$,(#3692),#3718);
#4509=IFCRELDEFINESBYPROPERTIES('2vDoSPPVEJJOeH8Qbc91Bw',#18,$,$,(#3692),#3719);
#4510=IFCRELDEFINESBYPROPERTIES('1Fjtepgbl4eduQPDaUjJcC',#18,$,$,(#3742),#3796);
#4511=IFCRELDEFINESBYPROPERTIES('11oOTtPKT_7SiYnVtRvsmw',#18,$,$,(#3742),#3797);
#4512=IFCRELDEFINESBYPROPERTIES('32tGb8B$$gWUF6XQlqIvld',#18,$,$,(#3742),#3798);
#4513=IFCRELDEFINESBYPROPERTIES('2V4f0xGNXTMcl1N1dU0gmY',#18,$,$,(#3742),#3799);
#4514=IFCRELDEFINESBYPROPERTIES('3bZkJ8PAoRsVctW0PO$uKz',#18,$,$,(#3742),#3800);
#4515=IFCRELDEFINESBYPROPERTIES('1rDyDwtM$0c0H83uCMjDy8',#18,$,$,(#3742),#3801);
#4516=IFCRELDEFINESBYPROPERTIES('1VQ390yGUZcnlluqhPAG3g',#18,$,$,(#3826),#3854);
#4517=IFCRELDEFINESBYPROPERTIES('04XeHq4vCiHeq83Hm04MiZ',#18,$,$,(#3826),#3855);
#4518=IFCRELDEFINESBYPROPERTIES('3ma0HJzSH9KhhSwbB2YCW$',#18,$,$,(#3826),#3856);
#4519=IFCRELDEFINESBYPROPERTIES('17VUO6KOmeO9Ad66vHsJvi',#18,$,$,(#3826),#3857);
#4520=IFCRELDEFINESBYPROPERTIES('3PHdFVjFKTPpiTrqyreHEC',#18,$,$,(#3826),#3858);
#4521=IFCRELDEFINESBYPROPERTIES('3M7i901qeP5KIxX72X2s6A',#18,$,$,(#3826),#3859);
#4522=IFCRELDEFINESBYPROPERTIES('2JslRN$iOIVI3mCv4odpTO',#18,$,$,(#867),#914);
#4523=IFCRELDEFINESBYPROPERTIES('3EA$Z9K0yGg_V3wZALWWQ3',#18,$,$,(#867),#915);
#4524=IFCRELDEFINESBYPROPERTIES('31b3_orzrcl314_fwzuIac',#18,$,$,(#3907),#3930);
#4525=IFCRELDEFINESBYPROPERTIES('1yYS$DzP_RPODNYuyLGP_W',#18,$,$,(#3907),#3931);
#4526=IFCRELDEFINESBYPROPERTIES('0vAjuRX4scOYvX_3CMoAB6',#18,$,$,(#3907),#3932);
#4527=IFCRELDEFINESBYPROPERTIES('0W0HmQvS66hFdRT2VuyYkp',#18,$,$,(#3907),#3933);
#4528=IFCRELDEFINESBYPROPERTIES('0dF15hyY4uShFs_z2jM82$',#18,$,$,(#3907),#3934);
#4529=IFCRELDEFINESBYPROPERTIES('2WyNL5J77SZU48U8OpZ1IO',#18,$,$,(#681,#3943),#758);
#4530=IFCRELDEFINESBYPROPERTIES('3c4kihP6cHDhAdEAECmPTm',#18,$,$,(#681,#3943),#759);
#4531=IFCRELDEFINESBYPROPERTIES('0WdzBiQU6236a4VWiZa$DE',#18,$,$,(#681,#3943),#760);
#4532=IFCRELDEFINESBYPROPERTIES('3vJIdjoA2PirKrPHCi_Lrw',#18,$,$,(#681,#3943),#761);
#4533=IFCRELDEFINESBYPROPERTIES('3GHurumHGb2JsG4Ni097_e',#18,$,$,(#681,#3943),#762);
#4534=IFCRELDEFINESBYPROPERTIES('1ttricbw3eeEWDiBUHE3M$',#18,$,$,(#286,#4008),#385);
#4535=IFCRELDEFINESBYPROPERTIES('10ct0mKqrEdM5eMF7ISYKl',#18,$,$,(#286,#4008),#386);
#4536=IFCRELDEFINESBYPROPERTIES('3IiI$Cf422hBgeMww4sIwa',#18,$,$,(#286,#4008),#387);
#4537=IFCRELDEFINESBYPROPERTIES('1fG6tysTZfrZBoDRRuMKTq',#18,$,$,(#286,#4008),#388);
#4538=IFCRELDEFINESBYPROPERTIES('3HXPOhbl4G3NHU5mqJ7BiT',#18,$,$,(#286,#4008),#389);
#4539=IFCRELDEFINESBYPROPERTIES('1F5cG3a_MPEw5mE4GVfd$Y',#18,$,$,(#4034),#4057);
#4540=IFCRELDEFINESBYPROPERTIES('34bjEy9h1_T5zC4cnznRIH',#18,$,$,(#4034),#4058);
#4541=IFCRELDEFINESBYPROPERTIES('2RrD8cCeR74$NbeV7XiTbk',#18,$,$,(#4034),#4059);
#4542=IFCRELDEFINESBYPROPERTIES('0SVUntH$RW44_3yhyMjzKi',#18,$,$,(#4034),#4060);
#4543=IFCRELDEFINESBYPROPERTIES('1vMzU0Mmt5OLz00BXcznMV',#18,$,$,(#4034),#4061);
#4544=IFCRELDEFINESBYPROPERTIES('0U02xoIeb7xDUiyFHQQifs',#18,$,$,(#4125),#4165);
#4545=IFCRELDEFINESBYPROPERTIES('3hxVrg4RWzUw2vljKFzbuC',#18,$,$,(#4125),#4166);
#4546=IFCRELDEFINESBYPROPERTIES('1135_c3m3gGHL7VrvNnm1E',#18,$,$,(#4125),#4167);
#4547=IFCRELDEFINESBYPROPERTIES('0EpoJsEJQC4soJfxwcLFCm',#18,$,$,(#4125),#4168);
#4548=IFCRELDEFINESBYPROPERTIES('1KmMGl$Is_Wya8npOcjCS9',#18,$,$,(#4125),#4169);
#4549=IFCRELDEFINESBYPROPERTIES('37Yx$1fPZjjrihLroLcU7a',#18,$,$,(#4184),#4206);
#4550=IFCRELDEFINESBYPROPERTIES('1a4rUiJcrnGxu$bmF$MAuJ',#18,$,$,(#4184),#4207);
#4551=IFCRELDEFINESBYPROPERTIES('1R7VX6VafLP9jYwOaLYZ5i',#18,$,$,(#4184),#4208);
#4552=IFCRELDEFINESBYPROPERTIES('3VmWloqVDloiyO__B9JaGf',#18,$,$,(#4184),#4209);
#4553=IFCRELDEFINESBYPROPERTIES('1Be0FkLIaow$6I2IiaEtcN',#18,$,$,(#4184),#4210);
#4554=IFCRELDEFINESBYPROPERTIES('2goSaEYux9XRCVAx0A7MxN',#18,$,$,(#37,#41),#4236);
#4555=IFCRELDEFINESBYPROPERTIES('0Up5m3tzJpkjwEKhG$6_MB',#18,$,$,(#37,#41),#4237);
#4556=IFCRELDEFINESBYPROPERTIES('2K6uLr0G3fuaANHXJQHAZ4',#18,$,$,(#37,#41),#4238);
#4557=IFCRELDEFINESBYPROPERTIES('3P2f6W6rY5ShaoUpxb$4sE',#18,$,$,(#37,#41),#4239);
#4558=IFCRELCONNECTSPATHELEMENTS('3dpLCVcbyw$2Nzk9aVXgDb',#18,'0i4ixs_qz3rfJKp3nH4fGg|0i4ixs_qz3rfJKp3nH4f6h','Structural',$,#71,#460,(),(),.ATEND.,.ATSTART.);
#4559=IFCRELCONNECTSPATHELEMENTS('14SRi0sGs1MwHwZ5kElPwA',#18,'0i4ixs_qz3rfJKp3nH4fGg|0i4ixs_qz3rfJKp3nH4fBt','Structural',$,#71,#167,(),(),.ATSTART.,.ATEND.);
#4560=IFCRELCONNECTSPATHELEMENTS('1cHsZKGOHNdsjsyZEuqBqg',#18,'0i4ixs_qz3rfJKp3nH4fBt|0i4ixs_qz3rfJKp3nH4f9s','Structural',$,#167,#217,(),(),.ATSTART.,.ATEND.);
#4561=IFCRELCONNECTSPATHELEMENTS('2H3RATUfBjYmXtQ1Fn19F5',#18,'0i4ixs_qz3rfJKp3nH4f9s|0i4ixs_qz3rfJKp3nH4f7D','Structural',$,#217,#267,(),(),.ATSTART.,.ATEND.);
#4562=IFCRELCONNECTSPATHELEMENTS('102YfntEPlkVimqsGitjSt',#18,'0i4ixs_qz3rfJKp3nH4f7D|0i4ixs_qz3rfJKp3nH4f7b','Structural',$,#267,#410,(),(),.ATSTART.,.ATEND.);
#4563=IFCRELCONNECTSPATHELEMENTS('3ybwJ0aaf9KrlaG_v9EPwE',#18,'0i4ixs_qz3rfJKp3nH4f7b|0i4ixs_qz3rfJKp3nH4f6h','Structural',$,#410,#460,(),(),.ATSTART.,.ATEND.);
#4564=IFCRELCONNECTSPATHELEMENTS('3t74svsWMnxfnLwN6i96pv',#18,'0i4ixs_qz3rfJKp3nH4fGg|0i4ixs_qz3rfJKp3nH4f2f','Structural',$,#71,#522,(),(),.ATSTART.,.ATPATH.);
#4565=IFCRELCONNECTSPATHELEMENTS('1Bi77MKeysYigRPozFG25T',#18,'0i4ixs_qz3rfJKp3nH4f2f|0i4ixs_qz3rfJKp3nH4f1z','Structural',$,#522,#602,(),(),.ATSTART.,.ATEND.);
#4566=IFCRELCONNECTSPATHELEMENTS('1w$gWMvPP$Fvh6WoXcsBUy',#18,'0i4ixs_qz3rfJKp3nH4f1z|0i4ixs_qz3rfJKp3nH4f$0','Structural',$,#602,#666,(),(),.ATSTART.,.ATEND.);
#4567=IFCRELCONNECTSPATHELEMENTS('2xyunqji4FCUh9Zw5ExHfK',#18,'0i4ixs_qz3rfJKp3nH4f$0|0i4ixs_qz3rfJKp3nH4fxM','Structural',$,#666,#941,(),(),.ATEND.,.ATEND.);
#4568=IFCRELCONNECTSPATHELEMENTS('3L1lA9iYb1snxnUO9C3EFl',#18,'0i4ixs_qz3rfJKp3nH4f$0|0i4ixs_qz3rfJKp3nH4f_Y','Structural',$,#666,#794,(),(),.ATSTART.,.ATPATH.);
#4569=IFCRELCONNECTSPATHELEMENTS('0ORsTDg1Ns5GLiUY1_hbXr',#18,'0i4ixs_qz3rfJKp3nH4fBt|0i4ixs_qz3rfJKp3nH4f_Y','Structural',$,#167,#794,(),(),.ATEND.,.ATPATH.);
#4570=IFCRELCONNECTSPATHELEMENTS('18kLxIUO1Scre3y6pKB2RI',#18,'0i4ixs_qz3rfJKp3nH4f9s|0i4ixs_qz3rfJKp3nH4fyK','Structural',$,#217,#856,(),(),.ATSTART.,.ATPATH.);
#4571=IFCRELCONNECTSPATHELEMENTS('3hMD3bJ43oQyoBGjxCh4l6',#18,'0i4ixs_qz3rfJKp3nH4fyK|0i4ixs_qz3rfJKp3nH4fxM','Structural',$,#856,#941,(),(),.ATSTART.,.ATEND.);
#4572=IFCRELCONNECTSPATHELEMENTS('0hoN$5b6T8ly_JPi$2PmpJ',#18,'0i4ixs_qz3rfJKp3nH4fuT|0i4ixs_qz3rfJKp3nH4fo8','Structural',$,#991,#1242,(),(),.ATEND.,.ATSTART.);
#4573=IFCRELCONNECTSPATHELEMENTS('3dA_$8fiI6viKLLBa4Ku9G',#18,'0i4ixs_qz3rfJKp3nH4fuT|0i4ixs_qz3rfJKp3nH4ftl','Structural',$,#991,#1042,(),(),.ATSTART.,.ATEND.);
#4574=IFCRELCONNECTSPATHELEMENTS('3odhYLzact2EwFp_m46njl',#18,'0i4ixs_qz3rfJKp3nH4ftl|0i4ixs_qz3rfJKp3nH4fr4','Structural',$,#1042,#1092,(),(),.ATSTART.,.ATEND.);
#4575=IFCRELCONNECTSPATHELEMENTS('38r8TnHbGGAzCtI5ARqq7n',#18,'0i4ixs_qz3rfJKp3nH4fr4|0i4ixs_qz3rfJKp3nH4frq','Structural',$,#1092,#1142,(),(),.ATSTART.,.ATEND.);
#4576=IFCRELCONNECTSPATHELEMENTS('05hgDZzWsYXpXZNz4bVS5j',#18,'0i4ixs_qz3rfJKp3nH4frq|0i4ixs_qz3rfJKp3nH4fqx','Structural',$,#1142,#1192,(),(),.ATSTART.,.ATEND.);
#4577=IFCRELCONNECTSPATHELEMENTS('2F7OmnvFmO9c6emyrKw9Y1',#18,'0i4ixs_qz3rfJKp3nH4fqx|0i4ixs_qz3rfJKp3nH4fo8','Structural',$,#1192,#1242,(),(),.ATSTART.,.ATEND.);
#4578=IFCRELCONNECTSPATHELEMENTS('0KEAMfsrSIqaxL1bQQ6_oz',#18,'0i4ixs_qz3rfJKp3nH4fuT|0i4ixs_qz3rfJKp3nH4fmX','Structural',$,#991,#1292,(),(),.ATSTART.,.ATPATH.);
#4579=IFCRELCONNECTSPATHELEMENTS('3jKprL2tX7YC$DPdT8_FIp',#18,'0i4ixs_qz3rfJKp3nH4fmX|0i4ixs_qz3rfJKp3nH4fgs','Structural',$,#1292,#1407,(),(),.ATEND.,.ATEND.);
#4580=IFCRELCONNECTSPATHELEMENTS('1oYaro3OU3ChC4wCBJXwoA',#18,'0i4ixs_qz3rfJKp3nH4fmX|0i4ixs_qz3rfJKp3nH4fj5','Structural',$,#1292,#1357,(),(),.ATSTART.,.ATPATH.);
#4581=IFCRELCONNECTSPATHELEMENTS('3ZJ5jp4Wh1MFEaYTHPNBfc',#18,'0i4ixs_qz3rfJKp3nH4fgs|0i4ixs_qz3rfJKp3nH4fcI','Structural',$,#1407,#1457,(),(),.ATSTART.,.ATSTART.);
#4582=IFCRELCONNECTSPATHELEMENTS('0c_p8lMrPGohPy7uhNcO86',#18,'0i4ixs_qz3rfJKp3nH4fcI|0i4ixs_qz3rfJKp3nH4gi9','Structural',$,#1457,#3650,(),(),.ATSTART.,.ATEND.);
#4583=IFCRELCONNECTSPATHELEMENTS('1Fe59Qtgw2TE3ODQ_iJUIV',#18,'0i4ixs_qz3rfJKp3nH4fgs|0i4ixs_qz3rfJKp3nH4faa','Structural',$,#1407,#1515,(),(),.ATSTART.,.ATPATH.);
#4584=IFCRELCONNECTSPATHELEMENTS('1VBfsKF_LIUTHKIz7mBk8Z',#18,'0i4ixs_qz3rfJKp3nH4faa|0i4ixs_qz3rfJKp3nH4fXA','Structural',$,#1515,#1568,(),(),.ATSTART.,.ATEND.);
#4585=IFCRELCONNECTSPATHELEMENTS('3U0FiCdrfl52v5U8lPnnVF',#18,'0i4ixs_qz3rfJKp3nH4ftl|0i4ixs_qz3rfJKp3nH4fXA','Structural',$,#1042,#1568,(),(),.ATEND.,.ATPATH.);
#4586=IFCRELCONNECTSPATHELEMENTS('3NJ0SmEURf7YbLUNGj4cPm',#18,'0i4ixs_qz3rfJKp3nH4fr4|0i4ixs_qz3rfJKp3nH4gV8','Structural',$,#1092,#1622,(),(),.ATSTART.,.ATPATH.);
#4587=IFCRELCONNECTSPATHELEMENTS('2Zj3T4LiK4xLZtQlm4eEym',#18,'0i4ixs_qz3rfJKp3nH4fXA|0i4ixs_qz3rfJKp3nH4gV8','Structural',$,#1568,#1622,(),(),.ATEND.,.ATPATH.);
#4588=IFCRELCONNECTSPATHELEMENTS('1oUvrRxG01YWvp8Ir3ZSfe',#18,'0i4ixs_qz3rfJKp3nH4frq|0i4ixs_qz3rfJKp3nH4gi9','Structural',$,#1142,#3650,(),(),.ATEND.,.ATPATH.);
#4589=IFCPRESENTATIONLAYERASSIGNMENT('A-WALL-____-OTLN',$,(#58,#70,#158,#166,#208,#216,#258,#266,#401,#409,#451,#459,#501,#521,#581,#601,#643,#665,#774,#793,#835,#855,#921,#940,#982,#990,#1033,#1041,#1083,#1091,#1133,#1141,#1183,#1191,#1233,#1241,#1283,#1291,#1348,#1356,#1398,#1406,#1448,#1456,#1499,#1514,#1556,#1567,#1609,#1621,#3641,#3649),$);
#4590=IFCPRESENTATIONLAYERASSIGNMENT('A-DOOR-____-OTLN',$,(#280,#675,#1701,#1720,#1793,#1800,#3687,#3895,#3902,#3938,#3996,#4003),$);
#4591=IFCPRESENTATIONLAYERASSIGNMENT('A-NPLT-____-OTLN',$,(#863),$);
#4592=IFCPRESENTATIONLAYERASSIGNMENT('A-GLAZ-____-OTLN',$,(#1895,#1912,#2029,#2035,#2145,#2151,#2209,#4029,#4114,#4120,#4179),$);
#4593=IFCPRESENTATIONLAYERASSIGNMENT('A-GENM-____-OTLN',$,(#3580,#3590),$);
#4594=IFCPRESENTATIONLAYERASSIGNMENT('A-FLOR-____-OTLN',$,(#3740,#3824),$);
#4595=IFCCARTESIANPOINT((0.49999999999999756,0.56999999999999929));
#4596=IFCAXIS2PLACEMENT2D(#4595,#11);
#4597=IFCRECTANGLEPROFILEDEF(.AREA.,$,#4596,0.99999999999999489,1.1399999999999986);
#4598=IFCAXIS2PLACEMENT3D(#3,#8,#9);
#4599=IFCEXTRUDEDAREASOLID(#4597,#4598,#9,0.13);
#4600=IFCSHAPEREPRESENTATION(#26,'Body','SweptSolid',(#4599));
#4601=IFCPRODUCTDEFINITIONSHAPE($,$,(#4600));
#4602=IFCCARTESIANPOINT((1.9317997725601357,0.064999999999998212,1.));
#4603=IFCAXIS2PLACEMENT3D(#4602,$,$);
#4604=IFCLOCALPLACEMENT(#155,#4603);
#4605=IFCOPENINGELEMENT('218$XquTGmC3zheV1Riyr2',#18,'Fijo:1140x1000 2:160894:1',$,'Opening',#4604,#4601,'160894');
#4606=IFCRELVOIDSELEMENT('0i4ixs_qz3rfJKp2XH4hEr',#18,$,$,#167,#4605);
#4607=IFCQUANTITYLENGTH('Depth',$,$,0.13);
#4608=IFCQUANTITYLENGTH('Height',$,$,0.99999999999999489);
#4609=IFCQUANTITYLENGTH('Width',$,$,1.1399999999999986);
#4610=IFCELEMENTQUANTITY('3OjJJed1MCBhHGX2quDkr5',#18,'BaseQuantities',$,$,(#4607,#4608,#4609));
#4611=IFCRELDEFINESBYPROPERTIES('1DsDfwtfMba2174SmMJz7o',#18,$,$,(#4605),#4610);
#4612=IFCRELFILLSELEMENT('0FphqaMJR8BU0OtEidIIiI',#18,$,$,#4605,#4125);
#4613=IFCAXIS2PLACEMENT3D(#3,#9,#6);
#4614=IFCLOCALPLACEMENT(#4604,#4613);
#4615=IFCCARTESIANPOINT((0.49999999999999756,0.25249999999999972));
#4616=IFCAXIS2PLACEMENT2D(#4615,#11);
#4617=IFCRECTANGLEPROFILEDEF(.AREA.,$,#4616,0.99999999999999489,0.50499999999999945);
#4618=IFCAXIS2PLACEMENT3D(#3,#8,#9);
#4619=IFCEXTRUDEDAREASOLID(#4617,#4618,#9,0.13);
#4620=IFCSHAPEREPRESENTATION(#26,'Body','SweptSolid',(#4619));
#4621=IFCPRODUCTDEFINITIONSHAPE($,$,(#4620));
#4622=IFCCARTESIANPOINT((3.7327997725662128,0.064999999999999294,1.));
#4623=IFCAXIS2PLACEMENT3D(#4622,$,$);
#4624=IFCLOCALPLACEMENT(#155,#4623);
#4625=IFCOPENINGELEMENT('160NPIz2D_zxGcwLYBP4Vr',#18,'Fijo:550x1000:161073:1',$,'Opening',#4624,#4621,'161073');
#4626=IFCRELVOIDSELEMENT('0i4ixs_qz3rfJKp2XH4hBw',#18,$,$,#167,#4625);
#4627=IFCQUANTITYLENGTH('Depth',$,$,0.13);
#4628=IFCQUANTITYLENGTH('Height',$,$,0.99999999999999489);
#4629=IFCQUANTITYLENGTH('Width',$,$,0.50499999999999945);
#4630=IFCELEMENTQUANTITY('12CbZxujqpz2Aq916OUq4A',#18,'BaseQuantities',$,$,(#4627,#4628,#4629));
#4631=IFCRELDEFINESBYPROPERTIES('0C8QqIa8wb3YGmOkG_3jbl',#18,$,$,(#4625),#4630);
#4632=IFCRELFILLSELEMENT('2KQlYipc9Bp0sNelGdxNQb',#18,$,$,#4625,#4184);
#4633=IFCAXIS2PLACEMENT3D(#3,#9,#6);
#4634=IFCLOCALPLACEMENT(#4624,#4633);
#4635=IFCCARTESIANPOINT((0.99999999999999967,0.42499999999999993));
#4636=IFCAXIS2PLACEMENT2D(#4635,#14);
#4637=IFCRECTANGLEPROFILEDEF(.AREA.,$,#4636,0.84999999999999964,1.9999999999999993);
#4638=IFCAXIS2PLACEMENT3D(#3,#8,#9);
#4639=IFCEXTRUDEDAREASOLID(#4637,#4638,#9,0.13);
#4640=IFCSHAPEREPRESENTATION(#26,'Body','SweptSolid',(#4639));
#4641=IFCPRODUCTDEFINITIONSHAPE($,$,(#4640));
#4642=IFCCARTESIANPOINT((0.84399999999469155,0.065000000000002514,0.));
#4643=IFCAXIS2PLACEMENT3D(#4642,$,$);
#4644=IFCLOCALPLACEMENT(#398,#4643);
#4645=IFCOPENINGELEMENT('193CUj1v1mxDUN1m8IgUjN',#18,'Simple-A ras:85x200:160402:1',$,'Opening',#4644,#4641,'160402');
#4646=IFCRELVOIDSELEMENT('0i4ixs_qz3rfJKp2XH4hLP',#18,$,$,#410,#4645);
#4647=IFCQUANTITYLENGTH('Depth',$,$,0.13);
#4648=IFCQUANTITYLENGTH('Height',$,$,1.9999999999999993);
#4649=IFCQUANTITYLENGTH('Width',$,$,0.84999999999999976);
#4650=IFCELEMENTQUANTITY('14goiUEBwptlen0eITisx2',#18,'BaseQuantities',$,$,(#4647,#4648,#4649));
#4651=IFCRELDEFINESBYPROPERTIES('0M2m2cyE74WaH8PGdZ5LEz',#18,$,$,(#4645),#4650);
#4652=IFCRELFILLSELEMENT('1yDJ$9FmIU6SL86zkSvrsi',#18,$,$,#4645,#4008);
#4653=IFCAXIS2PLACEMENT3D(#3,#9,#6);
#4654=IFCLOCALPLACEMENT(#4644,#4653);
#4655=IFCCARTESIANPOINT((0.49999999999999756,0.74999999999999922));
#4656=IFCAXIS2PLACEMENT2D(#4655,#11);
#4657=IFCRECTANGLEPROFILEDEF(.AREA.,$,#4656,0.99999999999999489,1.4999999999999984);
#4658=IFCAXIS2PLACEMENT3D(#3,#7,#9);
#4659=IFCEXTRUDEDAREASOLID(#4657,#4658,#9,0.13);
#4660=IFCSHAPEREPRESENTATION(#26,'Body','SweptSolid',(#4659));
#4661=IFCPRODUCTDEFINITIONSHAPE($,$,(#4660));
#4662=IFCCARTESIANPOINT((0.78789977254943433,-0.064999999999997587,1.));
#4663=IFCAXIS2PLACEMENT3D(#4662,$,$);
#4664=IFCLOCALPLACEMENT(#448,#4663);
#4665=IFCOPENINGELEMENT('1fRT2GNK6CErJTknzXkzkH',#18,'Fijo:1500x1000:160720:1',$,'Opening',#4664,#4661,'160720');
#4666=IFCRELVOIDSELEMENT('0i4ixs_qz3rfJKp2XH4hGR',#18,$,$,#460,#4665);
#4667=IFCQUANTITYLENGTH('Depth',$,$,0.13);
#4668=IFCQUANTITYLENGTH('Height',$,$,0.99999999999999489);
#4669=IFCQUANTITYLENGTH('Width',$,$,1.4999999999999984);
#4670=IFCELEMENTQUANTITY('27u6MCXMXp1bGWZ2yTXBoC',#18,'BaseQuantities',$,$,(#4667,#4668,#4669));
#4671=IFCRELDEFINESBYPROPERTIES('2GNfK5wF791ILU0H871G9y',#18,$,$,(#4665),#4670);
#4672=IFCRELFILLSELEMENT('2qQdddlvOLmhpRr52_JhWG',#18,$,$,#4665,#4034);
#4673=IFCAXIS2PLACEMENT3D(#3,$,$);
#4674=IFCLOCALPLACEMENT(#4664,#4673);
#4675=IFCCARTESIANPOINT((0.99999999999999967,0.36999999999999977));
#4676=IFCAXIS2PLACEMENT2D(#4675,#13);
#4677=IFCRECTANGLEPROFILEDEF(.AREA.,$,#4676,0.73999999999999966,1.9999999999999993);
#4678=IFCAXIS2PLACEMENT3D(#3,#7,#9);
#4679=IFCEXTRUDEDAREASOLID(#4677,#4678,#9,0.083000000000000004);
#4680=IFCSHAPEREPRESENTATION(#26,'Body','SweptSolid',(#4679));
#4681=IFCPRODUCTDEFINITIONSHAPE($,$,(#4680));
#4682=IFCCARTESIANPOINT((0.088069099999742093,-0.041500000000000606,0.));
#4683=IFCAXIS2PLACEMENT3D(#4682,$,$);
#4684=IFCLOCALPLACEMENT(#640,#4683);
#4685=IFCOPENINGELEMENT('3yhqkLASB6DiStFs80VyuJ',#18,'Simple-A ras:0762 x 2032mm:160215:1',$,'Opening',#4684,#4681,'160215');
#4686=IFCRELVOIDSELEMENT('0i4ixs_qz3rfJKp2XH4hOS',#18,$,$,#666,#4685);
#4687=IFCQUANTITYLENGTH('Depth',$,$,0.083000000000000004);
#4688=IFCQUANTITYLENGTH('Height',$,$,1.9999999999999993);
#4689=IFCQUANTITYLENGTH('Width',$,$,0.73999999999999977);
#4690=IFCELEMENTQUANTITY('2d4B4S3GcXPyLrAYHx5WXY',#18,'BaseQuantities',$,$,(#4687,#4688,#4689));
#4691=IFCRELDEFINESBYPROPERTIES('2TsygLTQd3_vAg2XJbHcDA',#18,$,$,(#4685),#4690);
#4692=IFCRELFILLSELEMENT('12wEig5_hssvLxkClNYERm',#18,$,$,#4685,#3907);
#4693=IFCAXIS2PLACEMENT3D(#3,$,$);
#4694=IFCLOCALPLACEMENT(#4684,#4693);
#4695=IFCCARTESIANPOINT((0.99999999999999967,0.36999999999999988));
#4696=IFCAXIS2PLACEMENT2D(#4695,#13);
#4697=IFCRECTANGLEPROFILEDEF(.AREA.,$,#4696,0.73999999999999955,1.9999999999999993);
#4698=IFCAXIS2PLACEMENT3D(#3,#7,#9);
#4699=IFCEXTRUDEDAREASOLID(#4697,#4698,#9,0.083000000000000004);
#4700=IFCSHAPEREPRESENTATION(#26,'Body','SweptSolid',(#4699));
#4701=IFCPRODUCTDEFINITIONSHAPE($,$,(#4700));
#4702=IFCCARTESIANPOINT((1.0785434963432956,-0.041500000000001397,0.));
#4703=IFCAXIS2PLACEMENT3D(#4702,$,$);
#4704=IFCLOCALPLACEMENT(#918,#4703);
#4705=IFCOPENINGELEMENT('3lFwEBv1LOtoOXnqJg_9Q1',#18,'Simple-A ras:0762 x 2032mm:160318:1',$,'Opening',#4704,#4701,'160318');
#4706=IFCRELVOIDSELEMENT('0i4ixs_qz3rfJKp2XH4hNr',#18,$,$,#941,#4705);
#4707=IFCQUANTITYLENGTH('Depth',$,$,0.083000000000000004);
#4708=IFCQUANTITYLENGTH('Height',$,$,1.9999999999999993);
#4709=IFCQUANTITYLENGTH('Width',$,$,0.73999999999999966);
#4710=IFCELEMENTQUANTITY('2F4Phg4ff0S5cJsj22VJaj',#18,'BaseQuantities',$,$,(#4707,#4708,#4709));
#4711=IFCRELDEFINESBYPROPERTIES('2v9BZC4APR9VFzqyyCnPnu',#18,$,$,(#4705),#4710);
#4712=IFCRELFILLSELEMENT('3SXI5N4RkU3_ZlrSTpw0cq',#18,$,$,#4705,#3943);
#4713=IFCAXIS2PLACEMENT3D(#3,$,$);
#4714=IFCLOCALPLACEMENT(#4704,#4713);
#4715=IFCCARTESIANPOINT((0.49999999999999761,0.59999999999999953));
#4716=IFCAXIS2PLACEMENT2D(#4715,#11);
#4717=IFCRECTANGLEPROFILEDEF(.AREA.,$,#4716,0.99999999999999489,1.1999999999999991);
#4718=IFCAXIS2PLACEMENT3D(#3,#8,#9);
#4719=IFCEXTRUDEDAREASOLID(#4717,#4718,#9,0.13);
#4720=IFCSHAPEREPRESENTATION(#26,'Body','SweptSolid',(#4719));
#4721=IFCPRODUCTDEFINITIONSHAPE($,$,(#4720));
#4722=IFCCARTESIANPOINT((1.9679997725647611,0.064999999999998212,1.));
#4723=IFCAXIS2PLACEMENT3D(#4722,$,$);
#4724=IFCLOCALPLACEMENT(#1030,#4723);
#4725=IFCOPENINGELEMENT('2QfWxNaVyzqaF2$Ck6F5h9',#18,'Fijo:1200x1000:156191:1',$,'Opening',#4724,#4721,'156191');
#4726=IFCRELVOIDSELEMENT('0i4ixs_qz3rfJKp2XH4gNK',#18,$,$,#1042,#4725);
#4727=IFCQUANTITYLENGTH('Depth',$,$,0.13);
#4728=IFCQUANTITYLENGTH('Height',$,$,0.99999999999999489);
#4729=IFCQUANTITYLENGTH('Width',$,$,1.1999999999999991);
#4730=IFCELEMENTQUANTITY('0$CG6lTO0_FREBrVsplSZU',#18,'BaseQuantities',$,$,(#4727,#4728,#4729));
#4731=IFCRELDEFINESBYPROPERTIES('0hUhV0TKQ8C80LhoNQWPm$',#18,$,$,(#4725),#4730);
#4732=IFCRELFILLSELEMENT('3scC8rYNOmhEh0Kb9jrq2x',#18,$,$,#4725,#2040);
#4733=IFCAXIS2PLACEMENT3D(#3,#9,#6);
#4734=IFCLOCALPLACEMENT(#4724,#4733);
#4735=IFCCARTESIANPOINT((0.49999999999999761,0.25249999999999972));
#4736=IFCAXIS2PLACEMENT2D(#4735,#11);
#4737=IFCRECTANGLEPROFILEDEF(.AREA.,$,#4736,0.99999999999999489,0.50499999999999945);
#4738=IFCAXIS2PLACEMENT3D(#3,#8,#9);
#4739=IFCEXTRUDEDAREASOLID(#4737,#4738,#9,0.13);
#4740=IFCSHAPEREPRESENTATION(#26,'Body','SweptSolid',(#4739));
#4741=IFCPRODUCTDEFINITIONSHAPE($,$,(#4740));
#4742=IFCCARTESIANPOINT((3.3192997725664193,0.064999999999999294,1.));
#4743=IFCAXIS2PLACEMENT3D(#4742,$,$);
#4744=IFCLOCALPLACEMENT(#1030,#4743);
#4745=IFCOPENINGELEMENT('3$m_VADpxn5WsWmL$Za32p',#18,'Fijo:550x1000:156431:1',$,'Opening',#4744,#4741,'156431');
#4746=IFCRELVOIDSELEMENT('0i4ixs_qz3rfJKp2XH4gJ4',#18,$,$,#1042,#4745);
#4747=IFCQUANTITYLENGTH('Depth',$,$,0.13);
#4748=IFCQUANTITYLENGTH('Height',$,$,0.99999999999999489);
#4749=IFCQUANTITYLENGTH('Width',$,$,0.50499999999999945);
#4750=IFCELEMENTQUANTITY('2UPTPK4TrmTozDxRBJWgvj',#18,'BaseQuantities',$,$,(#4747,#4748,#4749));
#4751=IFCRELDEFINESBYPROPERTIES('2yk0Z0SAiXRqv8F4tKW1fB',#18,$,$,(#4745),#4750);
#4752=IFCRELFILLSELEMENT('2vOnkTU6pIk0Y8Kz6bTxen',#18,$,$,#4745,#2156);
#4753=IFCAXIS2PLACEMENT3D(#3,#9,#6);
#4754=IFCLOCALPLACEMENT(#4744,#4753);
#4755=IFCCARTESIANPOINT((0.49999999999999761,0.25249999999999972));
#4756=IFCAXIS2PLACEMENT2D(#4755,#11);
#4757=IFCRECTANGLEPROFILEDEF(.AREA.,$,#4756,0.99999999999999489,0.50499999999999945);
#4758=IFCAXIS2PLACEMENT3D(#3,#7,#9);
#4759=IFCEXTRUDEDAREASOLID(#4757,#4758,#9,0.13);
#4760=IFCSHAPEREPRESENTATION(#26,'Body','SweptSolid',(#4759));
#4761=IFCPRODUCTDEFINITIONSHAPE($,$,(#4760));
#4762=IFCCARTESIANPOINT((2.4813500000093498,-0.064999999999998212,1.));
#4763=IFCAXIS2PLACEMENT3D(#4762,$,$);
#4764=IFCLOCALPLACEMENT(#1080,#4763);
#4765=IFCOPENINGELEMENT('0LO6le41qS4MUrvirz5kUU',#18,'Fijo:550x1000:156561:1',$,'Opening',#4764,#4761,'156561');
#4766=IFCRELVOIDSELEMENT('0i4ixs_qz3rfJKp2XH4gHQ',#18,$,$,#1092,#4765);
#4767=IFCQUANTITYLENGTH('Depth',$,$,0.13);
#4768=IFCQUANTITYLENGTH('Height',$,$,0.50499999999999945);
#4769=IFCQUANTITYLENGTH('Width',$,$,0.99999999999999489);
#4770=IFCELEMENTQUANTITY('1FU$ftecUK5xXS3GAs2gJ2',#18,'BaseQuantities',$,$,(#4767,#4768,#4769));
#4771=IFCRELDEFINESBYPROPERTIES('2mmaWLTF0bQ75PBptvd8Nz',#18,$,$,(#4765),#4770);
#4772=IFCRELFILLSELEMENT('2dKm0oyuSx_JCDVgdcAaUH',#18,$,$,#4765,#2214);
#4773=IFCAXIS2PLACEMENT3D(#3,$,$);
#4774=IFCLOCALPLACEMENT(#4764,#4773);
#4775=IFCCARTESIANPOINT((0.49999999999999761,0.74999999999999922));
#4776=IFCAXIS2PLACEMENT2D(#4775,#11);
#4777=IFCRECTANGLEPROFILEDEF(.AREA.,$,#4776,0.99999999999999489,1.4999999999999984);
#4778=IFCAXIS2PLACEMENT3D(#3,#7,#9);
#4779=IFCEXTRUDEDAREASOLID(#4777,#4778,#9,0.13);
#4780=IFCSHAPEREPRESENTATION(#26,'Body','SweptSolid',(#4779));
#4781=IFCPRODUCTDEFINITIONSHAPE($,$,(#4780));
#4782=IFCCARTESIANPOINT((0.78789977254943433,-0.064999999999997587,1.));
#4783=IFCAXIS2PLACEMENT3D(#4782,$,$);
#4784=IFCLOCALPLACEMENT(#1230,#4783);
#4785=IFCOPENINGELEMENT('1GQ8K5JBYOph$IwuQxpx5x',#18,'Fijo:1500x1000:155979:1',$,'Opening',#4784,#4781,'155979');
#4786=IFCRELVOIDSELEMENT('0i4ixs_qz3rfJKp2XH4gQ0',#18,$,$,#1242,#4785);
#4787=IFCQUANTITYLENGTH('Depth',$,$,0.13);
#4788=IFCQUANTITYLENGTH('Height',$,$,0.99999999999999489);
#4789=IFCQUANTITYLENGTH('Width',$,$,1.4999999999999984);
#4790=IFCELEMENTQUANTITY('1S4qG_45mZj8wgXn8QNrC4',#18,'BaseQuantities',$,$,(#4787,#4788,#4789));
#4791=IFCRELDEFINESBYPROPERTIES('29SWMUK57HjGWbBvm6YLL4',#18,$,$,(#4785),#4790);
#4792=IFCRELFILLSELEMENT('1MzaLdYZTk$e8mJy2dEkTF',#18,$,$,#4785,#1917);
#4793=IFCAXIS2PLACEMENT3D(#3,$,$);
#4794=IFCLOCALPLACEMENT(#4784,#4793);
#4795=IFCCARTESIANPOINT((0.99999999999999989,0.36999999999999983));
#4796=IFCAXIS2PLACEMENT2D(#4795,#14);
#4797=IFCRECTANGLEPROFILEDEF(.AREA.,$,#4796,0.73999999999999944,1.9999999999999993);
#4798=IFCAXIS2PLACEMENT3D(#3,#8,#9);
#4799=IFCEXTRUDEDAREASOLID(#4797,#4798,#9,0.059999999999999998);
#4800=IFCSHAPEREPRESENTATION(#26,'Body','SweptSolid',(#4799));
#4801=IFCPRODUCTDEFINITIONSHAPE($,$,(#4800));
#4802=IFCCARTESIANPOINT((0.8728802328228743,0.030000000000989062,0.));
#4803=IFCAXIS2PLACEMENT3D(#4802,$,$);
#4804=IFCLOCALPLACEMENT(#1445,#4803);
#4805=IFCOPENINGELEMENT('2VxvzhFki8IOtpVgbxdPGS',#18,'Simple-A ras:0762 x 2032mm:158940:1',$,'Opening',#4804,#4801,'158940');
#4806=IFCRELVOIDSELEMENT('0i4ixs_qz3rfJKp2XH4giN',#18,$,$,#1457,#4805);
#4807=IFCQUANTITYLENGTH('Depth',$,$,0.059999999999999998);
#4808=IFCQUANTITYLENGTH('Height',$,$,1.9999999999999996);
#4809=IFCQUANTITYLENGTH('Width',$,$,0.73999999999999966);
#4810=IFCELEMENTQUANTITY('2gkmgtMiu6U5jzmFUm1Fw_',#18,'BaseQuantities',$,$,(#4807,#4808,#4809));
#4811=IFCRELDEFINESBYPROPERTIES('3Zj2krF7ml259NIMpsYCoO',#18,$,$,(#4805),#4810);
#4812=IFCRELFILLSELEMENT('3JFqtsA_PSTTHWjMEWyzni',#18,$,$,#4805,#3692);
#4813=IFCAXIS2PLACEMENT3D(#3,#9,#6);
#4814=IFCLOCALPLACEMENT(#4804,#4813);
#4815=IFCCARTESIANPOINT((0.99999999999999989,0.37000000000000055));
#4816=IFCAXIS2PLACEMENT2D(#4815,#14);
#4817=IFCRECTANGLEPROFILEDEF(.AREA.,$,#4816,0.73999999999999999,1.9999999999999993);
#4818=IFCAXIS2PLACEMENT3D(#3,#7,#9);
#4819=IFCEXTRUDEDAREASOLID(#4817,#4818,#9,0.05999999999999997);
#4820=IFCSHAPEREPRESENTATION(#26,'Body','SweptSolid',(#4819));
#4821=IFCPRODUCTDEFINITIONSHAPE($,$,(#4820));
#4822=IFCCARTESIANPOINT((0.19658524794808382,-0.030000000000002174,0.));
#4823=IFCAXIS2PLACEMENT3D(#4822,$,$);
#4824=IFCLOCALPLACEMENT(#1496,#4823);
#4825=IFCOPENINGELEMENT('1zNdDZF21mIysp2TWcGwGX',#18,'Simple-A ras:0762 x 2032mm:155721:1',$,'Opening',#4824,#4821,'155721');
#4826=IFCRELVOIDSELEMENT('0i4ixs_qz3rfJKp2XH4gU2',#18,$,$,#1515,#4825);
#4827=IFCQUANTITYLENGTH('Depth',$,$,0.059999999999999998);
#4828=IFCQUANTITYLENGTH('Height',$,$,1.9999999999999996);
#4829=IFCQUANTITYLENGTH('Width',$,$,0.74000000000000021);
#4830=IFCELEMENTQUANTITY('2PGEc8z87HfsH1XCm__e8x',#18,'BaseQuantities',$,$,(#4827,#4828,#4829));
#4831=IFCRELDEFINESBYPROPERTIES('2mrUTO38MI0zOdO0aBugKd',#18,$,$,(#4825),#4830);
#4832=IFCRELFILLSELEMENT('3_zi3EbBfcJjI3z4nM9f5m',#18,$,$,#4825,#1726);
#4833=IFCAXIS2PLACEMENT3D(#3,$,$);
#4834=IFCLOCALPLACEMENT(#4824,#4833);
#4835=IFCCARTESIANPOINT((0.99999999999999989,0.37));
#4836=IFCAXIS2PLACEMENT2D(#4835,#14);
#4837=IFCRECTANGLEPROFILEDEF(.AREA.,$,#4836,0.73999999999999955,1.9999999999999993);
#4838=IFCAXIS2PLACEMENT3D(#3,#8,#9);
#4839=IFCEXTRUDEDAREASOLID(#4837,#4838,#9,0.083000000000000004);
#4840=IFCSHAPEREPRESENTATION(#26,'Body','SweptSolid',(#4839));
#4841=IFCPRODUCTDEFINITIONSHAPE($,$,(#4840));
#4842=IFCCARTESIANPOINT((1.1960002274522596,0.041500000000001702,0.));
#4843=IFCAXIS2PLACEMENT3D(#4842,$,$);
#4844=IFCLOCALPLACEMENT(#1606,#4843);
#4845=IFCOPENINGELEMENT('18xWnPms6zaEG7qmp7oQ6y',#18,'Simple-A ras:0762 x 2032mm:155731:1',$,'Opening',#4844,#4841,'155731');
#4846=IFCRELVOIDSELEMENT('0i4ixs_qz3rfJKp2XH4gUO',#18,$,$,#1622,#4845);
#4847=IFCQUANTITYLENGTH('Depth',$,$,0.083000000000000004);
#4848=IFCQUANTITYLENGTH('Height',$,$,1.9999999999999996);
#4849=IFCQUANTITYLENGTH('Width',$,$,0.73999999999999966);
#4850=IFCELEMENTQUANTITY('2iMCENwc4XK6vX8i$jyFUg',#18,'BaseQuantities',$,$,(#4847,#4848,#4849));
#4851=IFCRELDEFINESBYPROPERTIES('3EpBfMCAepp_dspab060Pu',#18,$,$,(#4845),#4850);
#4852=IFCRELFILLSELEMENT('1xUFw1sqNfR$evweVJHgsy',#18,$,$,#4845,#1805);
#4853=IFCAXIS2PLACEMENT3D(#3,#9,#6);
#4854=IFCLOCALPLACEMENT(#4844,#4853);
#4855=IFCUNITASSIGNMENT((#19,#20,#21,#279,#375,#382,#3793));
ENDSEC;

END-ISO-10303-21;